X,PIN,Transect,Code,Sex,X_Longit,Y_Latit,Year,mtBamH,YNPAR,X332,X347,X65,Tsx,Btk,Syap1,Es1,Gpd1,Idh1,Mpi,Np,Sod1,Es1C,Gpd1C,Idh1C,MpiC,NpC,Sod1C,HI_NLoci,HI
392,AA_0439,HZ_BR,AHR19,M,14.0756,52.1736,2017,d,m,m,m,m,,d,m,100,95,125,100/120,90/100,100,mm,mm,mm,dm,dm,dd,HI 13,0.684210526
3710,SK3105,HZ_BR,ALBER4,F,13.4542,53.1478,2015,m,,mm,mm,mm,dd,mm,mm,100,95,125,120,90/100,80,mm,mm,mm,mm,dm,mm,HI 13,0.88
250,AA_0296,HZ_BR,ALTG26,M,14.0953,52.7383,2017,d,m,m,m,m,m,m,m,100,95,125,120,70/90,80,mm,mm,mm,mm,mm,mm,HI 14,0.95
253,AA_0299,HZ_BR,ALTG26,M,14.0953,52.7383,2017,d,m,m,m,,m,m,m,100,95,125,120,70/100,80,mm,mm,mm,mm,dm,mm,HI 13,0.894736842
252,AA_0298,HZ_BR,ALTG26,F,14.0953,52.7383,2017,m,,mm,mm,mm,mm,mm,mm,100,95,100,120,100,100,mm,mm,dd,mm,dd,dd,HI 13,0.76
255,AA_0301,HZ_BR,ALTG26,F,14.0953,52.7383,2017,m,,mm,mm,mm,dm,mm,,94,95,125,120,100,80,dd,mm,mm,mm,dd,mm,HI 12,0.782608696
266,AA_0310,HZ_BR,ALTG26,F,14.0953,52.7383,2017,m,,mm,mm,mm,dm,dm,mm,100,95,125,100,70,80/100,mm,mm,mm,dd,mm,dm,HI 13,0.8
267,AA_0311,HZ_BR,ALTG26,F,14.0953,52.7383,2017,m,,mm,mm,mm,dd,mm,mm,100,95,125,120,70/100,80,mm,mm,mm,mm,dm,mm,HI 13,0.88
268,AA_0312,HZ_BR,ALTG26,F,14.0953,52.7383,2017,m,,mm,mm,mm,mm,mm,mm,100,95,125,120,70/100,80,mm,mm,mm,mm,dm,mm,HI 13,0.96
3559,SK2930,HZ_BR,ALTHU7,M,13.8089,52.9625,2014,m,m,m,m,m,m,m,m,100,95,125,120,90,80,mm,mm,mm,mm,mm,mm,HI 14,1
3560,SK2931,HZ_BR,ALTHU7,M,13.8089,52.9625,2014,m,m,m,m,m,d,m,m,100,95,125,120,90,80,mm,mm,mm,mm,mm,mm,HI 14,0.95
3563,SK2934,HZ_BR,ALTHU7,M,13.8089,52.9625,2014,m,m,m,m,m,d,m,m,100,95,125,120,70/90,80,mm,mm,mm,mm,mm,mm,HI 14,0.95
3533,SK2900,HZ_BR,ALTHU7,F,13.8089,52.9625,2014,m,,mm,mm,mm,mm,mm,mm,100,95,125,120,90,80,mm,mm,mm,mm,mm,mm,HI 13,1
3562,SK2933,HZ_BR,ALTHU7,F,13.8089,52.9625,2014,m,,mm,mm,mm,mm,mm,mm,100,95,125,120,70/90,80,mm,mm,mm,mm,mm,mm,HI 13,1
82,AA_0128,HZ_BR,ALTLU,M,13.1869,53.0386,2016,d,d,d,,d,d,d,d,94,100,100,100,100,100,dd,dd,dd,dd,dd,dd,HI 13,0
3700,SK3095,HZ_BR,ALTM29,M,14.1625,52.7508,2015,d,m,m,m,m,m,d,m,100,95,125,120,90/100,80,mm,mm,mm,mm,dm,mm,HI 14,0.85
3701,SK3096,HZ_BR,ALTR39,M,14.0817,52.7667,2015,d,m,m,m,m,m,m,m,100,95,125,120,70/90,100,mm,mm,mm,mm,mm,dd,HI 14,0.85
3953,SK3358,HZ_BR,ALTR39,M,14.0817,52.7667,2015,m,,m,m,m,m,m,m,100,95,125,120,70,80,mm,mm,mm,mm,mm,mm,HI 13,1
293,AA_0337,HZ_BR,ALTR39,F,14.0817,52.7667,2017,m,,mm,mm,mm,dd,mm,mm,,95,125,120,70,80,,mm,mm,mm,mm,mm,HI 12,0.913043478
150,AA_0196,HZ_BR,ALTTH23,M,13.1633,53.2397,2016,d,m,m,m,m,d,m,m,100,95,125,120,90,80,mm,mm,mm,mm,mm,mm,HI 14,0.9
154,AA_0200,HZ_BR,ALTTH23,M,13.1633,53.2397,2016,d,m,m,m,m,d,m,m,100,95,125,120,90/100,80,mm,mm,mm,mm,dm,mm,HI 14,0.85
156,AA_0202,HZ_BR,ALTTH23,M,13.1633,53.2397,2016,d,m,m,m,m,m,m,m,100,95,125,120,70/90,80,mm,mm,mm,mm,mm,mm,HI 14,0.95
158,AA_0204,HZ_BR,ALTTH23,M,13.1633,53.2397,2016,d,m,m,m,m,d,m,m,100,95,125,120,90,80,mm,mm,mm,mm,mm,mm,HI 14,0.9
160,AA_0206,HZ_BR,ALTTH23,M,13.1633,53.2397,2016,d,m,m,m,m,d,m,m,100,95,125,120,90/100,80,mm,mm,mm,mm,dm,mm,HI 14,0.85
153,AA_0199,HZ_BR,ALTTH23,F,13.1633,53.2397,2016,d,,mm,mm,mm,dd,dm,mm,100,95,125,120,90,80,mm,mm,mm,mm,mm,mm,HI 13,0.84
155,AA_0201,HZ_BR,ALTTH23,F,13.1633,53.2397,2016,d,,mm,mm,mm,mm,mm,mm,100,95,125,120,90,80,mm,mm,mm,mm,mm,mm,HI 13,0.96
3802,SK3193,HZ_BR,ALTTH26,F,13.1647,53.24,2015,d,,mm,mm,mm,dd,dm,dm,100,95,125,120,70,100,mm,mm,mm,mm,mm,dd,HI 13,0.72
152,AA_0198,HZ_BR,AMRO1,M,13.4497,53.0947,2016,,m,m,m,m,m,m,m,100,95,125,120,100,100,mm,mm,mm,mm,dd,dd,HI 13,0.789473684
31,AA_0077,HZ_BR,AMTO4,F,13.5883,52.2156,2016,d,,dd,dd,dd,dd,dd,dd,94,100,100,100,100,100,dd,dd,dd,dd,dd,dd,HI 13,0
32,AA_0078,HZ_BR,AMTO4,F,13.5883,52.2156,2016,d,,dd,dd,dd,dd,dd,dd,94,100,100,100,100,100,dd,dd,dd,dd,dd,dd,HI 13,0
3696,SK3091,HZ_BR,BADFR45,M,14.066,52.773,2015,d,m,m,m,m,m,m,m,,95,125,120,90,80,,mm,mm,mm,mm,mm,HI 13,0.944444444
3952,SK3357,HZ_BR,BADFR45,M,14.066,52.773,2015,d,,m,m,m,m,m,m,100,95,125,120,100,100,mm,mm,mm,mm,dd,dd,HI 13,0.736842105
4680,SK884,HZ_BR,BEBE,M,11.9878,52.8197,2010,d,d,d,d,d,d,d,d,,,,,,,,,,,,,HI 8,0
4681,SK885,HZ_BR,BEBE,F,11.9878,52.8197,2010,d,,dd,dd,dd,,dd,dd,94,100,,100,100,100,dd,dd,,dd,dd,dd,HI 11,0
4682,SK886,HZ_BR,BEBE,F,11.9878,52.8197,2010,d,,dd,dd,dd,dd,dd,dd,94,100,100,100,100,100,dd,dd,dd,dd,dd,dd,HI 13,0
4683,SK887,HZ_BR,BEBE,F,11.9878,52.8197,2010,d,,dd,dd,dd,dd,dd,dd,94,100,100,100,100,100,dd,dd,dd,dd,dd,dd,HI 13,0
4684,SK888,HZ_BR,BEBE,F,11.9878,52.8197,2010,d,,dd,dd,dd,dd,dd,dd,94,100,100,100,100,100,dd,dd,dd,dd,dd,dd,HI 13,0
93,AA_0139,HZ_BR,BEER10,M,14.0403,52.4317,2016,d,m,m,d,m,d,m,m,100,95,125,120,70,80,mm,mm,mm,mm,mm,mm,HI 14,0.85
3470,SK2836,HZ_BR,BEETZD,M,13.0161,52.8136,2014,d,d,d,d,d,d,d,d,94,100,100,100,100,100,dd,dd,dd,dd,dd,dd,HI 14,0
3471,SK2837,HZ_BR,BEETZD,F,13.0161,52.8136,2014,d,,dd,dd,dd,dd,dd,dd,94,100,100,100,100,100,dd,dd,dd,dd,dd,dd,HI 13,0
3472,SK2838,HZ_BR,BEETZD,F,13.0161,52.8136,2014,d,,dd,dd,dd,dd,dd,dd,94,100,100,100,100,100,dd,dd,dd,dd,dd,dd,HI 13,0
3806,SK3197,HZ_BR,BEETZL,M,13.0208,52.8186,2015,d,d,d,d,d,d,d,d,94,100,100,100,100,100,dd,dd,dd,dd,dd,dd,HI 14,0
4452,SK4058,HZ_BR,BEETZL,M,13.0208,52.8186,2017,,d,,d,d,,d,,94,100,100,100,90,80,dd,dd,dd,dd,mm,mm,HI 10,0.25
3805,SK3196,HZ_BR,BEETZL,F,13.0208,52.8186,2015,d,,dd,dd,dd,dd,dd,dd,94,100,100,100,100,100,dd,dd,dd,dd,dd,dd,HI 13,0
3807,SK3198,HZ_BR,BEETZL,F,13.0208,52.8186,2015,d,,dd,dd,dd,dd,dd,dd,94,100,100,100,100,100,dd,dd,dd,dd,dd,dd,HI 13,0
4453,SK4059,HZ_BR,BEETZL,F,13.0208,52.8186,2017,,,,dd,dd,,dd,,94,100,100,100,90,100,dd,dd,dd,dd,mm,dd,HI 9,0.111111111
4454,SK4060,HZ_BR,BEETZL,F,13.0208,52.8186,2017,,,,dd,dd,,,,94,100,100,100,90,80,dd,dd,dd,dd,mm,mm,HI 8,0.25
319,AA_0363,HZ_BR,BERGH2,M,13.8975,52.2761,2017,d,m,m,d,d,d,d,d,94,95/100,100,100/120,100,100,dd,dm,dd,dm,dd,dd,HI 14,0.2
334,AA_0378,HZ_BR,BERGH2,M,13.8975,52.2761,2017,d,,m,d,,d,d,d,94,100,100,100,100,80/100,dd,dd,dd,dd,dd,dm,HI 12,0.111111111
335,AA_0379,HZ_BR,BERGH2,M,13.8975,52.2761,2017,d,m,m,d,m,d,d,d,94,100,100,100/120,100,80,dd,dd,dd,dm,dd,mm,HI 14,0.3
337,AA_0381,HZ_BR,BERGH2,M,13.8975,52.2761,2017,d,m,m,d,m,d,d,d,94,95/100,100,100/120,90,100,dd,dm,dd,dm,mm,dd,HI 14,0.35
339,AA_0383,HZ_BR,BERGH2,M,13.8975,52.2761,2017,d,m,m,d,,d,d,d,100,95,100,100,100,80,mm,mm,dd,dd,dd,mm,HI 13,0.421052632
341,AA_0385,HZ_BR,BERGH2,M,13.8975,52.2761,2017,d,m,m,d,d,d,d,d,100,95/100,100,100,100,80,mm,dm,dd,dd,dd,mm,HI 14,0.35
342,AA_0386,HZ_BR,BERGH2,M,13.8975,52.2761,2017,d,m,m,d,m,d,d,d,100,95/100,100,100,100,80,mm,dm,dd,dd,dd,mm,HI 14,0.4
346,AA_0390,HZ_BR,BERGH2,M,13.8975,52.2761,2017,d,m,m,d,d,d,d,d,94,95/100,100,100,100,80,dd,dm,dd,dd,dd,mm,HI 14,0.25
320,AA_0364,HZ_BR,BERGH2,F,13.8975,52.2761,2017,d,m,dd,dd,dd,dm,dd,dd,94,95/100,100/125,100,100,80,dd,dm,dm,dd,dd,mm,HI 14,0.230769231
329,AA_0373,HZ_BR,BERGH2,F,13.8975,52.2761,2017,d,,mm,dd,dd,dd,dd,dd,94,95,100,100/120,100,100,dd,mm,dd,dm,dd,dd,HI 13,0.2
333,AA_0377,HZ_BR,BERGH2,F,13.8975,52.2761,2017,d,,mm,dd,dd,dm,dd,dd,94,95/100,100,100,90,80/100,dd,dm,dd,dd,mm,dm,HI 13,0.28
338,AA_0382,HZ_BR,BERGH2,F,13.8975,52.2761,2017,d,,mm,dd,mm,dd,dd,dd,100,95/100,100/125,100,90/100,80,mm,dm,dm,dd,dm,mm,HI 13,0.44
340,AA_0384,HZ_BR,BERGH2,F,13.8975,52.2761,2017,d,,mm,dd,dd,dd,dd,dd,100,95,100,100,100,100,mm,mm,dd,dd,dd,dd,HI 13,0.24
343,AA_0387,HZ_BR,BERGH2,F,13.8975,52.2761,2017,d,,mm,dd,mm,dd,dd,dd,94,95,100,100,100,80,dd,mm,dd,dd,dd,mm,HI 13,0.32
368,AA_0414,HZ_BR,BERGH2,F,13.8975,52.2761,2017,d,,mm,dd,dd,dd,dd,dd,94,95,100,100/120,100,80,dd,mm,dd,dm,dd,mm,HI 13,0.28
3808,SK3199,HZ_BR,BESTE6,M,13.6025,52.2225,2015,d,d,d,d,d,d,d,d,94,100,100,100,100,100,dd,dd,dd,dd,dd,dd,HI 14,0
3809,SK3200,HZ_BR,BESTE6,M,13.6025,52.2225,2015,d,d,d,d,d,d,d,d,94,100,100,100,100,100,dd,dd,dd,dd,dd,dd,HI 14,0
3813,SK3204,HZ_BR,BESTE6,M,13.6025,52.2225,2015,d,d,d,d,d,d,d,d,94,100,100,100,100,100,dd,dd,dd,dd,dd,dd,HI 14,0
199,AA_0245,HZ_BR,BESTE6,M,13.6025,52.2225,2017,d,d,d,d,d,d,d,d,94,100,100,100,90,100,dd,dd,dd,dd,mm,dd,HI 14,0.1
201,AA_0247,HZ_BR,BESTE6,M,13.6025,52.2225,2017,d,,d,d,d,d,d,d,94,100,100,100,100,100,dd,dd,dd,dd,dd,dd,HI 13,0
203,AA_0249,HZ_BR,BESTE6,M,13.6025,52.2225,2017,d,d,d,d,d,d,d,d,94,100,100,100,100,100,dd,dd,dd,dd,dd,dd,HI 14,0
204,AA_0250,HZ_BR,BESTE6,M,13.6025,52.2225,2017,d,d,d,d,d,d,d,d,94,100,100,100,100,100,dd,dd,dd,dd,dd,dd,HI 14,0
206,AA_0252,HZ_BR,BESTE6,M,13.6025,52.2225,2017,d,d,d,m,d,d,d,d,94,100,100,100,100,100,dd,dd,dd,dd,dd,dd,HI 14,0.05
211,AA_0257,HZ_BR,BESTE6,M,13.6025,52.2225,2017,d,d,d,d,d,d,d,d,94,100,100,100,100,100,dd,dd,dd,dd,dd,dd,HI 14,0
3810,SK3201,HZ_BR,BESTE6,F,13.6025,52.2225,2015,d,,dd,dd,dd,dd,dd,dd,100,100,100,100,100,100,mm,dd,dd,dd,dd,dd,HI 13,0.08
3811,SK3202,HZ_BR,BESTE6,F,13.6025,52.2225,2015,d,,dd,dd,dd,dd,dd,dd,94,100,100,100,100,100,dd,dd,dd,dd,dd,dd,HI 13,0
3812,SK3203,HZ_BR,BESTE6,F,13.6025,52.2225,2015,d,,dd,dd,dd,dd,dd,dd,94,100,100,100,100,100,dd,dd,dd,dd,dd,dd,HI 13,0
3814,SK3205,HZ_BR,BESTE6,F,13.6025,52.2225,2015,d,,dd,dd,dd,dd,dd,dd,94,100,100,100,100,100,dd,dd,dd,dd,dd,dd,HI 13,0
3815,SK3206,HZ_BR,BESTE6,F,13.6025,52.2225,2015,d,,dd,dd,dd,dd,dd,dd,94,100,100,100,100,100,dd,dd,dd,dd,dd,dd,HI 13,0
3973,SK3378,HZ_BR,BESTE6,F,13.6025,52.2225,2015,d,,dd,dd,dd,dd,dd,dd,94,100,100,100,100,100,dd,dd,dd,dd,dd,dd,HI 13,0
3974,SK3379,HZ_BR,BESTE6,F,13.6025,52.2225,2015,d,,dd,dd,dd,dd,dd,dd,100,100,100/125,100,100,100,mm,dd,dm,dd,dd,dd,HI 13,0.12
200,AA_0246,HZ_BR,BESTE6,F,13.6025,52.2225,2017,d,,mm,mm,dd,dd,dd,dd,94,100,100,100,100,100,dd,dd,dd,dd,dd,dd,HI 13,0.16
202,AA_0248,HZ_BR,BESTE6,F,13.6025,52.2225,2017,d,,dd,dd,dd,dd,dd,dd,94,100,100,100,100,100,dd,dd,dd,dd,dd,dd,HI 13,0
205,AA_0251,HZ_BR,BESTE6,F,13.6025,52.2225,2017,d,,dd,dd,dd,dd,dd,dd,94,100,100,100,100,100,dd,dd,dd,dd,dd,dd,HI 13,0
207,AA_0253,HZ_BR,BESTE6,F,13.6025,52.2225,2017,,,,dd,dd,,mm,dd,94,100,100,100,100,100,dd,dd,dd,dd,dd,dd,HI 10,0.1
210,AA_0256,HZ_BR,BESTE6,F,13.6025,52.2225,2017,d,,dd,dd,mm,dd,dd,mm,94,100,100,100,100,100,dd,dd,dd,dd,dd,dd,HI 13,0.16
213,AA_0259,HZ_BR,BESTE6,F,13.6025,52.2225,2017,,,dd,dd,dd,dd,dd,mm,94,100,100,100,100,100,dd,dd,dd,dd,dd,dd,HI 12,0.083333333
214,AA_0260,HZ_BR,BESTE6,F,13.6025,52.2225,2017,,,dd,dd,dd,,dd,,94,100,100,100,100,100,dd,dd,dd,dd,dd,dd,HI 10,0
4630,SK820,HZ_BR,BIAL,M,14.8547,53.6103,2010,m,m,m,m,m,,m,m,,,,,,,,,,,,,HI 7,1
4631,SK821,HZ_BR,BIAL,F,14.8547,53.6103,2010,d,,mm,mm,mm,,mm,mm,,95,125,120,70,80,,mm,mm,mm,mm,mm,HI 11,0.952380952
4659,SK850,HZ_BR,BLIND,M,13.8875,53.3511,2010,d,m,m,m,m,m,m,m,,,,,,,,,,,,,HI 8,0.875
4660,SK851,HZ_BR,BLIND,F,13.8875,53.3511,2010,m,,mm,mm,mm,,mm,mm,,,,,,,,,,,,,HI 6,1
133,AA_0179,HZ_BR,BOCK31,M,13.7542,53.1314,2016,d,m,m,m,m,d,m,m,100,95,125,120,90,80,mm,mm,mm,mm,mm,mm,HI 14,0.9
132,AA_0178,HZ_BR,BOCK31,F,13.7542,53.1314,2016,d,,mm,mm,mm,dd,mm,mm,100,95,125,120,90/100,80,mm,mm,mm,mm,dm,mm,HI 13,0.84
3551,SK2922,HZ_BR,BOCK34,M,13.755,53.1333,2014,d,m,m,m,m,d,m,m,100,95,125,120,70/90,80/100,mm,mm,mm,mm,mm,dm,HI 14,0.85
285,AA_0329,HZ_BR,BRIES23,M,14.0189,51.9661,2017,m,m,m,m,m,m,m,m,100,95,125,120,70,80,mm,mm,mm,mm,mm,mm,HI 14,1
299,AA_0343,HZ_BR,BRIES23,F,14.0189,51.9661,2017,m,,mm,dd,mm,mm,mm,mm,100,95/100,100/125,120,100,80,mm,dm,dm,mm,dd,mm,HI 13,0.76
3792,SK3183,HZ_BR,BRITZ2,M,13.8119,52.8875,2015,d,m,m,m,m,d,m,m,100,95,125,100/120,90/100,100,mm,mm,mm,dm,dm,dd,HI 14,0.7
3794,SK3185,HZ_BR,BRITZ2,M,13.8119,52.8875,2015,d,m,m,m,m,d,m,m,94/100,95,125,120,90/100,80/100,dm,mm,mm,mm,dm,dm,HI 14,0.75
197,AA_0243,HZ_BR,BRITZ2,M,13.8119,52.8875,2017,d,m,m,m,m,d,m,m,100,95,125,120,90/100,80,mm,mm,mm,mm,dm,mm,HI 14,0.85
3451,SK2817,HZ_BR,BRUNN3,M,12.5269,52.9086,2014,d,d,d,d,d,d,d,d,94,100,100,100,100,100,dd,dd,dd,dd,dd,dd,HI 14,0
3452,SK2818,HZ_BR,BRUNN3,M,12.5269,52.9086,2014,d,d,d,d,d,d,d,d,94,100,100/125,100,100,100,dd,dd,dm,dd,dd,dd,HI 14,0.05
3453,SK2819,HZ_BR,BRUNN3,F,12.5269,52.9086,2014,d,,dd,dd,dd,dd,dd,dd,94,100,100,100,100,100,dd,dd,dd,dd,dd,dd,HI 13,0
3524,SK2890,HZ_BR,BRUNN3,F,12.5269,52.9086,2014,d,,dd,dd,dd,dd,dd,dd,94,100,100,100,100,100,dd,dd,dd,dd,dd,dd,HI 13,0
3821,SK3212,HZ_BR,BUCHH29,M,13.7881,52.5844,2015,d,d,d,d,d,d,d,d,94,100,100,100,100,100,dd,dd,dd,dd,dd,dd,HI 14,0
194,AA_0240,HZ_BR,BUCHH29,F,13.7881,52.5844,2017,d,,mm,dm,dm,dm,dm,dd,94,100,100,100,100,100,dd,dd,dd,dd,dd,dd,HI 13,0.24
193,AA_0239,HZ_BR,BUCHH4,M,13.7897,52.5861,2017,d,,d,d,d,d,d,d,94,95/100,125,100/120,100,100,dd,dm,mm,dm,dd,dd,HI 13,0.210526316
192,AA_0238,HZ_BR,BUCHH4,F,13.7897,52.5861,2017,d,,dd,dd,dd,dd,dd,dd,94,100,125,100/120,100,100,dd,dd,mm,dm,dd,dd,HI 13,0.12
248,AA_0294,HZ_BR,CROU17,M,14.1161,52.7914,2017,d,m,m,m,m,m,m,m,94,100,100/125,120,70,80,dd,dd,dm,mm,mm,mm,HI 14,0.7
249,AA_0295,HZ_BR,CROU17,M,14.1161,52.7914,2017,d,m,m,m,m,m,d,m,100,95,125,120,70,80,mm,mm,mm,mm,mm,mm,HI 14,0.9
272,AA_0316,HZ_BR,CROU17,M,14.1161,52.7914,2017,,m,m,m,m,m,m,m,94,100,100/125,120,70,100,dd,dd,dm,mm,mm,dd,HI 13,0.631578947
3697,SK3092,HZ_BR,CROU17,F,14.1161,52.7914,2015,d,,mm,mm,mm,dm,mm,mm,94,95,125/155,120,90,100,dd,mm,mm,mm,mm,dd,HI 13,0.76
3951,SK3356,HZ_BR,CROU17,F,14.1161,52.7914,2015,d,,mm,mm,mm,mm,mm,mm,94/100,100,125,120,90,80,dm,dd,mm,mm,mm,mm,HI 13,0.84
251,AA_0297,HZ_BR,CROU17,F,14.1161,52.7914,2017,d,,mm,mm,mm,dm,mm,mm,100,100,100/125,120,90,80,mm,dd,dm,mm,mm,mm,HI 13,0.8
254,AA_0300,HZ_BR,CROU17,F,14.1161,52.7914,2017,d,,mm,mm,mm,mm,dm,mm,100,95,125,120,70/100,80,mm,mm,mm,mm,dm,mm,HI 13,0.88
274,AA_0318,HZ_BR,CROU17,F,14.1161,52.7914,2017,d,,mm,mm,mm,dm,mm,mm,100,100,125,120,,80,mm,dd,mm,mm,,mm,HI 12,0.826086957
3461,SK2827,HZ_BR,DANE22,M,13.6664,52.7339,2014,d,d,d,m,d,d,d,d,94,100,125,100,110,100,dd,dd,mm,dd,dd,dd,HI 14,0.15
3464,SK2830,HZ_BR,DANE22,M,13.6664,52.7339,2014,d,d,d,m,d,d,d,d,94,100,100,100,100,100,dd,dd,dd,dd,dd,dd,HI 14,0.05
3465,SK2831,HZ_BR,DANE22,M,13.6664,52.7339,2014,d,d,d,d,d,d,d,d,94,100,100,100,100,100,dd,dd,dd,dd,dd,dd,HI 14,0
3478,SK2844,HZ_BR,DANE22,M,13.6664,52.7339,2014,d,d,d,m,d,d,d,d,94,100,100,100,100,100,dd,dd,dd,dd,dd,dd,HI 14,0.05
3481,SK2847,HZ_BR,DANE22,M,13.6664,52.7339,2014,d,d,d,d,d,d,d,d,94,100,100,100,90,100,dd,dd,dd,dd,mm,dd,HI 14,0.1
3482,SK2848,HZ_BR,DANE22,M,13.6664,52.7339,2014,d,d,d,m,d,d,d,d,94,100,100,100,100,100,dd,dd,dd,dd,dd,dd,HI 14,0.05
3526,SK2893,HZ_BR,DANE22,M,13.6664,52.7339,2014,d,,d,d,d,d,d,d,94,100,100,100,100,100,dd,dd,dd,dd,dd,dd,HI 13,0
3727,SK3122,HZ_BR,DANE22,M,13.6664,52.7339,2015,d,d,d,d,d,d,d,d,94,95/100,100,100,100,100,dd,dm,dd,dd,dd,dd,HI 14,0.05
3728,SK3123,HZ_BR,DANE22,M,13.6664,52.7339,2015,d,d,d,d,d,d,d,d,94,100,100,100,100,100,dd,dd,dd,dd,dd,dd,HI 14,0
3731,SK3126,HZ_BR,DANE22,M,13.6664,52.7339,2015,d,d,d,d,d,d,d,d,94,100,100,100,100,100,dd,dd,dd,dd,dd,dd,HI 14,0
3732,SK3127,HZ_BR,DANE22,M,13.6664,52.7339,2015,d,d,d,d,d,d,d,d,94,100,100,100,100,100,dd,dd,dd,dd,dd,dd,HI 14,0
3735,SK3130,HZ_BR,DANE22,M,13.6664,52.7339,2015,d,d,d,m,d,d,d,d,94,100,100,100,100,100,dd,dd,dd,dd,dd,dd,HI 14,0.05
3736,SK3131,HZ_BR,DANE22,M,13.6664,52.7339,2015,d,d,d,d,d,d,d,d,94,95/100,100,100,100,100,dd,dm,dd,dd,dd,dd,HI 14,0.05
3738,SK3133,HZ_BR,DANE22,M,13.6664,52.7339,2015,d,d,d,d,d,d,d,d,94,100,100,100,100,100,dd,dd,dd,dd,dd,dd,HI 14,0
3463,SK2829,HZ_BR,DANE22,F,13.6664,52.7339,2014,d,,dd,dm,dd,dd,dd,dd,94,100,100,100,100,100,dd,dd,dd,dd,dd,dd,HI 13,0.04
3525,SK2892,HZ_BR,DANE22,F,13.6664,52.7339,2014,d,,dd,dd,dd,dd,dd,dd,94,100,100,100,90,100,dd,dd,dd,dd,mm,dd,HI 13,0.08
3729,SK3124,HZ_BR,DANE22,F,13.6664,52.7339,2015,d,,dd,dm,dd,dd,dd,dd,94,100,100,100,100,100,dd,dd,dd,dd,dd,dd,HI 13,0.04
3730,SK3125,HZ_BR,DANE22,F,13.6664,52.7339,2015,d,,dd,dd,dd,dd,dd,dd,94,100,100,100,100,100,dd,dd,dd,dd,dd,dd,HI 13,0
3733,SK3128,HZ_BR,DANE22,F,13.6664,52.7339,2015,d,,dd,dd,dd,dd,dd,dd,94,100,100,100,100,100,dd,dd,dd,dd,dd,dd,HI 13,0
3734,SK3129,HZ_BR,DANE22,F,13.6664,52.7339,2015,d,,dd,dm,dd,dd,dd,dd,94,100,100,100,100,100,dd,dd,dd,dd,dd,dd,HI 13,0.04
3737,SK3132,HZ_BR,DANE22,F,13.6664,52.7339,2015,d,,dd,dd,dd,dd,dd,dd,94,100,100,100,100,100,dd,dd,dd,dd,dd,dd,HI 13,0
3778,SK3168,HZ_BR,DANE22,F,13.6664,52.7339,2015,d,,dd,dd,dd,dd,dd,dd,94,100,100,100,100,100,dd,dd,dd,dd,dd,dd,HI 13,0
3779,SK3169,HZ_BR,DANE22,F,13.6664,52.7339,2015,d,,dd,dd,dd,dd,dd,dd,94,100,100,100,100,100,dd,dd,dd,dd,dd,dd,HI 13,0
3780,SK3170,HZ_BR,DANE22,F,13.6664,52.7339,2015,d,,dd,mm,dd,dd,dd,dd,94,100,100,100,100,100,dd,dd,dd,dd,dd,dd,HI 13,0.08
3964,SK3369,HZ_BR,DANE22,F,13.6664,52.7339,2015,d,,dd,dm,dd,dd,dd,dd,94,100,100,100,100,100,dd,dd,dd,dd,dd,dd,HI 13,0.04
3968,SK3373,HZ_BR,DANE22,F,13.6664,52.7339,2015,d,,dd,mm,dd,dd,dd,dd,94,100,100,100/120,100,100,dd,dd,dd,dm,dd,dd,HI 13,0.12
3970,SK3375,HZ_BR,DANE22,F,13.6664,52.7339,2015,d,,dd,dd,dd,dd,dd,dd,94,95,100,100,100,100,dd,mm,dd,dd,dd,dd,HI 13,0.08
191,AA_0237,HZ_BR,DANE22,F,13.6664,52.7339,2017,d,,dd,dd,dd,dd,dd,dd,94,100,100,100,100,100,dd,dd,dd,dd,dd,dd,HI 13,0
321,AA_0365,HZ_BR,DANNE16,M,13.9578,52.7714,2017,d,m,m,m,m,d,m,m,100,100,100,100,70,80/100,mm,dd,dd,dd,mm,dm,HI 14,0.55
323,AA_0367,HZ_BR,DANNE16,F,13.9578,52.7714,2017,d,,mm,mm,mm,dm,mm,dm,100,95,100,100/120,90,100,mm,mm,dd,dm,mm,dd,HI 13,0.68
327,AA_0371,HZ_BR,DANNE16,F,13.9578,52.7714,2017,d,,mm,mm,mm,dd,mm,mm,100,95,100,120,90,80,mm,mm,dd,mm,mm,mm,HI 13,0.8
3783,SK3173,HZ_BR,DENS12,M,13.3775,53.145,2015,d,m,,m,,d,,m,100,100,125,120,100,100,mm,dd,mm,mm,dd,dd,HI 11,0.529411765
4621,SK804,HZ_BR,DLUG,M,15.0778,52.4636,2010,d,m,m,m,m,,m,m,,95,125,120,70,80,,mm,mm,mm,mm,mm,HI 13,0.947368421
4620,SK803,HZ_BR,DLUG,F,15.0778,52.4636,2010,m,,mm,mm,mm,,mm,mm,,,,,,,,,,,,,HI 7,1
127,AA_0173,HZ_BR,DOBB1,M,14.0358,53.02,2016,d,m,m,m,m,d,m,m,100,95,125,120,90,80,mm,mm,mm,mm,mm,mm,HI 14,0.9
145,AA_0191,HZ_BR,DOBB1,M,14.0358,53.02,2016,,m,,d,,,,,100,95,125,120,70/100,80,mm,mm,mm,mm,dm,mm,HI 8,0.857142857
3790,SK3181,HZ_BR,DOBB8,M,14.0356,53.0203,2015,d,m,m,m,m,d,m,m,100,95,125,120,90/100,80,mm,mm,mm,mm,dm,mm,HI 14,0.85
139,AA_0185,HZ_BR,DOBB8,M,14.0356,53.0203,2016,d,m,m,m,m,d,m,m,100,95,100/125,120,90,80,mm,mm,dm,mm,mm,mm,HI 14,0.85
141,AA_0187,HZ_BR,DOBB8,M,14.0356,53.0203,2016,d,m,m,m,m,d,m,m,94/100,95,125,120,90,80,dm,mm,mm,mm,mm,mm,HI 14,0.85
143,AA_0189,HZ_BR,DOBB8,M,14.0356,53.0203,2016,d,m,m,m,m,d,m,m,100,95,100/125,120,90/100,80,mm,mm,dm,mm,dm,mm,HI 14,0.8
140,AA_0186,HZ_BR,DOBB8,F,14.0356,53.0203,2016,,,mm,mm,mm,dd,mm,mm,94,95,100,120,90,80,dd,mm,dd,mm,mm,mm,HI 12,0.75
142,AA_0188,HZ_BR,DOBB8,F,14.0356,53.0203,2016,d,,dd,mm,mm,dd,mm,mm,100,95,125,120,100,80,mm,mm,mm,mm,dd,mm,HI 13,0.72
277,AA_0321,HZ_BR,DORETT,M,13.4622,53.1119,2017,m,m,m,m,,d,m,m,100,95,125,120,90/100,80,mm,mm,mm,mm,dm,mm,HI 13,0.894736842
279,AA_0323,HZ_BR,DORETT,F,13.4622,53.1119,2017,m,,mm,,mm,dd,mm,mm,100,95,100/125,120,90/100,80,mm,mm,dm,mm,dm,mm,HI 12,0.826086957
280,AA_0324,HZ_BR,DORETT,F,13.4622,53.1119,2017,m,,mm,mm,mm,dd,mm,mm,100,95,125,120,100,80,mm,mm,mm,mm,dd,mm,HI 13,0.84
4624,SK807,HZ_BR,DROG,M,15.0053,52.4656,2010,,,m,m,,,m,m,,,,,,,,,,,,,HI 4,1
4625,SK808,HZ_BR,DROG,F,15.0053,52.4656,2010,,,mm,mm,,,mm,mm,,,,,,,,,,,,,HI 4,1
100,AA_0146,HZ_BR,DUBEN19,M,13.81,51.8978,2016,d,d,m,d,d,d,d,m,100,100,100,100,100,100,mm,dd,dd,dd,dd,dd,HI 14,0.2
102,AA_0148,HZ_BR,DUBEN19,M,13.81,51.8978,2016,d,d,m,d,d,d,d,d,94,100,100,100,100,100,dd,dd,dd,dd,dd,dd,HI 14,0.05
104,AA_0150,HZ_BR,DUBEN19,M,13.81,51.8978,2016,d,d,m,d,d,d,d,d,100,100,100,100/120,100,80/100,mm,dd,dd,dm,dd,dm,HI 14,0.25
106,AA_0152,HZ_BR,DUBEN19,M,13.81,51.8978,2016,d,,m,d,d,d,d,d,94,100,100,100/120,100,100,dd,dd,dd,dm,dd,dd,HI 13,0.105263158
108,AA_0154,HZ_BR,DUBEN19,M,13.81,51.8978,2016,d,d,m,d,d,d,d,d,100,100,100,100,100,80,mm,dd,dd,dd,dd,mm,HI 14,0.25
111,AA_0157,HZ_BR,DUBEN19,M,13.81,51.8978,2016,d,,d,d,d,d,d,d,94,100,100,100/120,100,80,dd,dd,dd,dm,dd,mm,HI 13,0.157894737
105,AA_0151,HZ_BR,DUBEN19,F,13.81,51.8978,2016,d,,dm,dd,dd,dd,dd,dd,94,100,100,100,100,80,dd,dd,dd,dd,dd,mm,HI 13,0.12
107,AA_0153,HZ_BR,DUBEN19,F,13.81,51.8978,2016,d,,mm,dd,dd,dd,dd,dd,100,100,100,100,100,100,mm,dd,dd,dd,dd,dd,HI 13,0.16
109,AA_0155,HZ_BR,DUBEN19,F,13.81,51.8978,2016,d,,dd,dd,dd,dd,dd,dd,100,100,100,100,100,80,mm,dd,dd,dd,dd,mm,HI 13,0.16
110,AA_0156,HZ_BR,DUBEN19,F,13.81,51.8978,2016,d,,mm,dd,dd,dd,dd,dd,94,100,100,100/120,100,100,dd,dd,dd,dm,dd,dd,HI 13,0.12
112,AA_0158,HZ_BR,DUBEN19,F,13.81,51.8978,2016,d,,mm,dd,dd,dd,dd,dd,100,100,100,100,70/100,100,mm,dd,dd,dd,dm,dd,HI 13,0.2
113,AA_0159,HZ_BR,DUBEN19,F,13.81,51.8978,2016,d,,mm,dd,dd,dd,dd,dd,94,95/100,100,100,100,100,dd,dm,dd,dd,dd,dd,HI 13,0.12
114,AA_0160,HZ_BR,DUBEN19,F,13.81,51.8978,2016,d,,dd,dd,dd,dd,dd,dd,94,95/100,100,100,90/100,80,dd,dm,dd,dd,dm,mm,HI 13,0.16
276,AA_0320,HZ_BR,DUBEN24,M,13.8103,51.8978,2017,d,m,d,d,d,d,d,d,94,,100,100,100,100,dd,,dd,dd,dd,dd,HI 13,0.055555556
275,AA_0319,HZ_BR,DUBEN24,F,13.8103,51.8978,2017,d,,dd,dd,dd,dd,dd,dd,94,100,100,100,70,100,dd,dd,dd,dd,mm,dd,HI 13,0.08
3796,SK3187,HZ_BR,ERKNKI,M,13.7581,52.3989,2015,d,d,m,d,d,d,d,d,94,100,125,100,100,100,dd,dd,mm,dd,dd,dd,HI 14,0.15
218,AA_0264,HZ_BR,ERKNKI,M,13.7581,52.3989,2017,,,d,d,m,d,d,d,100,100,100/125,100,100,100,mm,dd,dm,dd,dd,dd,HI 12,0.222222222
9,AA_0055,HZ_BR,FALK8C,M,13.3064,52.91,2016,d,d,d,d,d,d,d,d,94,100,100,100,100,100,dd,dd,dd,dd,dd,dd,HI 14,0
11,AA_0057,HZ_BR,FALK8C,M,13.3064,52.91,2016,d,d,d,d,,d,d,d,94,100,100,100,100,100,dd,dd,dd,dd,dd,dd,HI 13,0
10,AA_0056,HZ_BR,FALK8C,F,13.3064,52.91,2016,d,,dd,dd,dd,dd,dd,dd,94,100,100,100,90,100,dd,dd,dd,dd,mm,dd,HI 13,0.08
3538,SK2909,HZ_BR,FLIE28,F,13.8153,53.1611,2014,m,,mm,mm,mm,dd,mm,mm,100,95,125,120,90,80,mm,mm,mm,mm,mm,mm,HI 13,0.92
3539,SK2910,HZ_BR,FLIE28,F,13.8153,53.1611,2014,m,,mm,mm,mm,dd,mm,mm,100,95,125,120,90,80,mm,mm,mm,mm,mm,mm,HI 13,0.92
99,AA_0145,HZ_BR,FRANK6,F,14.0589,52.6703,2016,m,,mm,mm,mm,dm,mm,mm,100,95,100/125,120,90,80,mm,mm,dm,mm,mm,mm,HI 13,0.92
220,AA_0266,HZ_BR,FRANK8,F,14.0503,52.6792,2016,d,,mm,mm,,mm,mm,mm,100,95,125,120,70,80,mm,mm,mm,mm,mm,mm,HI 12,0.956521739
101,AA_0147,HZ_BR,FREII,F,13.7875,51.8853,2016,d,,mm,dd,dd,dd,dm,,94,100,100/125,100,100,100,dd,dd,dm,dd,dd,dd,HI 12,0.173913043
103,AA_0149,HZ_BR,FREII,F,13.7875,51.8853,2016,d,,dm,dd,dd,dd,dm,dd,94,100,125,100,90,100,dd,dd,mm,dd,mm,dd,HI 13,0.24
3473,SK2839,HZ_BR,FRFE11,M,13.8433,53.0942,2014,d,m,m,m,m,d,m,m,,95,125,120,90/100,80,,mm,mm,mm,dm,mm,HI 13,0.833333333
3474,SK2840,HZ_BR,FRFE11,M,13.8433,53.0942,2014,d,m,m,m,m,d,m,m,100,95,125,120,70/90,80/100,mm,mm,mm,mm,mm,dm,HI 14,0.85
3477,SK2843,HZ_BR,FRFE11,M,13.8433,53.0942,2014,d,m,m,m,m,d,m,m,100,95,125,120,90,80,mm,mm,mm,mm,mm,mm,HI 14,0.9
3475,SK2841,HZ_BR,FRFE11,F,13.8433,53.0942,2014,d,,mm,mm,mm,dd,mm,mm,100,95,125,120,90,80,mm,mm,mm,mm,mm,mm,HI 13,0.88
3476,SK2842,HZ_BR,FRFE11,F,13.8433,53.0942,2014,d,,mm,mm,mm,dd,mm,mm,100,95,125,120,90,80,mm,mm,mm,mm,mm,mm,HI 13,0.88
423,AA_0471,HZ_BR,GERSD,M,13.6708,51.9594,2017,m,m,d,d,d,,d,d,94,100,100,100,100,80/100,dd,dd,dd,dd,dd,dm,HI 13,0.157894737
3715,SK3110,HZ_BR,GIEL68,M,13.8756,52.6053,2015,m,m,m,m,m,d,m,m,100,95/100,125,120,90,80,mm,dm,mm,mm,mm,mm,HI 14,0.9
3716,SK3111,HZ_BR,GIEL68,M,13.8756,52.6053,2015,m,m,m,m,m,d,m,d,100,95,125,120,90,80,mm,mm,mm,mm,mm,mm,HI 14,0.9
3719,SK3114,HZ_BR,GIEL68,M,13.8756,52.6053,2015,m,m,m,m,m,d,m,m,100,95,100/125,120,90/100,80,mm,mm,dm,mm,dm,mm,HI 14,0.85
3720,SK3115,HZ_BR,GIEL68,M,13.8756,52.6053,2015,m,m,m,m,m,d,m,d,100,95,125,120,90,,mm,mm,mm,mm,mm,,HI 13,0.888888889
3726,SK3121,HZ_BR,GIEL68,M,13.8756,52.6053,2015,m,m,m,m,m,d,m,d,100,95,125,120,90,100,mm,mm,mm,mm,mm,dd,HI 14,0.8
3773,SK3163,HZ_BR,GIEL68,M,13.8756,52.6053,2015,m,m,m,m,m,d,m,m,100,95,125,120,90,80,mm,mm,mm,mm,mm,mm,HI 14,0.95
3774,SK3164,HZ_BR,GIEL68,M,13.8756,52.6053,2015,m,m,m,m,m,d,m,m,100,95,125,120,90/100,100,mm,mm,mm,mm,dm,dd,HI 14,0.8
3777,SK3167,HZ_BR,GIEL68,M,13.8756,52.6053,2015,m,m,m,m,m,d,m,m,100,95/100,125,120,90,80,mm,dm,mm,mm,mm,mm,HI 14,0.9
3954,SK3359,HZ_BR,GIEL68,M,13.8756,52.6053,2015,m,m,m,m,m,d,m,m,100,100,125,120,90,100,mm,dd,mm,mm,mm,dd,HI 14,0.75
3955,SK3360,HZ_BR,GIEL68,M,13.8756,52.6053,2015,m,m,m,m,m,d,m,m,100,95,125,120,90,80,mm,mm,mm,mm,mm,mm,HI 14,0.95
3958,SK3363,HZ_BR,GIEL68,M,13.8756,52.6053,2015,m,m,m,m,m,d,m,m,100,95,155,120,90/100,80,mm,mm,mm,mm,dm,mm,HI 14,0.9
3960,SK3365,HZ_BR,GIEL68,M,13.8756,52.6053,2015,m,m,m,m,m,d,m,d,100,95,125,120,90,80,mm,mm,mm,mm,mm,mm,HI 14,0.9
223,AA_0269,HZ_BR,GIEL68,M,13.8756,52.6053,2017,d,,,,,,,,94,95,125,120,100,80,dd,mm,mm,mm,dd,mm,HI 7,0.615384615
233,AA_0279,HZ_BR,GIEL68,M,13.8756,52.6053,2017,,,,,,,,,100,95,125,120,90,80,mm,mm,mm,mm,mm,mm,HI 6,1
241,AA_0287,HZ_BR,GIEL68,M,13.8756,52.6053,2017,m,m,m,m,m,d,m,d,100,95,125,120,70/90,80,mm,mm,mm,mm,mm,mm,HI 14,0.9
242,AA_0288,HZ_BR,GIEL68,M,13.8756,52.6053,2017,,m,,m,m,d,,,100,95,125,120,90,100,mm,mm,mm,mm,mm,dd,HI 10,0.8125
243,AA_0289,HZ_BR,GIEL68,M,13.8756,52.6053,2017,m,m,m,m,m,d,m,,100,95,125,120,90,80,mm,mm,mm,mm,mm,mm,HI 13,0.947368421
3717,SK3112,HZ_BR,GIEL68,F,13.8756,52.6053,2015,m,,mm,mm,mm,dd,mm,dm,100,95,125,120,90,80,mm,mm,mm,mm,mm,mm,HI 13,0.88
3718,SK3113,HZ_BR,GIEL68,F,13.8756,52.6053,2015,m,,mm,mm,mm,dd,mm,mm,100,100,125,120,90,80/100,mm,dd,mm,mm,mm,dm,HI 13,0.8
3721,SK3116,HZ_BR,GIEL68,F,13.8756,52.6053,2015,m,,mm,mm,mm,dd,mm,dd,100,95,125,120,90,80,mm,mm,mm,mm,mm,mm,HI 13,0.84
3722,SK3117,HZ_BR,GIEL68,F,13.8756,52.6053,2015,m,,mm,mm,mm,dd,mm,mm,100,95,125,120,90,80,mm,mm,mm,mm,mm,mm,HI 13,0.92
3723,SK3118,HZ_BR,GIEL68,F,13.8756,52.6053,2015,m,,mm,mm,mm,dd,mm,mm,100,95,125/155,120,90,80,mm,mm,mm,mm,mm,mm,HI 13,0.92
3724,SK3119,HZ_BR,GIEL68,F,13.8756,52.6053,2015,m,,mm,mm,mm,dd,mm,mm,94,95/100,125,120,90/100,,dd,dm,mm,mm,dm,,HI 12,0.739130435
3775,SK3165,HZ_BR,GIEL68,F,13.8756,52.6053,2015,m,,mm,mm,mm,dd,mm,mm,100,95,100/125,120,90,80,mm,mm,dm,mm,mm,mm,HI 13,0.88
3776,SK3166,HZ_BR,GIEL68,F,13.8756,52.6053,2015,m,,mm,mm,,dd,mm,mm,100,95,100/125,120,90/100,80,mm,mm,dm,mm,dm,mm,HI 12,0.826086957
3957,SK3362,HZ_BR,GIEL68,F,13.8756,52.6053,2015,m,,mm,mm,mm,dd,mm,mm,100,95,125,120,90,80,mm,mm,mm,mm,mm,mm,HI 13,0.92
3967,SK3372,HZ_BR,GIEL68,F,13.8756,52.6053,2015,m,,mm,mm,mm,dd,mm,mm,100,95,125,120,90/100,80,mm,mm,mm,mm,dm,mm,HI 13,0.88
3969,SK3374,HZ_BR,GIEL68,F,13.8756,52.6053,2015,d,,mm,,,,,,100,95,125,120,90,100,mm,mm,mm,mm,mm,dd,HI 8,0.8
224,AA_0270,HZ_BR,GIEL68,F,13.8756,52.6053,2017,d,,,,,,,,100,100,,,90/100,80/100,mm,dd,,,dm,dm,HI 5,0.444444444
228,AA_0274,HZ_BR,GIEL68,F,13.8756,52.6053,2017,,,,,,,,,94,95,125,120,70,100,dd,mm,mm,mm,mm,dd,HI 6,0.666666667
229,AA_0275,HZ_BR,GIEL68,F,13.8756,52.6053,2017,d,,,,,,,,100,95/100,125,120,90/100,100,mm,dm,mm,mm,dm,dd,HI 7,0.615384615
234,AA_0280,HZ_BR,GIEL68,F,13.8756,52.6053,2017,d,,mm,mm,mm,dd,mm,dd,94,95/100,125,120,70,100,dd,dm,mm,mm,mm,dd,HI 13,0.6
244,AA_0290,HZ_BR,GIEL68,F,13.8756,52.6053,2017,m,,mm,mm,mm,dd,mm,dm,100,95,125,120,90,,mm,mm,mm,mm,mm,,HI 12,0.869565217
3971,SK3376,HZ_BR,GOTTES,M,14.1833,52.6378,2015,d,m,m,m,m,m,m,m,94/100,95,125,120,70/100,100,dm,mm,mm,mm,dm,dd,HI 14,0.75
3785,SK3176,HZ_BR,GOTTES,F,14.1833,52.6378,2015,d,,mm,mm,mm,mm,mm,mm,94,95,125,120,70/100,80,dd,mm,mm,mm,dm,mm,HI 13,0.84
3786,SK3177,HZ_BR,GOTTES,F,14.1833,52.6378,2015,d,,mm,mm,mm,mm,mm,mm,100,95,125/155,120,100,80,mm,mm,mm,mm,dd,mm,HI 13,0.88
30,AA_0076,HZ_BR,GRAB7,M,13.7072,52.2422,2016,d,m,d,d,d,d,d,d,94,100,100,100,100,100,dd,dd,dd,dd,dd,dd,HI 14,0.05
44,AA_0090,HZ_BR,GRAB7,M,13.7072,52.2422,2016,d,,,,,d,,,94,100,100,100,100,100,dd,dd,dd,dd,dd,dd,HI 8,0
222,AA_0268,HZ_BR,GRAB7,M,13.7072,52.2422,2017,d,m,d,d,d,d,d,d,94,100,100,100,70,100,dd,dd,dd,dd,mm,dd,HI 14,0.15
56,AA_0102,HZ_BR,GRAFD,M,13.1953,51.9097,2016,d,d,d,d,d,d,d,d,94,100,100,100,100,100,dd,dd,dd,dd,dd,dd,HI 14,0
4648,SK838,HZ_BR,GRIM8,M,14.1556,53.425,2010,m,m,m,m,m,m,m,m,,,,,,,,,,,,,HI 8,1
4622,SK805,HZ_BR,GROCH,M,15.2875,52.4386,2010,m,m,m,m,m,,m,m,,,,,,,,,,,,,HI 7,1
4623,SK806,HZ_BR,GROCH,M,15.2875,52.4386,2010,m,m,m,m,m,m,m,m,,,,,,,,,,,,,HI 8,1
371,AA_0417,HZ_BR,GROSBA7,M,14.2775,52.6867,2017,d,,m,m,m,m,m,m,100,95,100,120,100,80,mm,mm,dd,mm,dd,mm,HI 13,0.736842105
372,AA_0418,HZ_BR,GROSBA7,M,14.2775,52.6867,2017,d,m,m,m,m,d,m,m,94,95,100,120,70,80,dd,mm,dd,mm,mm,mm,HI 14,0.7
380,AA_0427,HZ_BR,GROSBA7,M,14.2775,52.6867,2017,d,m,m,m,m,,m,m,100,95,100/125,120,100,80,mm,mm,dm,mm,dd,mm,HI 13,0.789473684
382,AA_0429,HZ_BR,GROSBA7,M,14.2775,52.6867,2017,,m,m,m,m,,m,,100,95,125,120,70/90,80,mm,mm,mm,mm,mm,mm,HI 11,1
383,AA_0430,HZ_BR,GROSBA7,M,14.2775,52.6867,2017,d,m,m,m,m,,m,m,100,95,125,120,70,80,mm,mm,mm,mm,mm,mm,HI 13,0.947368421
399,AA_0446,HZ_BR,GROSBA7,M,14.2775,52.6867,2017,d,m,m,m,m,,m,m,100,95,100,120,70/90,80,mm,mm,dd,mm,mm,mm,HI 13,0.842105263
373,AA_0419,HZ_BR,GROSBA7,F,14.2775,52.6867,2017,d,,mm,mm,mm,dd,mm,mm,100,95,100/125,120,70,80,mm,mm,dm,mm,mm,mm,HI 13,0.84
377,AA_0424,HZ_BR,GROSBA7,F,14.2775,52.6867,2017,d,,mm,mm,mm,mm,mm,mm,94/100,95,125,120,70/100,80,dm,mm,mm,mm,dm,mm,HI 13,0.88
378,AA_0425,HZ_BR,GROSBA7,F,14.2775,52.6867,2017,d,,mm,mm,mm,dm,mm,mm,100,95,125,120,100,80,mm,mm,mm,mm,dd,mm,HI 13,0.84
381,AA_0428,HZ_BR,GROSBA7,F,14.2775,52.6867,2017,d,,mm,mm,mm,,mm,mm,100,95,100/125,120,100,80,mm,mm,dm,mm,dd,mm,HI 12,0.826086957
444,AA_0509,HZ_BR,GROSBEB,M,12.3881,53.6394,2017,d,m,m,m,m,,,,94,95,125,120,70,80,dd,mm,mm,mm,mm,mm,HI 11,0.823529412
445,AA_0510,HZ_BR,GROSBEB,F,12.3881,53.6394,2017,d,,mm,mm,mm,,mm,,100,95,125,100,70,100,mm,mm,mm,dd,mm,dd,HI 11,0.761904762
66,AA_0112,HZ_BR,GROSZIE,M,13.895,52.9581,2016,d,m,m,m,,d,m,m,100,95,125,120,90,80,mm,mm,mm,mm,mm,mm,HI 13,0.894736842
65,AA_0111,HZ_BR,GROSZIE,F,13.895,52.9581,2016,d,,mm,mm,,dd,mm,mm,100,95,125,120,90,80,mm,mm,mm,mm,mm,mm,HI 12,0.869565217
68,AA_0114,HZ_BR,GROSZIE,F,13.895,52.9581,2016,d,,mm,mm,,dd,mm,mm,100,95,125,120,100,80,mm,mm,mm,mm,dd,mm,HI 12,0.782608696
74,AA_0120,HZ_BR,GROSZIE,F,13.895,52.9581,2016,d,,mm,mm,,dd,mm,mm,100,95,125,120,90,80,mm,mm,mm,mm,mm,mm,HI 12,0.869565217
75,AA_0121,HZ_BR,GROSZIE,F,13.895,52.9581,2016,,,,,,dd,mm,mm,100,95,125,120,90,80,mm,mm,mm,mm,mm,mm,HI 9,0.888888889
53,AA_0099,HZ_BR,GRUN17,M,13.0819,52.0311,2016,d,,m,,,d,d,d,100,100,100,100,100,80,mm,dd,dd,dd,dd,mm,HI 11,0.294117647
318,AA_0362,HZ_BR,GUHL29,M,14.1442,52.0172,2017,d,m,m,m,m,m,m,m,100,95,125,120,70/100,80,mm,mm,mm,mm,dm,mm,HI 14,0.9
345,AA_0389,HZ_BR,GUHL29,M,14.1442,52.0172,2017,d,m,m,m,m,m,m,m,94,95,125,120,100,100,dd,mm,mm,mm,dd,dd,HI 14,0.65
353,AA_0397,HZ_BR,GUHL29,M,14.1442,52.0172,2017,d,m,m,m,m,m,m,m,94,95,125,120,100,80,dd,mm,mm,mm,dd,mm,HI 14,0.75
363,AA_0407,HZ_BR,GUHL29,M,14.1442,52.0172,2017,d,,m,m,m,m,m,m,94,95,125,120,100,80/100,dd,mm,mm,mm,dd,dm,HI 13,0.684210526
348,AA_0392,HZ_BR,GUHL29,F,14.1442,52.0172,2017,d,,mm,mm,,dm,mm,mm,,95,100,120,70/100,100,,mm,dd,mm,dm,dd,HI 11,0.666666667
349,AA_0393,HZ_BR,GUHL29,F,14.1442,52.0172,2017,d,,mm,mm,mm,mm,mm,mm,,95,100/125,120,70/100,80,,mm,dm,mm,dm,mm,HI 12,0.869565217
351,AA_0395,HZ_BR,GUHL29,F,14.1442,52.0172,2017,d,,mm,mm,,mm,mm,mm,100,95,125,120,100,80,mm,mm,mm,mm,dd,mm,HI 12,0.869565217
352,AA_0396,HZ_BR,GUHL29,F,14.1442,52.0172,2017,d,,mm,,dd,mm,mm,mm,100,95,125,120,70/100,80,mm,mm,mm,mm,dm,mm,HI 12,0.826086957
355,AA_0399,HZ_BR,GUHL29,F,14.1442,52.0172,2017,d,,mm,mm,mm,mm,mm,mm,100,95,125,120,100,80,mm,mm,mm,mm,dd,mm,HI 13,0.88
364,AA_0408,HZ_BR,GUHL29,F,14.1442,52.0172,2017,d,,mm,mm,mm,mm,mm,mm,94,95,125,120,70/100,80/100,dd,mm,mm,mm,dm,dm,HI 13,0.8
3747,SK3142,HZ_BR,HAMMEL,M,13.4286,53.0689,2015,d,m,m,m,m,d,m,m,100,95,100/125,120,90,80,mm,mm,dm,mm,mm,mm,HI 14,0.85
3746,SK3141,HZ_BR,HAMMEL,F,13.4286,53.0689,2015,d,,mm,mm,mm,dd,mm,dm,100,95,100/125,120,90,80,mm,mm,dm,mm,mm,mm,HI 13,0.8
3749,SK3144,HZ_BR,HAMMEL,F,13.4286,53.0689,2015,d,,mm,mm,mm,dd,mm,dm,100,95,100,120,90,80,mm,mm,dd,mm,mm,mm,HI 13,0.76
3750,SK3145,HZ_BR,HAMMEL,F,13.4286,53.0689,2015,d,,,mm,,dm,mm,mm,100,95,100/125,120,90,80,mm,mm,dm,mm,mm,mm,HI 11,0.857142857
3772,SK3162,HZ_BR,HAMMEL,F,13.4286,53.0689,2015,d,,mm,mm,mm,dm,mm,mm,100,95,100/125,120,90,80,mm,mm,dm,mm,mm,mm,HI 13,0.88
3961,SK3366,HZ_BR,HAMMEL,F,13.4286,53.0689,2015,d,,,mm,mm,dm,mm,mm,100,95,100/125,120,90,80,mm,mm,dm,mm,mm,mm,HI 12,0.869565217
3966,SK3371,HZ_BR,HAMMEL,F,13.4286,53.0689,2015,d,,mm,mm,dm,dd,mm,mm,100,95,100/125,120,90,80,mm,mm,dm,mm,mm,mm,HI 13,0.8
3469,SK2835,HZ_BR,HAMMER1,M,13.4392,52.88,2014,m,d,d,d,d,d,d,d,94,100,100/125,100,100,80,dd,dd,dm,dd,dd,mm,HI 14,0.2
3704,SK3099,HZ_BR,HAMMER18,F,13.4411,52.8758,2015,d,,dd,dd,dd,dd,dd,dm,94,100,100,100,100,100,dd,dd,dd,dd,dd,dd,HI 13,0.04
3702,SK3097,HZ_BR,HAMMER8,F,13.4383,52.8803,2015,d,,dd,dd,dd,dd,dd,dd,94,100,100,100,100,100,dd,dd,dd,dd,dd,dd,HI 13,0
290,AA_0334,HZ_BR,HARN58,M,14.0078,52.6825,2017,m,m,m,m,m,m,,m,100,95,125,120,70/100,80,mm,mm,mm,mm,dm,mm,HI 13,0.947368421
3739,SK3134,HZ_BR,HENN7,M,13.8517,52.5142,2015,d,m,m,m,d,d,d,m,94,95,100/125,100/120,90/100,80/100,dd,mm,dm,dm,dm,dm,HI 14,0.5
3769,SK3159,HZ_BR,HOHST1,M,13.9858,52.5689,2015,d,m,m,m,m,m,m,m,100,95,125,120,70/100,80,mm,mm,mm,mm,dm,mm,HI 14,0.9
286,AA_0330,HZ_BR,HOHST14,M,13.9906,52.5692,2014,d,,m,m,d,m,m,m,100,95,125,120,70/90,80,mm,mm,mm,mm,mm,mm,HI 13,0.894736842
4635,SK825,HZ_BR,HOHST8,M,13.9675,52.5675,2010,m,m,m,m,m,m,m,m,,,,,,,,,,,,,HI 8,1
4649,SK839,HZ_BR,HOHST8,M,13.9675,52.5675,2010,m,m,m,m,m,m,m,m,,,,,,,,,,,,,HI 8,1
4650,SK840,HZ_BR,HOHST8,M,13.9675,52.5675,2010,m,m,m,m,m,m,m,m,100,95,125,120,90,80,mm,mm,mm,mm,mm,mm,HI 14,1
4651,SK841,HZ_BR,HOHST8,F,13.9675,52.5675,2010,d,,mm,mm,mm,,mm,mm,100,95,125,120,,,mm,mm,mm,mm,,,HI 10,0.947368421
4652,SK842,HZ_BR,HOHST8,F,13.9675,52.5675,2010,d,,mm,mm,mm,,mm,mm,100,95,125,120,,,mm,mm,mm,mm,,,HI 10,0.947368421
13,AA_0059,HZ_BR,HOHW3,M,14.1158,52.8431,2016,d,m,m,m,m,m,m,m,100,95,125,120,90/100,80/100,mm,mm,mm,mm,dm,dm,HI 14,0.85
12,AA_0058,HZ_BR,HOHW3,F,14.1158,52.8431,2016,,,mm,mm,mm,dd,mm,mm,100,95,125,120,90,80,mm,mm,mm,mm,mm,mm,HI 12,0.916666667
14,AA_0060,HZ_BR,HOHW3,F,14.1158,52.8431,2016,d,,mm,mm,mm,dm,mm,mm,94,95,125,120,90,80,dd,mm,mm,mm,mm,mm,HI 13,0.84
3532,SK2899,HZ_BR,HOHW30,M,14.1189,52.8367,2014,d,m,m,m,m,d,m,m,100,95,100/125,120,70/100,100,mm,mm,dm,mm,dm,dd,HI 14,0.7
3542,SK2913,HZ_BR,HOHW30,M,14.1189,52.8367,2014,d,m,m,m,m,d,m,m,100,95,100/125,120,70/90,100,mm,mm,dm,mm,mm,dd,HI 14,0.75
3543,SK2914,HZ_BR,HOHW30,M,14.1189,52.8367,2014,d,m,m,m,m,d,m,m,100,95,100/125,120,90,100,mm,mm,dm,mm,mm,dd,HI 14,0.75
3946,SK3351,HZ_BR,HOHW30,M,14.1189,52.8367,2015,d,m,m,m,m,m,m,m,,95,,120,90,,,mm,,mm,mm,,HI 11,0.928571429
3947,SK3352,HZ_BR,HOHW30,M,14.1189,52.8367,2015,d,m,m,m,m,m,m,m,,95,125,120,90,,,mm,mm,mm,mm,,HI 12,0.9375
3948,SK3353,HZ_BR,HOHW30,M,14.1189,52.8367,2015,d,,m,m,m,m,m,m,,95,125,120,70,,,mm,mm,mm,mm,,HI 11,0.933333333
3949,SK3354,HZ_BR,HOHW30,M,14.1189,52.8367,2015,d,m,m,m,m,m,m,m,100,95,125,120,90,,mm,mm,mm,mm,mm,,HI 13,0.944444444
3950,SK3355,HZ_BR,HOHW30,M,14.1189,52.8367,2015,d,m,m,m,m,m,m,m,100,95,125,120,90,,mm,mm,mm,mm,mm,,HI 13,0.944444444
3530,SK2897,HZ_BR,HOHW30,F,14.1189,52.8367,2014,d,,mm,dm,,dd,mm,mm,100,95,100/125,120,90,100,mm,mm,dm,mm,mm,dd,HI 12,0.695652174
3531,SK2898,HZ_BR,HOHW30,F,14.1189,52.8367,2014,d,,mm,mm,mm,dd,mm,mm,100,95,125,120,90,100,mm,mm,mm,mm,mm,dd,HI 13,0.8
3544,SK2915,HZ_BR,HOHW30,F,14.1189,52.8367,2014,d,,mm,mm,mm,mm,mm,mm,100,95,,,,100,mm,mm,,,,dd,HI 10,0.842105263
3545,SK2916,HZ_BR,HOHW30,F,14.1189,52.8367,2014,d,,mm,mm,mm,dm,mm,mm,100,95,125,120,100,100,mm,mm,mm,mm,dd,dd,HI 13,0.76
3725,SK3120,HZ_BR,HOHW30,F,14.1189,52.8367,2015,d,,mm,mm,mm,mm,mm,mm,100,95,125,120,70/90,,mm,mm,mm,mm,mm,,HI 12,0.956521739
3945,SK3350,HZ_BR,HOHW30,F,14.1189,52.8367,2015,d,,mm,mm,mm,mm,mm,mm,100,95,125,120,90,,mm,mm,mm,mm,mm,,HI 12,0.956521739
3763,SK3153-E5,HZ_BR,HOPPE1,M,13.6761,52.4978,2015,d,d,d,d,d,d,d,d,,,,,,,,,,,,,HI 8,0
1,AA_0047,HZ_BR,HOPPE1,M,13.6761,52.4978,2016,d,m,m,m,m,m,m,m,94/100,100,100/125,100/120,90/100,80,dm,dd,dm,dm,dm,mm,HI 14,0.65
3,AA_0049,HZ_BR,HOPPE1,M,13.6761,52.4978,2016,d,m,m,m,m,m,m,m,100,95/100,100/125,120,90,80,mm,dm,dm,mm,mm,mm,HI 14,0.85
4,AA_0050,HZ_BR,HOPPE1,M,13.6761,52.4978,2016,d,m,m,m,m,m,m,m,94/100,100,100/125,120,90/100,80,dm,dd,dm,mm,dm,mm,HI 14,0.7
38,AA_0084,HZ_BR,HOPPE1,M,13.6761,52.4978,2016,d,,,,,m,m,m,94,100,100/125,100/120,90/100,80,dd,dd,dm,dm,dm,mm,HI 10,0.5
40,AA_0086,HZ_BR,HOPPE1,M,13.6761,52.4978,2016,d,,,d,,d,d,d,94,100,100,100,100,80,dd,dd,dd,dd,dd,mm,HI 11,0.117647059
64,AA_0110,HZ_BR,HOPPE1,M,13.6761,52.4978,2016,d,m,m,m,,m,m,m,94,100,100/125,100/120,90/100,80,dd,dd,dm,dm,dm,mm,HI 13,0.578947368
256,AA_0302,HZ_BR,HOPPE1,M,13.6761,52.4978,2017,d,m,d,d,m,m,m,m,94/100,,100/125,100,100,100,dm,,dm,dd,dd,dd,HI 13,0.388888889
3758,SK3153,HZ_BR,HOPPE1,F,13.6761,52.4978,2015,d,,dd,dd,dd,dd,dd,dd,100,100,100,100,100,100,mm,dd,dd,dd,dd,dd,HI 13,0.08
3759,SK3153-E1,HZ_BR,HOPPE1,F,13.6761,52.4978,2015,d,,dd,dd,dd,dd,dd,dd,,,,,,,,,,,,,HI 7,0
3760,SK3153-E2,HZ_BR,HOPPE1,F,13.6761,52.4978,2015,d,,dd,dd,dd,dd,dd,dd,,,,,,,,,,,,,HI 7,0
3761,SK3153-E3,HZ_BR,HOPPE1,F,13.6761,52.4978,2015,d,,dd,dd,dd,dd,dd,dd,,,,,,,,,,,,,HI 7,0
3762,SK3153-E4,HZ_BR,HOPPE1,F,13.6761,52.4978,2015,d,,dd,dd,dd,dd,dd,dd,,,,,,,,,,,,,HI 7,0
2,AA_0048,HZ_BR,HOPPE1,F,13.6761,52.4978,2016,d,,mm,mm,mm,mm,mm,mm,100,95/100,100,100,90/100,80,mm,dm,dd,dd,dm,mm,HI 13,0.72
37,AA_0083,HZ_BR,HOPPE1,F,13.6761,52.4978,2016,d,,mm,mm,,mm,mm,mm,100,95/100,125,120,90,80,mm,dm,mm,mm,mm,mm,HI 12,0.913043478
39,AA_0085,HZ_BR,HOPPE1,F,13.6761,52.4978,2016,d,,mm,mm,mm,mm,mm,mm,94/100,95/100,100,120,90,80,dm,dm,dd,mm,mm,mm,HI 13,0.8
41,AA_0087,HZ_BR,HOPPE1,F,13.6761,52.4978,2016,d,,mm,mm,,mm,mm,mm,94/100,95/100,100/125,120,90/100,80,dm,dm,dm,mm,dm,mm,HI 12,0.782608696
258,AA_0304,HZ_BR,HOPPE1,F,13.6761,52.4978,2017,d,,dd,dd,mm,mm,mm,mm,100,100,100/125,100,100,80,mm,dd,dm,dd,dd,mm,HI 13,0.52
259,AA_0304_E1,HZ_BR,HOPPE1,,13.6761,52.4978,NA,d,,,dd,mm,mm,mm,mm,,,,,,,,,,,,,HI 6,0.727272727
260,AA_0304_E2,HZ_BR,HOPPE1,,13.6761,52.4978,NA,d,,,dd,mm,mm,mm,,,,,,,,,,,,,,HI 5,0.666666667
269,AA_0313,HZ_BR,HOPPE1,F,13.6761,52.4978,2017,d,,dd,dd,dd,dd,dd,dd,94,100,100,100,100,100,dd,dd,dd,dd,dd,dd,HI 13,0
271,AA_0315,HZ_BR,HOPPE1,F,13.6761,52.4978,2017,d,,mm,dm,dm,dm,dm,dm,100,95/100,100,100,100,80,mm,dm,dd,dd,dd,mm,HI 13,0.48
420,AA_0468,HZ_BR,HOPPE3,F,13.6703,52.4936,2017,d,,,,,,,,94/100,95/100,100,100,90/100,,dm,dm,dd,dd,dm,,HI 6,0.272727273
374,AA_0421,HZ_BR,HOPPE5,M,13.6686,52.4936,2017,d,,d,d,d,d,d,d,100,,100/125,100,100,100,mm,,dm,dd,dd,dd,HI 12,0.176470588
390,AA_0437,HZ_BR,HOPPE5,M,13.6686,52.4936,2017,d,m,d,d,d,,d,d,94,100,100,100,100,100,dd,dd,dd,dd,dd,dd,HI 13,0.052631579
414,AA_0461,HZ_BR,HOPPE5,M,13.6686,52.4936,2017,,,,d,d,,m,m,94,,100,100,100,100,dd,,dd,dd,dd,dd,HI 9,0.142857143
385,AA_0432,HZ_BR,HOPPE5,F,13.6686,52.4936,2017,d,,dd,dd,dd,,dd,dd,94,100,100,100,90/100,100,dd,dd,dd,dd,dm,dd,HI 12,0.043478261
401,AA_0448,HZ_BR,HOPPE5,F,13.6686,52.4936,2017,d,,dd,dd,dd,,dd,dd,94,95/100,100,100,100,80,dd,dm,dd,dd,dd,mm,HI 12,0.130434783
413,AA_0460,HZ_BR,HOPPE5,F,13.6686,52.4936,2017,,,,dd,dd,,,,100,100,100,100,100,80,mm,dd,dd,dd,dd,mm,HI 8,0.25
415,AA_0462,HZ_BR,HOPPE5,F,13.6686,52.4936,2017,,,mm,dd,dd,,,dd,94,100,100,100,90/100,100,dd,dd,dd,dd,dm,dd,HI 10,0.15
282,AA_0326,HZ_BR,JOACHH3,M,13.4589,53.1247,2017,d,m,m,m,m,d,d,m,94,95,125,120,90/100,80,dd,mm,mm,mm,dm,mm,HI 14,0.7
295,AA_0339,HZ_BR,JOACHH3,M,13.4589,53.1247,2017,m,m,,m,,d,m,m,100,95,125,120,70/100,80,mm,mm,mm,mm,dm,mm,HI 12,0.888888889
296,AA_0340,HZ_BR,JOACHH3,F,13.4589,53.1247,2017,d,,mm,mm,,mm,mm,mm,94,95,125,120,70/100,80,dd,mm,mm,mm,dm,mm,HI 12,0.826086957
298,AA_0342,HZ_BR,JOACHH3,F,13.4589,53.1247,2017,d,,mm,mm,mm,dd,mm,mm,100,95,125,120,70/100,80,mm,mm,mm,mm,dm,mm,HI 13,0.84
312,AA_0356,HZ_BR,JOACHH3,F,13.4589,53.1247,2017,d,,dm,dd,dd,dd,dd,dd,94/100,95,125,120,70/100,80,dm,mm,mm,mm,dm,mm,HI 13,0.44
3698,SK3093,HZ_BR,JOACHS10,M,13.7414,52.9753,2015,d,m,m,m,m,d,m,m,100,95,125,120,70/90,100,mm,mm,mm,mm,mm,dd,HI 14,0.8
3699,SK3094,HZ_BR,JOACHS10,F,13.7414,52.9753,2015,d,,mm,mm,mm,dd,mm,mm,100,95,125,120,90/100,100,mm,mm,mm,mm,dm,dd,HI 13,0.76
3540,SK2911,HZ_BR,JOACHS11,F,13.7328,52.9789,2014,d,,mm,mm,mm,dd,mm,mm,100,95,125,120,100,100,mm,mm,mm,mm,dd,dd,HI 13,0.72
3541,SK2912,HZ_BR,JOACHS11,F,13.7328,52.9789,2014,m,,mm,mm,mm,dd,mm,mm,100,95,125,120,70,100,mm,mm,mm,mm,mm,dd,HI 13,0.84
58,AA_0104,HZ_BR,JOACHS8,M,13.7336,52.9783,2016,m,m,m,m,,m,m,m,100,95,125,120,70/100,80,mm,mm,mm,mm,dm,mm,HI 13,0.947368421
60,AA_0106,HZ_BR,JOACHS8,M,13.7336,52.9783,2016,d,m,m,m,,m,d,m,100,95,125,120,90,80,mm,mm,mm,mm,mm,mm,HI 13,0.894736842
62,AA_0108,HZ_BR,JOACHS8,M,13.7336,52.9783,2016,m,m,m,m,,d,m,m,100,95,125,120,90,100,mm,mm,mm,mm,mm,dd,HI 13,0.842105263
63,AA_0109,HZ_BR,JOACHS8,M,13.7336,52.9783,2016,m,m,m,m,,d,m,m,100,95,125,120,90,80,mm,mm,mm,mm,mm,mm,HI 13,0.947368421
69,AA_0115,HZ_BR,JOACHS8,M,13.7336,52.9783,2016,m,m,m,m,,d,m,m,100,95,125,120,90,80,mm,mm,mm,mm,mm,mm,HI 13,0.947368421
70,AA_0116,HZ_BR,JOACHS8,M,13.7336,52.9783,2016,d,m,m,m,,d,m,m,100,95,125,120,90,,mm,mm,mm,mm,mm,,HI 12,0.882352941
57,AA_0103,HZ_BR,JOACHS8,F,13.7336,52.9783,2016,m,,mm,mm,,dm,mm,mm,100,95,125,120,90,80/100,mm,mm,mm,mm,mm,dm,HI 12,0.913043478
59,AA_0105,HZ_BR,JOACHS8,F,13.7336,52.9783,2016,m,,mm,mm,,dm,dm,mm,100,95,125,120,70/100,80,mm,mm,mm,mm,dm,mm,HI 12,0.869565217
61,AA_0107,HZ_BR,JOACHS8,F,13.7336,52.9783,2016,m,,mm,mm,mm,mm,dm,mm,100,95,125,120,90,100,mm,mm,mm,mm,mm,dd,HI 13,0.88
71,AA_0117,HZ_BR,JOACHS8,F,13.7336,52.9783,2016,m,,mm,mm,mm,mm,mm,mm,100,95,125,120,90,100,mm,mm,mm,mm,mm,dd,HI 13,0.92
72,AA_0118,HZ_BR,JOACHS8,F,13.7336,52.9783,2016,m,,mm,mm,mm,dm,dm,mm,100,95,125,120,90,,mm,mm,mm,mm,mm,,HI 12,0.913043478
73,AA_0119,HZ_BR,JOACHS8,F,13.7336,52.9783,2016,d,,mm,mm,mm,dd,mm,mm,100,95,125,120,90,,mm,mm,mm,mm,mm,,HI 12,0.869565217
76,AA_0122,HZ_BR,JOACHSS8,F,13.7336,52.9783,2016,m,,mm,mm,mm,mm,mm,mm,100,95,125,120,90,,mm,mm,mm,mm,mm,,HI 12,1
2450,SK1339,HZ_BR,KALIT,M,12.02,52.0978,2011,d,d,d,d,d,d,d,d,,,,,,,,,,,,,HI 8,0
2452,SK1340/1,HZ_BR,KALIT,M,12.02,52.0978,2011,d,,d,d,d,,d,d,,,,,,,,,,,,,HI 6,0
2451,SK1340,HZ_BR,KALIT,F,12.02,52.0978,2011,d,,dd,dd,dd,dd,dd,dd,,,,,,,,,,,,,HI 7,0
2453,SK1340/2,HZ_BR,KALIT,F,12.02,52.0978,2011,d,,dd,dd,dd,,dd,dd,,,,,,,,,,,,,HI 6,0
2454,SK1341,HZ_BR,KALIT,F,12.02,52.0978,2011,d,,dd,dd,dd,,dd,dd,100,100,,100,90,100,mm,dd,,dd,mm,dd,HI 11,0.19047619
2455,SK1342,HZ_BR,KALIT,F,12.02,52.0978,2011,d,,dd,dd,dd,dd,dd,dd,,,,,,,,,,,,,HI 7,0
4733,SK969,HZ_BR,KERCH,M,12.1414,52.0258,2011,d,d,d,d,d,d,d,d,,,,,,,,,,,,,HI 8,0
4734,SK970,HZ_BR,KERCH,M,12.1414,52.0258,2011,d,d,d,d,d,d,d,d,94,100,,100,100,100,dd,dd,,dd,dd,dd,HI 13,0
4735,SK971,HZ_BR,KERCH,F,12.1414,52.0258,2011,d,,dd,dd,dd,dd,dd,dd,94,100,,100,100,100,dd,dd,,dd,dd,dd,HI 12,0
4736,SK972,HZ_BR,KERCH,F,12.1414,52.0258,2011,d,,dd,dd,dd,dd,dd,dd,94,100,,100,100,100,dd,dd,,dd,dd,dd,HI 12,0
4737,SK973,HZ_BR,KERCH,F,12.1414,52.0258,2011,d,,dd,dd,dd,,dd,dd,,100,,100,100,100,,dd,,dd,dd,dd,HI 10,0
384,AA_0431,HZ_BR,KLEINB18,M,14.2769,52.6778,2017,d,m,m,m,m,,m,m,100,95,125,100/120,70,80,mm,mm,mm,dm,mm,mm,HI 13,0.894736842
386,AA_0433,HZ_BR,KLEINB25,F,14.2733,52.6817,2017,d,,mm,mm,mm,,mm,mm,100,95,125,120,70/100,80,mm,mm,mm,mm,dm,mm,HI 12,0.913043478
400,AA_0447,HZ_BR,KLEINB28,F,14.2725,52.6825,2017,m,,mm,mm,mm,,mm,mm,100,95,125,120,70/90,80,mm,mm,mm,mm,mm,mm,HI 12,1
291,AA_0335,HZ_BR,KLEINE,F,14.0542,51.9744,2017,d,,mm,mm,mm,mm,mm,mm,100,95,100,120,70,80/100,mm,mm,dd,mm,mm,dm,HI 13,0.84
257,AA_0303,HZ_BR,KLEINS31,M,13.8675,52.2428,2017,d,m,d,d,d,d,d,d,94,100,125,100,70/100,100,dd,dd,mm,dd,dm,dd,HI 14,0.2
262,AA_0306,HZ_BR,KLEINS31,M,13.8675,52.2428,2017,,m,m,d,d,d,d,m,94,100,125,100,100,100,dd,dd,mm,dd,dd,dd,HI 13,0.263157895
264,AA_0308,HZ_BR,KLEINS31,M,13.8675,52.2428,2017,d,m,d,d,d,d,d,d,94/100,100,125,100,70,100,dm,dd,mm,dd,mm,dd,HI 14,0.3
270,AA_0314,HZ_BR,KLEINS31,M,13.8675,52.2428,2017,d,m,d,m,d,d,d,d,94,100,125,100,70,100,dd,dd,mm,dd,mm,dd,HI 14,0.3
273,AA_0317,HZ_BR,KLEINS31,M,13.8675,52.2428,2017,d,m,d,m,d,d,d,d,94,100,100/125,100,70/100,80/100,dd,dd,dm,dd,dm,dm,HI 14,0.25
263,AA_0307,HZ_BR,KLEINS31,F,13.8675,52.2428,2017,d,,dd,dd,dd,dd,dd,dd,94/100,100,100/125,100,70/100,100,dm,dd,dm,dd,dm,dd,HI 13,0.12
265,AA_0309,HZ_BR,KLEINS31,F,13.8675,52.2428,2017,d,,mm,dm,dd,dd,dd,dd,94,100,125,100,70/100,100,dd,dd,mm,dd,dm,dd,HI 13,0.24
2441,SK1330,HZ_BR,KUMM,M,12.2189,52.8544,2011,d,d,d,d,d,d,d,d,,,,,,,,,,,,,HI 8,0
2442,SK1331,HZ_BR,KUMM,F,12.2189,52.8544,2011,d,,dd,dd,dd,,dd,dd,,,,,,,,,,,,,HI 6,0
2443,SK1332,HZ_BR,KUMM,F,12.2189,52.8544,2011,d,,dd,dd,dd,,dd,dd,,,,,,,,,,,,,HI 6,0
2444,SK1333,HZ_BR,KUMM,F,12.2189,52.8544,2011,d,,dd,dd,dd,dd,dd,dd,100,100,,100,90,100,mm,dd,,dd,mm,dd,HI 12,0.173913043
2445,SK1334,HZ_BR,KUMM,F,12.2189,52.8544,2011,d,,dd,dd,dd,dd,dd,dd,,,,,,,,,,,,,HI 7,0
3703,SK3098,HZ_BR,LETS38,M,14.3217,52.6506,2015,d,m,m,m,m,m,m,m,94,95,125,100,70/100,80,dd,mm,mm,dd,dm,mm,HI 14,0.7
375,AA_0422,HZ_BR,LETS38,M,14.3217,52.6506,2017,d,m,m,m,m,m,m,m,94,,125,120,70,80,dd,,mm,mm,mm,mm,HI 13,0.833333333
376,AA_0423,HZ_BR,LETS38,M,14.3217,52.6506,2017,d,m,m,m,m,m,m,m,100,95,125,120,100,80,mm,mm,mm,mm,dd,mm,HI 14,0.85
379,AA_0426,HZ_BR,LETS38,M,14.3217,52.6506,2017,d,m,m,m,m,d,m,m,100,95,125,120,70,80,mm,mm,mm,mm,mm,mm,HI 14,0.9
164,AA_0210,HZ_BR,LETS38,F,14.3217,52.6506,2016,d,,,m,,,,,94/100,95/100,100/125,120,70/90,80,dm,dm,dm,mm,mm,mm,HI 8,0.714285714
3447,SK2813,HZ_BR,LIEB38,M,13.4636,52.9156,2014,d,d,d,d,d,d,d,d,94,100,100,100,100,100,dd,dd,dd,dd,dd,dd,HI 14,0
3448,SK2814,HZ_BR,LIEB38,M,13.4636,52.9156,2014,d,d,d,d,d,d,d,d,94,100,100,100,90,100,dd,dd,dd,dd,mm,dd,HI 14,0.1
3756,SK3151,HZ_BR,LIEB38,M,13.4636,52.9156,2015,d,d,d,d,d,d,d,d,94,95/100,100,100,90/100,100,dd,dm,dd,dd,dm,dd,HI 14,0.1
3449,SK2815,HZ_BR,LIEB38,F,13.4636,52.9156,2014,d,,dd,dd,dd,dd,dd,,94,100,100,100,90,100,dd,dd,dd,dd,mm,dd,HI 12,0.086956522
3450,SK2816,HZ_BR,LIEB38,F,13.4636,52.9156,2014,d,,dd,dd,dd,dd,dd,dd,94,95,100,100,100,100,dd,mm,dd,dd,dd,dd,HI 13,0.08
3781,SK3171,HZ_BR,LIEB38,F,13.4636,52.9156,2015,d,,dd,dm,dd,dd,dd,dd,94,95/100,100,100,100,100,dd,dm,dd,dd,dd,dd,HI 13,0.08
3965,SK3370,HZ_BR,LIEB38,F,13.4636,52.9156,2015,d,,dd,dd,dd,dd,dd,dd,94,95,100,100/120,100,100,dd,mm,dd,dm,dd,dd,HI 13,0.12
19,AA_0065,HZ_BR,LIEB39,M,13.4642,52.4164,2016,d,d,d,d,d,d,d,d,94,100,100,100,100,100,dd,dd,dd,dd,dd,dd,HI 14,0
21,AA_0067,HZ_BR,LIEB39,M,13.4642,52.4164,2016,d,d,d,d,d,d,d,d,94,95/100,100,100/120,100,100,dd,dm,dd,dm,dd,dd,HI 14,0.1
23,AA_0069,HZ_BR,LIEB39,M,13.4642,52.4164,2016,d,d,d,d,d,d,d,d,94,100,100,100,100,100,dd,dd,dd,dd,dd,dd,HI 14,0
18,AA_0064,HZ_BR,LIEB39,F,13.4642,52.4164,2016,d,,dd,dd,dd,dd,dd,dd,94,95/100,100,100/120,100,100,dd,dm,dd,dm,dd,dd,HI 13,0.08
20,AA_0066,HZ_BR,LIEB39,F,13.4642,52.4164,2016,d,,dd,dd,dd,dd,dd,dd,100,100,100,100,90/100,100,mm,dd,dd,dd,dm,dd,HI 13,0.12
22,AA_0068,HZ_BR,LIEB39,F,13.4642,52.4164,2016,d,,dd,dd,dd,dd,dd,dd,94,100,100,100/120,100,100,dd,dd,dd,dm,dd,dd,HI 13,0.04
24,AA_0070,HZ_BR,LIEB39,F,13.4642,52.4164,2016,d,,dd,dd,dd,dd,dd,dd,94,100,100,100,100,100,dd,dd,dd,dd,dd,dd,HI 13,0
3454,SK2820,HZ_BR,LIET21,F,12.8358,52.6169,2014,d,,dd,dd,dd,dd,dd,dd,100,100,125,100,100,100,mm,dd,mm,dd,dd,dd,HI 13,0.16
3793,SK3184,HZ_BR,LINDE53,M,13.1278,52.8925,2015,d,d,d,d,d,d,d,d,94/100,100,100,100/120,100,80,dm,dd,dd,dm,dd,mm,HI 14,0.2
4694,SK902,HZ_BR,LINDT,M,11.9164,52.6856,2010,d,d,d,d,m,d,d,d,,100,,100,100,100,,dd,,dd,dd,dd,HI 12,0.0625
4695,SK903,HZ_BR,LINDT,F,11.9164,52.6856,2010,d,,dd,dd,,dd,dd,dd,,100,,100,100,100,,dd,,dd,dd,dd,HI 10,0
4696,SK904,HZ_BR,LINDT,F,11.9164,52.6856,2010,d,,dd,dd,mm,,dd,dd,,,,,,,,,,,,,HI 6,0.181818182
4697,SK905,HZ_BR,LINDT,F,11.9164,52.6856,2010,d,,dd,dd,mm,dd,dd,dd,,,,,,,,,,,,,HI 7,0.153846154
4653,SK843,HZ_BR,LINT,M,13.7681,53.4428,2010,d,m,m,m,m,,m,m,,,,,,,,,,,,,HI 7,0.857142857
4654,SK844,HZ_BR,LINT,M,13.7681,53.4428,2010,d,m,m,m,m,d,m,m,,,,,,,,,,,,,HI 8,0.75
4656,SK846,HZ_BR,LINT,M,13.7681,53.4428,2010,d,m,m,m,m,,m,m,,,,,,,,,,,,,HI 7,0.857142857
4657,SK848,HZ_BR,LINT,M,13.7681,53.4428,2010,d,m,m,m,m,,m,m,100,95,,120,90,80,mm,mm,,mm,mm,mm,HI 12,0.941176471
4634,SK824,HZ_BR,LINT,F,13.7681,53.4428,2010,d,,mm,mm,mm,,mm,mm,,,,,,,,,,,,,HI 6,0.909090909
4655,SK845,HZ_BR,LINT,F,13.7681,53.4428,2010,d,,mm,mm,mm,dd,mm,mm,,,,,,,,,,,,,HI 7,0.769230769
4658,SK849,HZ_BR,LINT,F,13.7681,53.4428,2010,d,,mm,mm,mm,,mm,mm,100,95,,120,90,80,mm,mm,,mm,mm,mm,HI 11,0.952380952
3554,SK2925,HZ_BR,LUBA21,F,13.3578,52.6211,2014,d,,dd,dd,dd,dd,dd,dd,94,100,100,100,100,100,dd,dd,dd,dd,dd,dd,HI 13,0
421,AA_0469,HZ_BR,LUBB18,F,13.925,51.9447,2017,d,,mm,mm,dd,,mm,mm,100,100,125,120,100,80,mm,dd,mm,mm,dd,mm,HI 12,0.695652174
422,AA_0470,HZ_BR,LUBB18,F,13.925,51.9447,2017,d,,mm,mm,dd,,mm,mm,100,95/100,125,120,100,80/100,mm,dm,mm,mm,dd,dm,HI 12,0.695652174
98,AA_0144,HZ_BR,LUDER,F,14.0828,52.7,2016,d,,mm,mm,,mm,mm,mm,100,95,125,120,100,80,mm,mm,mm,mm,dd,mm,HI 12,0.869565217
3800,SK3191,HZ_BR,LYCHE6,M,13.3122,53.2242,2015,d,m,m,m,m,d,m,m,94,95/100,125,120,100,100,dd,dm,mm,mm,dd,dd,HI 14,0.55
3801,SK3192,HZ_BR,LYCHE6,F,13.3122,53.2242,2015,m,,mm,mm,mm,dd,mm,mm,100,95/100,125,120,90,80,mm,dm,mm,mm,mm,mm,HI 13,0.88
3741,SK3136,HZ_BR,MADL11,F,14.3106,52.3789,2015,d,,mm,mm,mm,mm,mm,mm,100,95,125,120,100,80,mm,mm,mm,mm,dd,mm,HI 13,0.88
3820,SK3211,HZ_BR,MARIEH,M,13.5994,52.2458,2015,d,d,d,d,d,d,d,d,94,100,100,100,100,100,dd,dd,dd,dd,dd,dd,HI 14,0
208,AA_0254,HZ_BR,MARIEH,M,13.5994,52.2458,2017,d,,d,d,d,d,d,,94,100,100,100,100,100,dd,dd,dd,dd,dd,dd,HI 12,0
209,AA_0255,HZ_BR,MARIEH,M,13.5994,52.2458,2017,,d,d,d,d,d,d,d,94,100,100,100,100,100,dd,dd,dd,dd,dd,dd,HI 13,0
215,AA_0261,HZ_BR,MARIEH,M,13.5994,52.2458,2017,d,,d,d,d,d,d,,94,100,100,100,100,100,dd,dd,dd,dd,dd,dd,HI 12,0
198,AA_0244,HZ_BR,MARIEH,F,13.5994,52.2458,2017,,,dd,mm,dd,dd,dd,dd,94,100,100,100,100,100,dd,dd,dd,dd,dd,dd,HI 12,0.083333333
216,AA_0262,HZ_BR,MARIEH,F,13.5994,52.2458,2017,d,,dd,dd,dd,dd,dd,dd,94,100,100,100,100,100,dd,dd,dd,dd,dd,dd,HI 13,0
217,AA_0263,HZ_BR,MARIEH,F,13.5994,52.2458,2017,d,,dd,dd,dd,dd,dd,dd,94,100,100,100,100,100,dd,dd,dd,dd,dd,dd,HI 13,0
25,AA_0071,HZ_BR,MARIEW,F,13.6,52.8425,2016,d,,dd,dd,dd,dd,dd,dd,94,95/100,100,100,100,100,dd,dm,dd,dd,dd,dd,HI 13,0.04
47,AA_0093,HZ_BR,MILD1,M,13.3047,52.9936,2016,,m,d,,,,d,d,94,100,100,100,100,100,dd,dd,dd,dd,dd,dd,HI 10,0.0625
49,AA_0095,HZ_BR,MILD1,M,13.3047,52.9936,2016,d,m,d,d,d,d,d,d,94,100,100,100,100,100,dd,dd,dd,dd,dd,dd,HI 14,0.05
417,AA_0465,HZ_BR,MILD1,M,13.3047,52.9936,2016,,,,,,,,,94,100,100,100,100,80/100,dd,dd,dd,dd,dd,dm,HI 6,0.083333333
26,AA_0072,HZ_BR,MILD1,F,13.3047,52.9936,2016,d,,dd,dd,dd,dd,dd,dd,94,100,100,100,100,100,dd,dd,dd,dd,dd,dd,HI 13,0
27,AA_0073,HZ_BR,MILD1,F,13.3047,52.9936,2016,d,,dd,dd,dd,dd,dd,dd,94,100,100,100,100,100,dd,dd,dd,dd,dd,dd,HI 13,0
28,AA_0074,HZ_BR,MILD1,F,13.3047,52.9936,2016,d,,dd,dd,dd,dd,dd,dd,94,100,100,100,100,100,dd,dd,dd,dd,dd,dd,HI 13,0
29,AA_0075,HZ_BR,MILD1,F,13.3047,52.9936,2016,d,,dd,dd,dd,dd,dd,dd,94,100,100,100,100,100,dd,dd,dd,dd,dd,dd,HI 13,0
48,AA_0094,HZ_BR,MILD1,F,13.3047,52.9936,2016,m,,dd,dd,dd,dd,dd,dd,94,100,100,100,100,100,dd,dd,dd,dd,dd,dd,HI 13,0.04
77,AA_0123,HZ_BR,MILD1,F,13.3047,52.9936,2016,d,,dd,dd,dd,dd,dd,dd,94,100,100,100,100,100,dd,dd,dd,dd,dd,dd,HI 13,0
78,AA_0124,HZ_BR,MILD1,F,13.3047,52.9936,2016,d,,dm,dd,dd,dd,dd,dd,94,100,100,100,100,100,dd,dd,dd,dd,dd,dd,HI 13,0.04
79,AA_0125,HZ_BR,MILD1,F,13.3047,52.9936,2016,m,,dd,dd,,dd,dd,dd,94,100,100,100,100,100,dd,dd,dd,dd,dd,dd,HI 12,0.043478261
418,AA_0466,HZ_BR,MILD1,F,13.3047,52.9936,2016,,,,,,,,,94,100,100,100,100,100,dd,dd,dd,dd,dd,dd,HI 6,0
419,AA_0467,HZ_BR,MILD1,F,13.3047,52.9936,2016,,,,,,,,,94,100,100,100,100,100,dd,dd,dd,dd,dd,dd,HI 6,0
3705,SK3100,HZ_BR,MILMC47,F,13.595,53.1158,2015,m,,mm,mm,mm,dd,mm,dm,100,95,100/125,120,90,80,mm,mm,dm,mm,mm,mm,HI 13,0.84
3706,SK3101,HZ_BR,MILMC47,F,13.595,53.1158,2015,m,,mm,mm,mm,dm,mm,dm,100,95,100/125,120,90/100,80,mm,mm,dm,mm,dm,mm,HI 13,0.84
3707,SK3102,HZ_BR,MILMC47,F,13.595,53.1158,2015,m,,mm,mm,mm,dm,mm,dm,100,95,100/125,120,90,80,mm,mm,dm,mm,mm,mm,HI 13,0.88
161,AA_0207,HZ_BR,MOLK12,F,14.0672,52.4019,2016,d,,mm,dm,mm,dd,dd,mm,100,95,100,120,70/100,80,mm,mm,dd,mm,dm,mm,HI 13,0.64
163,AA_0209,HZ_BR,MOLK12,F,14.0672,52.4019,2016,d,,mm,mm,,dm,dd,mm,100,95,100,120,70/90,80,mm,mm,dd,mm,mm,mm,HI 12,0.739130435
2446,SK1335,HZ_BR,MUTZD,M,12.4997,52.0536,2011,d,d,d,d,d,d,d,d,,,,,,,,,,,,,HI 8,0
2447,SK1336,HZ_BR,MUTZD,F,12.4997,52.0536,2011,d,,dd,dd,dd,dd,dd,dd,,,,,,,,,,,,,HI 7,0
2448,SK1337,HZ_BR,MUTZD,F,12.4997,52.0536,2011,d,,dd,dd,dd,dd,dd,dd,,,,,,,,,,,,,HI 7,0
2449,SK1338,HZ_BR,MUTZD,F,12.4997,52.0536,2011,d,,dd,dd,dd,,dd,dd,,,,,,,,,,,,,HI 6,0
3564,SK2935,HZ_BR,NETEM7,F,13.7756,53.0867,2014,d,,mm,mm,mm,dd,mm,mm,100,95,125,120,70/90,80/100,mm,mm,mm,mm,mm,dm,HI 13,0.84
3468,SK2834,HZ_BR,NEUG21,M,14.1206,52.7547,2014,d,m,m,m,m,d,m,m,94,95,125,120,70/90,80,dd,mm,mm,mm,mm,mm,HI 14,0.8
3709,SK3104,HZ_BR,NEUG21,M,14.1206,52.7547,2015,d,m,m,m,m,m,m,m,100,100,125,120,70/90,80,mm,dd,mm,mm,mm,mm,HI 14,0.85
3466,SK2832,HZ_BR,NEUG21,F,14.1206,52.7547,2014,d,,mm,mm,mm,dm,dm,mm,94,95,125,120,90,80,dd,mm,mm,mm,mm,mm,HI 13,0.8
3467,SK2833,HZ_BR,NEUG21,F,14.1206,52.7547,2014,d,,mm,mm,mm,mm,dd,mm,100,95,125,120,70/100,80,mm,mm,mm,mm,dm,mm,HI 13,0.84
3713,SK3108,HZ_BR,NEUG21,F,14.1206,52.7547,2015,d,,mm,mm,mm,dd,mm,mm,100,95,125,120,90/100,80,mm,mm,mm,mm,dm,mm,HI 13,0.84
3959,SK3364,HZ_BR,NEUG21,F,14.1206,52.7547,2015,d,,mm,mm,mm,mm,mm,mm,94,95,125,120,90,100,dd,mm,mm,mm,mm,dd,HI 13,0.8
3546,SK2917,HZ_BR,NEULO9,M,13.1972,52.9008,2014,d,d,d,d,d,d,d,d,94,100,100,100,100,100,dd,dd,dd,dd,dd,dd,HI 14,0
3547,SK2918,HZ_BR,NEULO9,M,13.1972,52.9008,2014,d,d,d,d,d,d,d,d,94,100,100,100,100,100,dd,dd,dd,dd,dd,dd,HI 14,0
3550,SK2921,HZ_BR,NEULO9,M,13.1972,52.9008,2014,d,d,d,d,d,d,d,d,,,,,,,,,,,,,HI 8,0
3548,SK2919,HZ_BR,NEULO9,F,13.1972,52.9008,2014,d,,dd,dd,dd,dd,dd,dd,94,100,100,100,100,100,dd,dd,dd,dd,dd,dd,HI 13,0
3549,SK2920,HZ_BR,NEULO9,F,13.1972,52.9008,2014,d,,dd,dd,dd,dd,dd,dd,94,95/100,100,100/120,90,80/100,dd,dm,dd,dm,mm,dm,HI 13,0.2
3757,SK3152,HZ_BR,NEULO9,F,13.1972,52.9008,2015,d,,dd,dd,dd,dd,dd,dd,94/100,95,125,100/120,100,80,dm,mm,mm,dm,dd,mm,HI 13,0.32
3782,SK3172,HZ_BR,NEULO9,F,13.1972,52.9008,2015,d,,dd,dd,dd,dd,dd,dd,94,100,100,100,100,100,dd,dd,dd,dd,dd,dd,HI 13,0
3784,SK3175,HZ_BR,NEULO9,F,13.1972,52.9008,2015,d,,dd,dd,dd,dd,dd,dd,94/100,100,100,100/120,100,100,dm,dd,dd,dm,dd,dd,HI 13,0.08
136,AA_0182,HZ_BR,NEULUD,F,13.1725,53.0503,2016,d,,dd,dd,dd,dd,dd,dd,94,100,100,100/120,100,100,dd,dd,dd,dm,dd,dd,HI 13,0.04
3751,SK3146,HZ_BR,NEUM39,M,14.1611,52.7408,2015,d,m,m,m,m,m,m,m,100,95,125,120,100,80,mm,mm,mm,mm,dd,mm,HI 14,0.85
3770,SK3160,HZ_BR,NEUM39,F,14.1611,52.7408,2015,d,,mm,mm,mm,mm,dm,mm,100,95,125,120,70/90,80,mm,mm,mm,mm,mm,mm,HI 13,0.92
3771,SK3161,HZ_BR,NEUM39,F,14.1611,52.7408,2015,d,,mm,mm,mm,mm,mm,mm,100,95,125,120,90,80,mm,mm,mm,mm,mm,mm,HI 13,0.96
3534,SK2905,HZ_BR,NEUR14,M,14.1825,52.7914,2014,d,m,m,m,m,m,m,m,100,95,125,120,70/100,80,mm,mm,mm,mm,dm,mm,HI 14,0.9
3479,SK2845,HZ_BR,NEUR14,F,14.1825,52.7914,2014,m,,mm,mm,dm,dm,mm,mm,94/100,95,125,120,90,80,dm,mm,mm,mm,mm,mm,HI 13,0.88
3480,SK2846,HZ_BR,NEUR14,F,14.1825,52.7914,2014,d,,mm,mm,mm,mm,mm,mm,100,95,125,120,90,80,mm,mm,mm,mm,mm,mm,HI 13,0.96
3483,SK2849,HZ_BR,NEUR14,F,14.1825,52.7914,2014,d,,mm,mm,mm,mm,mm,mm,100,95,100,120,70,80,mm,mm,dd,mm,mm,mm,HI 13,0.88
3527,SK2894,HZ_BR,NEUR14,F,14.1825,52.7914,2014,m,,mm,mm,mm,mm,mm,mm,100,95,100/125,120,70/90,80,mm,mm,dm,mm,mm,mm,HI 13,0.96
219,AA_0265,HZ_BR,NEUZI14,M,13.7608,52.385,2017,d,m,d,d,d,d,m,d,94,100,100,100,100,100,dd,dd,dd,dd,dd,dd,HI 14,0.1
240,AA_0286,HZ_BR,NEUZI8,F,13.7772,52.3744,2017,d,,dd,dd,dd,dd,dd,dd,94,100,100,100,90/100,100,dd,dd,dd,dd,dm,dd,HI 13,0.04
398,AA_0445,HZ_BR,NIEW25,F,14.2272,52.0753,2017,m,,mm,mm,mm,,mm,mm,100,95,125,120,90,100,mm,mm,mm,mm,mm,dd,HI 12,0.913043478
50,AA_0096,HZ_BR,OEHN,F,13.0439,51.93,2016,,,,,,,,,94,100,100,100,100,100,dd,dd,dd,dd,dd,dd,HI 6,0
3743,SK3138,HZ_BR,ORTB7,M,13.7586,53.1406,2015,d,m,m,m,,d,m,m,100,95,125,120,90,80,mm,mm,mm,mm,mm,mm,HI 13,0.894736842
3744,SK3139,HZ_BR,ORTB7,M,13.7586,53.1406,2015,d,m,m,m,m,d,m,m,100,95,125,120,90,80,mm,mm,mm,mm,mm,mm,HI 14,0.9
3748,SK3143,HZ_BR,ORTB7,M,13.7586,53.1406,2015,d,m,m,m,m,d,m,m,100,95,125,120,90,80,mm,mm,mm,mm,mm,mm,HI 14,0.9
3752,SK3147,HZ_BR,ORTB7,M,13.7586,53.1406,2015,d,m,m,m,m,d,m,m,100,95,125,120,70,80,mm,mm,mm,mm,mm,mm,HI 14,0.9
3962,SK3367,HZ_BR,ORTB7,M,13.7586,53.1406,2015,d,m,m,m,m,d,m,m,100,95,125,120,90,80,mm,mm,mm,mm,mm,mm,HI 14,0.9
3745,SK3140,HZ_BR,ORTB7,F,13.7586,53.1406,2015,d,,mm,mm,mm,dd,mm,mm,100,95,125,120,70,80,mm,mm,mm,mm,mm,mm,HI 13,0.88
247,AA_0293,HZ_BR,ORTB7,F,13.7586,53.1406,2017,d,,mm,mm,mm,dd,mm,mm,100,95,125,120,90,80,mm,mm,mm,mm,mm,mm,HI 13,0.88
391,AA_0438,HZ_BR,PAPP1,M,13.6506,53.2108,2017,d,m,m,m,m,,m,m,100,95,125,120,70,80,mm,mm,mm,mm,mm,mm,HI 13,0.947368421
402,AA_0449,HZ_BR,PAPP1,M,13.6506,53.2108,2017,d,m,m,m,m,,m,m,100,95,125,120,70,80,mm,mm,mm,mm,mm,mm,HI 13,0.947368421
409,AA_0456,HZ_BR,PAPP1,M,13.6506,53.2108,2017,m,,m,m,m,,m,m,,,,,,,,,,,,,HI 6,1
3753,SK3148,HZ_BR,PAPP1,F,13.6506,53.2108,2015,d,,mm,mm,mm,dd,mm,mm,100,95,155,120,100,80,mm,mm,mm,mm,dd,mm,HI 13,0.8
3754,SK3149,HZ_BR,PAPP1,F,13.6506,53.2108,2015,d,,mm,mm,mm,dd,mm,mm,100,95,125,120,90,100,mm,mm,mm,mm,mm,dd,HI 13,0.8
3963,SK3368,HZ_BR,PAPP1,F,13.6506,53.2108,2015,d,,mm,mm,mm,dd,mm,mm,100,95,125/155,120,90/100,100,mm,mm,mm,mm,dm,dd,HI 13,0.76
403,AA_0450,HZ_BR,PAPP1,F,13.6506,53.2108,2015,d,,mm,mm,mm,,mm,mm,100,95,125,120,70,80,mm,mm,mm,mm,mm,mm,HI 12,0.956521739
404,AA_0451,HZ_BR,PAPP1,F,13.6506,53.2108,2015,d,,mm,mm,mm,,mm,mm,100,95,125,120,90,80,mm,mm,mm,mm,mm,mm,HI 12,0.956521739
405,AA_0452,HZ_BR,PAPP1,F,13.6506,53.2108,2015,d,,mm,mm,mm,,mm,mm,100,95,125,120,70/90,80,mm,mm,mm,mm,mm,mm,HI 12,0.956521739
4627,SK810,HZ_BR,PARL21,M,15.0633,53.4506,2010,d,m,m,m,m,,m,m,100,,,120,90,80,mm,,,mm,mm,mm,HI 11,0.933333333
4626,SK809,HZ_BR,PARL8,M,15.0647,53.4481,2010,d,m,m,m,m,,m,m,,95,125,120,,80,,mm,mm,mm,,mm,HI 11,0.933333333
3455,SK2821,HZ_BR,PAUS,M,13.0447,52.6372,2014,d,d,d,d,d,d,d,d,94,100,100,100,100,100,dd,dd,dd,dd,dd,dd,HI 14,0
3456,SK2822,HZ_BR,PAUS,M,13.0447,52.6372,2014,d,d,d,d,d,d,d,d,94,100,100,100,90,100,dd,dd,dd,dd,mm,dd,HI 14,0.1
3459,SK2825,HZ_BR,PAUS,M,13.0447,52.6372,2014,d,d,d,d,d,d,d,d,94,100,100,100,100,100,dd,dd,dd,dd,dd,dd,HI 14,0
3804,SK3195,HZ_BR,PAUS,M,13.0447,52.6372,2015,d,d,d,d,d,d,d,d,94,100,100,100,100,100,dd,dd,dd,dd,dd,dd,HI 14,0
3457,SK2823,HZ_BR,PAUS,F,13.0447,52.6372,2014,d,,dd,dd,dd,dd,dd,dd,94,100,100,100,100,100,dd,dd,dd,dd,dd,dd,HI 13,0
3458,SK2824,HZ_BR,PAUS,F,13.0447,52.6372,2014,d,,dd,dd,dd,dd,dd,dd,94,100,100,100,100,100,dd,dd,dd,dd,dd,dd,HI 13,0
195,AA_0241,HZ_BR,PRADI7,F,14.0103,52.6242,2017,d,,mm,mm,mm,mm,dm,mm,94/100,95,100/125,120,70,80,dm,mm,dm,mm,mm,mm,HI 13,0.84
46,AA_0092,HZ_BR,PREN14,M,13.5544,52.7881,2016,,,,,,,,,94,100,100,100,100,100,dd,dd,dd,dd,dd,dd,HI 6,0
97,AA_0143,HZ_BR,PREN14,M,13.5544,52.7881,2016,,d,d,d,d,d,d,d,94,100,100,100,100,100,dd,dd,dd,dd,dd,dd,HI 13,0
45,AA_0091,HZ_BR,PREN14,F,13.5544,52.7881,2016,d,,,,,dd,dd,dd,94,100,100,100,100,100,dd,dd,dd,dd,dd,dd,HI 10,0
4732,SK968,HZ_BR,REHF,M,12.3289,52.9442,2011,d,d,d,d,d,d,d,d,,,,,,,,,,,,,HI 8,0
81,AA_0127,HZ_BR,RIBB8,M,13.2567,53.0322,2016,d,m,d,d,d,d,d,d,94,100,100,100,100,100,dd,dd,dd,dd,dd,dd,HI 14,0.05
83,AA_0129,HZ_BR,RIBB8,F,13.2567,53.0322,2016,d,,dd,dd,dd,dd,dd,dd,94,100,100,,100,100,dd,dd,dd,,dd,dd,HI 12,0
55,AA_0101,HZ_BR,ROSENT,M,13.4639,51.8625,2016,d,d,d,d,d,d,d,d,94,100,100,100,100,100,dd,dd,dd,dd,dd,dd,HI 14,0
54,AA_0100,HZ_BR,ROSENT,F,13.4639,51.8625,2016,d,,dd,dd,,dd,dd,dd,94,100,100,100,100,100,dd,dd,dd,dd,dd,dd,HI 12,0
51,AA_0097,HZ_BR,RUDN21,M,13.64,52.7169,2016,d,,d,d,,d,d,d,94,95/100,100,100,100,100,dd,dm,dd,dd,dd,dd,HI 12,0.055555556
52,AA_0098,HZ_BR,RUDN21,M,13.64,52.7169,2016,d,d,d,d,d,d,d,d,94,100,100,100,100,100,dd,dd,dd,dd,dd,dd,HI 14,0
3537,SK2908,HZ_BR,RUDN21,F,13.64,52.7169,2014,d,,dd,mm,dd,dd,dd,dd,94/100,100,100,100,70/90,100,dm,dd,dd,dd,mm,dd,HI 13,0.2
4451,SK4057,HZ_BR,RUDOW94,M,13.5183,52.4108,2017,,,,d,d,,,,94,100,100,100,100,100,dd,dd,dd,dd,dd,dd,HI 8,0
3797,SK3188,HZ_BR,RUTE41,F,13.3067,53.2531,2015,d,,mm,mm,mm,dd,mm,mm,100,95,125,120,70/90,80,mm,mm,mm,mm,mm,mm,HI 13,0.88
3799,SK3190,HZ_BR,RUTERE,M,13.3047,53.2522,2015,d,m,m,m,m,d,m,m,100,95,125,120,90,80,mm,mm,mm,mm,mm,mm,HI 14,0.9
359,AA_0403,HZ_BR,SABR6,M,14.1736,52.0892,2017,m,m,m,m,m,d,m,m,94/100,100,125,120,70/100,80,dm,dd,mm,mm,dm,mm,HI 14,0.75
370,AA_0416,HZ_BR,SABR6,M,14.1736,52.0892,2017,d,m,m,m,m,m,m,m,94/100,95,100/125,120,70,80,dm,mm,dm,mm,mm,mm,HI 14,0.85
356,AA_0400,HZ_BR,SABR6,F,14.1736,52.0892,2017,m,,mm,mm,mm,dm,dm,dm,100,95/100,125,120,70/90,80,mm,dm,mm,mm,mm,mm,HI 13,0.84
360,AA_0404,HZ_BR,SABR6,F,14.1736,52.0892,2017,m,,mm,mm,mm,dm,dm,dd,100,95/100,125,120,70/90,80,mm,dm,mm,mm,mm,mm,HI 13,0.8
330,AA_0374,HZ_BR,SAW10,M,14.1808,52.0747,2017,m,m,m,d,d,d,d,d,100,95/100,100/125,120,70,100,mm,dm,dm,mm,mm,dd,HI 14,0.55
331,AA_0375,HZ_BR,SAW10,M,14.1808,52.0747,2017,m,m,m,,d,,,,100,95,100/125,120,70,100,mm,mm,dm,mm,mm,dd,HI 10,0.75
344,AA_0388,HZ_BR,SAW10,M,14.1808,52.0747,2017,m,m,m,d,d,d,d,d,100,95,125,100,70/100,80,mm,mm,mm,dd,dm,mm,HI 14,0.6
347,AA_0391,HZ_BR,SAW10,M,14.1808,52.0747,2017,m,,m,d,,m,m,m,100,95,125,120,70,100,mm,mm,mm,mm,mm,dd,HI 12,0.833333333
361,AA_0405,HZ_BR,SAW10,M,14.1808,52.0747,2017,m,m,m,m,m,m,m,m,100,95,100,100,90/100,100,mm,mm,dd,dd,dm,dd,HI 14,0.65
350,AA_0394,HZ_BR,SAW10,F,14.1808,52.0747,2017,m,,mm,dm,dd,dm,mm,mm,94/100,95/100,100/125,120,70,100,dm,dm,dm,mm,mm,dd,HI 13,0.64
357,AA_0401,HZ_BR,SAW10,F,14.1808,52.0747,2017,m,,mm,mm,mm,mm,mm,mm,100,95,100/125,120,,100,mm,mm,dm,mm,,dd,HI 12,0.869565217
358,AA_0402,HZ_BR,SAW10,F,14.1808,52.0747,2017,m,,mm,mm,mm,mm,mm,mm,94,95,100/125,100/120,70/100,80,dd,mm,dm,dm,dm,mm,HI 13,0.8
365,AA_0409,HZ_BR,SAW10,F,14.1808,52.0747,2017,m,,mm,dm,mm,mm,mm,mm,100,95,100,120,70,100,mm,mm,dd,mm,mm,dd,HI 13,0.8
366,AA_0410,HZ_BR,SAW10,F,14.1808,52.0747,2017,m,,mm,dm,dd,dm,dm,dm,100,95,100/125,120,70,100,mm,mm,dm,mm,mm,dd,HI 13,0.64
367,AA_0413,HZ_BR,SAW10,F,14.1808,52.0747,2017,m,,mm,dm,dm,dm,dm,dd,94,,100/125,100,100,80/100,dd,,dm,dd,dd,dm,HI 12,0.391304348
369,AA_0415,HZ_BR,SAW10,F,14.1808,52.0747,2017,m,,mm,dm,dd,dm,mm,mm,,95,100,120,70,100,,mm,dd,mm,mm,dd,HI 12,0.652173913
395,AA_0442,HZ_BR,SCHAD5,M,14.2697,52.0439,2017,d,m,m,m,m,,m,m,100,95,125,120,90,80,mm,mm,mm,mm,mm,mm,HI 13,0.947368421
397,AA_0444,HZ_BR,SCHAD5,F,14.2697,52.0439,2017,d,,mm,mm,dd,,mm,mm,100,95,125,100/120,90,80,mm,mm,mm,dm,mm,mm,HI 12,0.826086957
410,AA_0457,HZ_BR,SCHAD5,F,14.2697,52.0439,2017,d,,mm,mm,dd,,mm,mm,100,95,100/125,120,90/100,100,mm,mm,dm,mm,dm,dd,HI 12,0.695652174
411,AA_0458,HZ_BR,SCHAD5,F,14.2697,52.0439,2017,d,,dd,mm,mm,,mm,mm,100,95,125,120,90/100,80,mm,mm,mm,mm,dm,mm,HI 12,0.826086957
3819,SK3210,HZ_BR,SCHEN8f,F,13.5992,52.2725,2015,d,,dd,dd,dd,dd,dd,dd,94,100,100,100,100,100,dd,dd,dd,dd,dd,dd,HI 13,0
3816,SK3207,HZ_BR,SCHEN8h,M,13.5953,52.2742,2015,d,,d,d,d,d,d,d,94,100,100,100,100,100,dd,dd,dd,dd,dd,dd,HI 13,0
3817,SK3208,HZ_BR,SCHEN8h,M,13.5953,52.2742,2015,d,d,d,d,d,d,d,d,100,100,100,100,100,100,mm,dd,dd,dd,dd,dd,HI 14,0.1
15,AA_0061,HZ_BR,SCHEN8h,M,13.5953,52.2742,2016,d,d,d,d,d,d,d,d,94,100,100,100,100,100,dd,dd,dd,dd,dd,dd,HI 14,0
3818,SK3209,HZ_BR,SCHEN8h,F,13.5953,52.2742,2015,d,,dd,dd,dd,dd,dd,dd,94,95,100,100/120,90/100,100,dd,mm,dd,dm,dm,dd,HI 13,0.16
3822,SK3213,HZ_BR,SCHEN8h,F,13.5953,52.2742,2015,d,,dd,dd,dd,dd,dd,dd,94,100,100,100,100,100,dd,dd,dd,dd,dd,dd,HI 13,0
16,AA_0062,HZ_BR,SCHEN8h,F,13.5953,52.2742,2016,d,,dd,dd,dd,dd,dd,dd,94,100,100/125,100,100,100,dd,dd,dm,dd,dd,dd,HI 13,0.04
212,AA_0258,HZ_BR,SCHEN8h,F,13.5953,52.2742,2017,d,,dd,dd,dd,dd,dd,dd,94,100,100,120,100,80,dd,dd,dd,mm,dd,mm,HI 13,0.16
3740,SK3135,HZ_BR,SCHIFF29,M,14.0569,52.8092,2015,d,m,m,m,m,m,m,m,100,95,125,120,70,100,mm,mm,mm,mm,mm,dd,HI 14,0.85
3803,SK3194,HZ_BR,SCHIFF29,M,14.0569,52.8092,2015,d,m,m,m,m,m,m,m,100,95,125,120,90,100,mm,mm,mm,mm,mm,dd,HI 14,0.85
3714,SK3109,HZ_BR,SCHIFF29,F,14.0569,52.8092,2015,d,,mm,mm,mm,mm,mm,mm,100,95,125,120,90,100,mm,mm,mm,mm,mm,dd,HI 13,0.88
3742,SK3137,HZ_BR,SCHIFF29,F,14.0569,52.8092,2015,d,,mm,mm,mm,mm,mm,mm,100,95,125,120,90,100,mm,mm,mm,mm,mm,dd,HI 13,0.88
196,AA_0242,HZ_BR,SCHIFF6,M,14.0378,52.8075,2017,d,m,m,m,m,m,m,m,100,95,125,120,70,80/100,mm,mm,mm,mm,mm,dm,HI 14,0.9
3529,SK2896,HZ_BR,SCHM1,F,13.345,52.7886,2014,d,,dd,dd,dd,dd,dd,dd,94,100,100,100,100,100,dd,dd,dd,dd,dd,dd,HI 13,0
3552,SK2923,HZ_BR,SCHM1,F,13.345,52.7886,2014,d,,dd,dd,dd,dd,dd,dd,94,100,100,100,100,100,dd,dd,dd,dd,dd,dd,HI 13,0
3764,SK3154,HZ_BR,SCHORF16,M,13.5472,52.9217,2015,d,d,d,d,d,d,d,d,94,100,100,120,100,100,dd,dd,dd,mm,dd,dd,HI 14,0.1
3765,SK3155,HZ_BR,SCHORF16,M,13.5472,52.9217,2015,d,d,d,d,d,d,d,d,94,100,100,120,100,100,dd,dd,dd,mm,dd,dd,HI 14,0.1
3768,SK3158,HZ_BR,SCHORF16,M,13.5472,52.9217,2015,d,d,d,d,d,d,d,d,100,100,100,120,100,100,mm,dd,dd,mm,dd,dd,HI 14,0.2
3766,SK3156,HZ_BR,SCHORF16,F,13.5472,52.9217,2015,d,,dd,dd,dd,dd,dd,dd,94,100,100,120,100,80,dd,dd,dd,mm,dd,mm,HI 13,0.16
3767,SK3157,HZ_BR,SCHORF16,F,13.5472,52.9217,2015,d,,,dd,dd,dd,dd,dd,94,100,100,120,100,100,dd,dd,dd,mm,dd,dd,HI 12,0.086956522
221,AA_0267,HZ_BR,SCHORF16,F,13.5472,52.9217,2017,d,,dd,dd,dd,dd,dd,dd,94,100,100,120,100,100,dd,dd,dd,mm,dd,dd,HI 13,0.08
226,AA_0272,HZ_BR,SCHORF28,M,13.5353,52.8969,2017,,,,,,,,,100,100,,100,70/100,,mm,dd,,dd,dm,,HI 4,0.375
227,AA_0273,HZ_BR,SCHORF28,M,13.5353,52.8969,2017,d,d,d,d,d,d,d,d,94/100,100,,120,100,80,dm,dd,,mm,dd,mm,HI 13,0.277777778
230,AA_0276,HZ_BR,SCHORF28,M,13.5353,52.8969,2017,d,m,d,d,d,d,d,d,100,100,100,100/120,90,,mm,dd,dd,dm,mm,,HI 13,0.333333333
231,AA_0277,HZ_BR,SCHORF28,M,13.5353,52.8969,2017,,m,,,,,,,94,100,100,120,100,80/100,dd,dd,dd,mm,dd,dm,HI 7,0.307692308
235,AA_0281,HZ_BR,SCHORF28,M,13.5353,52.8969,2017,d,d,,,,,,,94,100,100,100/120,100,80,dd,dd,dd,dm,dd,mm,HI 8,0.214285714
236,AA_0282,HZ_BR,SCHORF28,M,13.5353,52.8969,2017,,,,,,,,,94,100,100,120,100,100,dd,dd,dd,mm,dd,dd,HI 6,0.166666667
239,AA_0285,HZ_BR,SCHORF28,M,13.5353,52.8969,2017,d,d,d,d,d,d,d,,94,100,100,100/120,90,,dd,dd,dd,dm,mm,,HI 12,0.176470588
225,AA_0271,HZ_BR,SCHORF28,F,13.5353,52.8969,2017,,,,,,,,,100,95/100,125,100/120,70/100,80/100,mm,dm,mm,dm,dm,dm,HI 6,0.666666667
232,AA_0278,HZ_BR,SCHORF28,F,13.5353,52.8969,2017,d,,,,,,,,94/100,100,100,100,90,100,dm,dd,dd,dd,mm,dd,HI 7,0.230769231
237,AA_0283,HZ_BR,SCHORF28,F,13.5353,52.8969,2017,,,,,,,,,94,100,100,100/120,100,100,dd,dd,dd,dm,dd,dd,HI 6,0.083333333
238,AA_0284,HZ_BR,SCHORF28,F,13.5353,52.8969,2017,,,dd,mm,dd,,dd,dd,94,100,100,120,100,80,dd,dd,dd,mm,dd,mm,HI 11,0.272727273
245,AA_0291,HZ_BR,SCHORF28,F,13.5353,52.8969,2017,d,,dd,dd,dd,dd,dd,dd,94,100,100,120,100,80,dd,dd,dd,mm,dd,mm,HI 13,0.16
246,AA_0292,HZ_BR,SCHORF28,F,13.5353,52.8969,2017,d,,dd,dd,dd,dd,dd,dd,94,100,100,100/120,100,80,dd,dd,dd,dm,dd,mm,HI 13,0.12
261,AA_0305,HZ_BR,SCHORF28,F,13.5353,52.8969,2017,d,,mm,dm,dd,dd,dd,dd,94,100,100/125,100/120,100,100,dd,dd,dm,dm,dd,dd,HI 13,0.2
326,AA_0370,HZ_BR,SEEW6,F,13.8767,52.2089,2017,d,,mm,dd,dd,dd,dd,dd,94,100,100,100,100,100,dd,dd,dd,dd,dd,dd,HI 13,0.08
3460,SK2826,HZ_BR,STAFF,M,12.9925,52.7297,2014,d,d,d,d,d,d,d,d,94,100,100,100,100,100,dd,dd,dd,dd,dd,dd,HI 14,0
3556,SK2927,HZ_BR,STEG1,M,13.8433,53.1267,2014,m,m,m,m,m,d,m,m,100,95,125,120,100,80,mm,mm,mm,mm,dd,mm,HI 14,0.85
3787,SK3178,HZ_BR,STEG1,M,13.8433,53.1267,2015,m,m,m,m,m,d,m,m,100,95/100,125,120,90,80,mm,dm,mm,mm,mm,mm,HI 14,0.9
131,AA_0177,HZ_BR,STEG1,M,13.8433,53.1267,2016,d,m,m,m,,d,m,m,,,,,,,,,,,,,HI 7,0.714285714
3557,SK2928,HZ_BR,STEG1,F,13.8433,53.1267,2014,m,,mm,mm,mm,dd,mm,mm,,,,,,,,,,,,,HI 7,0.846153846
3558,SK2929,HZ_BR,STEG1,F,13.8433,53.1267,2014,m,,mm,mm,mm,dd,mm,mm,100,95,125,120,70/90,80,mm,mm,mm,mm,mm,mm,HI 13,0.92
3561,SK2932,HZ_BR,STEG1,F,13.8433,53.1267,2014,m,,mm,mm,mm,dd,mm,mm,100,95,125,120,70,80,mm,mm,mm,mm,mm,mm,HI 13,0.92
92,AA_0138,HZ_BR,STEINHO1,F,14.1167,52.4206,2016,d,,mm,mm,mm,dm,mm,mm,100,95,125,120,70,100,mm,mm,mm,mm,mm,dd,HI 13,0.84
3788,SK3179,HZ_BR,STERNF2,M,13.9703,53.0039,2015,d,m,m,m,d,d,m,m,100,95,100/125,100,100,80,mm,mm,dm,dd,dd,mm,HI 14,0.6
3791,SK3182,HZ_BR,STERNF2,M,13.9703,53.0039,2015,d,m,m,m,m,d,m,m,100,95,125,120,90,80,mm,mm,mm,mm,mm,mm,HI 14,0.9
3795,SK3186,HZ_BR,STERNF2,M,13.9703,53.0039,2015,d,m,m,m,m,d,m,m,100,95,125,120,70/90,80,mm,mm,mm,mm,mm,mm,HI 14,0.9
3789,SK3180,HZ_BR,STERNF2,F,13.9703,53.0039,2015,d,,mm,mm,mm,dd,mm,mm,100,95,125,100,90/100,80,mm,mm,mm,dd,dm,mm,HI 13,0.76
3972,SK3377,HZ_BR,STERNF2,F,13.9703,53.0039,2015,d,,mm,mm,mm,dd,mm,mm,100,95,125,120,90/100,100,mm,mm,mm,mm,dm,dd,HI 13,0.76
3708,SK3103,HZ_BR,STORK17,M,13.4458,53.0478,2015,d,m,m,m,m,d,m,m,94,95/100,100/125,120,100,100,dd,dm,dm,mm,dd,dd,HI 14,0.5
3711,SK3106,HZ_BR,STORK17,F,13.4458,53.0478,2015,d,,mm,mm,mm,dd,mm,mm,100,95,100,120,90,80,mm,mm,dd,mm,mm,mm,HI 13,0.8
3956,SK3361,HZ_BR,STORK17,F,13.4458,53.0478,2015,d,,mm,mm,mm,dm,mm,mm,100,95,100/125,120,100,80,mm,mm,dm,mm,dd,mm,HI 13,0.8
157,AA_0203,HZ_BR,STORK18,F,13.4464,53.0481,2016,d,,mm,mm,mm,dd,mm,mm,100,95/100,125,120,90/100,100,mm,dm,mm,mm,dm,dd,HI 13,0.72
159,AA_0205,HZ_BR,STORK18,F,13.4464,53.0481,2016,d,,mm,mm,mm,dd,mm,mm,100,95/100,100/125,120,100,100,mm,dm,dm,mm,dd,dd,HI 13,0.64
162,AA_0208,HZ_BR,STORK18,F,13.4464,53.0481,2016,d,,mm,mm,mm,dd,mm,mm,100,95,100/125,120,100,80,mm,mm,dm,mm,dd,mm,HI 13,0.76
281,AA_0325,HZ_BR,STORK84,M,13.4408,53.0497,2017,d,m,m,m,m,d,m,m,100,100,125,120,90,80,mm,dd,mm,mm,mm,mm,HI 14,0.8
301,AA_0345,HZ_BR,STORK84,M,13.4408,53.0497,2017,d,m,m,m,m,d,m,m,100,95/100,100/125,120,90,80,mm,dm,dm,mm,mm,mm,HI 14,0.8
303,AA_0347,HZ_BR,STORK84,M,13.4408,53.0497,2017,d,,m,m,m,d,m,m,100,100,100/125,120,,80,mm,dd,dm,mm,,mm,HI 12,0.705882353
304,AA_0348,HZ_BR,STORK84,M,13.4408,53.0497,2017,d,m,m,m,m,m,m,m,100,95,100/125,120,,100,mm,mm,dm,mm,,dd,HI 13,0.777777778
306,AA_0350,HZ_BR,STORK84,M,13.4408,53.0497,2017,d,m,m,m,m,d,m,m,100,95/100,100,120,90,80,mm,dm,dd,mm,mm,mm,HI 14,0.75
308,AA_0352,HZ_BR,STORK84,M,13.4408,53.0497,2017,d,m,m,m,m,d,m,m,100,95,100/125,120,90/100,80,mm,mm,dm,mm,dm,mm,HI 14,0.8
283,AA_0327,HZ_BR,STORK84,F,13.4408,53.0497,2017,d,,mm,mm,mm,dd,mm,mm,100,100,100/125,120,70/90,80/100,mm,dd,dm,mm,mm,dm,HI 13,0.72
284,AA_0328,HZ_BR,STORK84,F,13.4408,53.0497,2017,d,,mm,mm,mm,dm,mm,mm,100,95/100,100/125,120,90,100,mm,dm,dm,mm,mm,dd,HI 13,0.76
300,AA_0344,HZ_BR,STORK84,F,13.4408,53.0497,2017,d,,mm,mm,mm,dd,mm,mm,100,100,125,120,90,80,mm,dd,mm,mm,mm,mm,HI 13,0.8
302,AA_0346,HZ_BR,STORK84,F,13.4408,53.0497,2017,d,,,mm,mm,dd,mm,mm,100,100,100/125,120,90,80,mm,dd,dm,mm,mm,mm,HI 12,0.739130435
305,AA_0349,HZ_BR,STORK84,F,13.4408,53.0497,2017,d,,mm,mm,mm,dd,mm,dm,94,95,100/125,120,,80,dd,mm,dm,mm,,mm,HI 12,0.695652174
307,AA_0351,HZ_BR,STORK84,F,13.4408,53.0497,2017,d,,mm,mm,mm,dd,mm,dm,100,100,125,120,100,100,mm,dd,mm,mm,dd,dd,HI 13,0.6
309,AA_0353,HZ_BR,STORK84,F,13.4408,53.0497,2017,d,,mm,mm,mm,dm,mm,mm,100,95/100,100,120,90/100,100,mm,dm,dd,mm,dm,dd,HI 13,0.68
310,AA_0354,HZ_BR,STORK84,F,13.4408,53.0497,2017,d,,mm,mm,mm,dm,mm,mm,100,95/100,100,120,90,80,mm,dm,dd,mm,mm,mm,HI 13,0.8
311,AA_0355,HZ_BR,STORK84,F,13.4408,53.0497,2017,d,,mm,mm,mm,dm,mm,mm,100,95,100/125,120,90,100,mm,mm,dm,mm,mm,dd,HI 13,0.8
313,AA_0357,HZ_BR,STORK84,F,13.4408,53.0497,2017,d,,mm,mm,mm,dd,mm,dm,94,100,125,120,100,100,dd,dd,mm,mm,dd,dd,HI 13,0.52
314,AA_0358,HZ_BR,STORK84,F,13.4408,53.0497,2017,d,,mm,mm,mm,dd,mm,mm,94,95/100,100/125,120,100,80,dd,dm,dm,mm,dd,mm,HI 13,0.64
316,AA_0360,HZ_BR,STORK84,F,13.4408,53.0497,2017,d,,mm,mm,,dd,mm,mm,100,95/100,100,120,90,80,mm,dm,dd,mm,mm,mm,HI 12,0.739130435
4632,SK822,HZ_BR,TARN7,F,14.9233,53.4911,2010,d,,mm,mm,mm,dm,mm,mm,100,95,125,120,90,80,mm,mm,mm,mm,mm,mm,HI 13,0.92
4633,SK823,HZ_BR,TARN7,F,14.9233,53.4911,2010,d,,mm,mm,mm,mm,mm,dm,100,95,125,120,90,80,mm,mm,mm,mm,mm,mm,HI 13,0.92
3553,SK2924,HZ_BR,TEMM,M,13.7556,53.0967,2014,d,m,m,m,m,d,m,m,100,95,125,120,90,80,mm,mm,mm,mm,mm,mm,HI 14,0.9
3462,SK2828,HZ_BR,TEMPE8c,M,13.7222,52.7111,2014,d,d,d,d,d,d,d,d,94,100,100,100,100,100,dd,dd,dd,dd,dd,dd,HI 14,0
289,AA_0333,HZ_BR,TEMPL1,M,13.4781,53.1153,2017,m,m,m,m,m,m,m,m,100,95,125,120,100,80,mm,mm,mm,mm,dd,mm,HI 14,0.9
292,AA_0336,HZ_BR,TEMPL1,M,13.4781,53.1153,2017,m,m,m,m,d,m,m,m,,95,125,120,70/90,80,,mm,mm,mm,mm,mm,HI 13,0.944444444
287,AA_0331,HZ_BR,TEMPL1,F,13.4781,53.1153,2017,m,,mm,mm,mm,mm,mm,mm,,95,125,120,90/100,80,,mm,mm,mm,dm,mm,HI 12,0.956521739
288,AA_0332,HZ_BR,TEMPL1,F,13.4781,53.1153,2017,m,,mm,mm,mm,dm,mm,mm,,95,125,120,90,80,,mm,mm,mm,mm,mm,HI 12,0.956521739
315,AA_0359,HZ_BR,TEMPL28,M,13.4864,53.1275,2017,m,m,m,m,m,d,m,m,100,95,125,120,70/90,80,mm,mm,mm,mm,mm,mm,HI 14,0.95
317,AA_0361,HZ_BR,TEMPL28,M,13.4864,53.1275,2017,m,,m,m,,d,m,m,100,95,125,120,90,80,mm,mm,mm,mm,mm,mm,HI 12,0.944444444
322,AA_0366,HZ_BR,TEMPL28,M,13.4864,53.1275,2017,m,m,m,m,,d,m,m,100,95,125,120,70/90,80,mm,mm,mm,mm,mm,mm,HI 13,0.947368421
325,AA_0369,HZ_BR,TEMPL28,M,13.4864,53.1275,2017,m,m,m,m,m,d,m,m,100,95,125,120,90,80,mm,mm,mm,mm,mm,mm,HI 14,0.95
297,AA_0341,HZ_BR,TEMPL28,F,13.4864,53.1275,2017,m,,mm,mm,mm,dd,mm,,100,95,125,120,70/90,80,mm,mm,mm,mm,mm,mm,HI 12,0.913043478
324,AA_0368,HZ_BR,TEMPL28,F,13.4864,53.1275,2017,m,,mm,mm,mm,dd,mm,mm,100,95,125,120,90,80,mm,mm,mm,mm,mm,mm,HI 13,0.92
328,AA_0372,HZ_BR,TEMPL28,F,13.4864,53.1275,2017,,,,,,,,,100,95,125,120,90,80,mm,mm,mm,mm,mm,mm,HI 6,1
332,AA_0376,HZ_BR,TEMPL28,F,13.4864,53.1275,2017,m,,mm,mm,,dd,mm,mm,100,95,125,120,90,80,mm,mm,mm,mm,mm,mm,HI 12,0.913043478
336,AA_0380,HZ_BR,TEMPL28,F,13.4864,53.1275,2017,m,,mm,mm,mm,dd,mm,mm,100,95,125,120,70,80,mm,mm,mm,mm,mm,mm,HI 13,0.92
354,AA_0398,HZ_BR,TEMPL28,F,13.4864,53.1275,2017,m,,mm,mm,mm,dd,mm,mm,100,95,125,120,70,80,mm,mm,mm,mm,mm,mm,HI 13,0.92
362,AA_0406,HZ_BR,TEMPL28,F,13.4864,53.1275,2017,m,,mm,mm,mm,dd,mm,mm,100,95,125,120,90,80,mm,mm,mm,mm,mm,mm,HI 13,0.92
87,AA_0133,HZ_BR,TEUP41,M,13.6086,52.1303,2016,d,d,d,d,,d,d,d,94,100,100,100,100,100,dd,dd,dd,dd,dd,dd,HI 13,0
85,AA_0131,HZ_BR,TOPEGS7,M,13.5878,52.1583,2016,d,,d,d,,d,d,,94,100,100,100,100,100,dd,dd,dd,dd,dd,dd,HI 11,0
86,AA_0132,HZ_BR,TOPEGS7,M,13.5878,52.1583,2016,d,d,d,d,d,d,d,d,94,100,100,100,100,100,dd,dd,dd,dd,dd,dd,HI 14,0
89,AA_0135,HZ_BR,TOPEGS7,M,13.5878,52.1583,2016,d,,,d,d,d,d,d,94,100,100,100,100,100,dd,dd,dd,dd,dd,dd,HI 12,0
84,AA_0130,HZ_BR,TOPEGS7,F,13.5878,52.1583,2016,d,,dd,dd,dd,dd,dd,dd,94,100,100,100,100,100,dd,dd,dd,dd,dd,dd,HI 13,0
88,AA_0134,HZ_BR,TOPEGS7,F,13.5878,52.1583,2016,d,,dd,dd,dd,dd,dd,dd,94,100,100,100,100,100,dd,dd,dd,dd,dd,dd,HI 13,0
3798,SK3189,HZ_BR,TRIEP30,M,13.3306,53.2903,2015,d,m,m,m,m,d,m,m,100,95,125,120,90,80,mm,mm,mm,mm,mm,mm,HI 14,0.9
90,AA_0136,HZ_BR,TUCH13,M,13.7875,52.7544,2016,d,d,d,d,d,d,d,d,94,100,100,100,90,100,dd,dd,dd,dd,mm,dd,HI 14,0.1
80,AA_0126,HZ_BR,TUCH13,F,13.7875,52.7544,2016,d,,,mm,,dd,,,94,100,100,100,100,80,dd,dd,dd,dd,dd,mm,HI 9,0.235294118
91,AA_0137,HZ_BR,TUCH13,F,13.7875,52.7544,2016,d,,dd,dd,,dd,dd,dd,94,100,100,100,70/100,80,dd,dd,dd,dd,dm,mm,HI 12,0.130434783
387,AA_0434,HZ_BR,WICH28,M,13.6422,53.2375,2017,d,m,m,m,d,,m,m,100,95,100/125,120,70,100,mm,mm,dm,mm,mm,dd,HI 13,0.736842105
388,AA_0435,HZ_BR,WICH28,M,13.6422,53.2375,2017,d,m,m,m,m,,m,m,100,95,100/125,120,90/100,80,mm,mm,dm,mm,dm,mm,HI 13,0.842105263
95,AA_0141,HZ_BR,WILL5,M,13.7731,53.1164,2016,,m,,m,d,d,,,100,95,125,120,90,80,mm,mm,mm,mm,mm,mm,HI 10,0.875
94,AA_0140,HZ_BR,WILL5,F,13.7731,53.1164,2016,d,,mm,dd,mm,dd,mm,mm,100,95,125,120,90,80,mm,mm,mm,mm,mm,mm,HI 13,0.8
96,AA_0142,HZ_BR,WILL5,F,13.7731,53.1164,2016,d,,mm,mm,,dd,mm,mm,100,95,125,120,100,80,mm,mm,mm,mm,dd,mm,HI 12,0.782608696
278,AA_0322,HZ_BR,WOLZ1,M,13.8339,52.2694,2017,d,m,d,m,d,d,d,d,94,100,100,100,70/100,100,dd,dd,dd,dd,dm,dd,HI 14,0.15
294,AA_0338,HZ_BR,WOLZ1,M,13.8339,52.2694,2017,d,m,m,d,d,d,d,d,94,100,100,100,100,80/100,dd,dd,dd,dd,dd,dm,HI 14,0.15
17,AA_0063,HZ_BR,WOLZ24,M,13.84,52.2678,2016,d,m,d,d,d,d,d,d,94,100,100,100,70/100,100,dd,dd,dd,dd,dm,dd,HI 14,0.1
33,AA_0079,HZ_BR,WOLZ24,M,13.84,52.2678,2016,d,m,d,d,d,d,d,d,94,100,100,100,70/100,100,dd,dd,dd,dd,dm,dd,HI 14,0.1
35,AA_0081,HZ_BR,WOLZ24,M,13.84,52.2678,2016,d,m,d,d,d,d,d,d,94,100,100,100,100,100,dd,dd,dd,dd,dd,dd,HI 14,0.05
42,AA_0088,HZ_BR,WOLZ24,M,13.84,52.2678,2016,d,m,d,d,d,d,d,d,100,100,100,100,90/100,100,mm,dd,dd,dd,dm,dd,HI 14,0.2
67,AA_0113,HZ_BR,WOLZ24,M,13.84,52.2678,2016,d,m,d,m,,d,d,d,94,100,100,100,70/100,100,dd,dd,dd,dd,dm,dd,HI 13,0.157894737
34,AA_0080,HZ_BR,WOLZ24,F,13.84,52.2678,2016,d,,dd,dd,dd,dd,dd,dd,94,100,100,100,100,100,dd,dd,dd,dd,dd,dd,HI 13,0
36,AA_0082,HZ_BR,WOLZ24,F,13.84,52.2678,2016,d,,dd,dd,dd,dd,dd,dd,94,100,100,100,100,100,dd,dd,dd,dd,dd,dd,HI 13,0
43,AA_0089,HZ_BR,WOLZ24,F,13.84,52.2678,2016,d,,,dd,,dd,dd,dd,94,100,100,100,70/100,100,dd,dd,dd,dd,dm,dd,HI 11,0.047619048
148,AA_0194,HZ_BR,WRIE20,M,14.1267,52.7347,2016,d,m,m,m,m,,m,m,100,95,125,120,70/90,80,mm,mm,mm,mm,mm,mm,HI 13,0.947368421
146,AA_0192,HZ_BR,WRIE20,F,14.1267,52.7347,2016,d,,mm,mm,mm,dm,dm,mm,100,95,125,120,70,80,mm,mm,mm,mm,mm,mm,HI 13,0.88
147,AA_0193,HZ_BR,WRIE20,F,14.1267,52.7347,2016,d,,mm,mm,mm,dm,dm,mm,100,95,125,120,70,80,mm,mm,mm,mm,mm,mm,HI 13,0.88
149,AA_0195,HZ_BR,WRIE20,F,14.1267,52.7347,2016,d,,mm,mm,mm,dm,dm,mm,100,95,125,120,70/90,80,mm,mm,mm,mm,mm,mm,HI 13,0.88
151,AA_0197,HZ_BR,WRIE20,F,14.1267,52.7347,2016,d,,mm,mm,mm,dd,mm,mm,100,95,125,120,70/90,80,mm,mm,mm,mm,mm,mm,HI 13,0.88
165,AA_0211,HZ_BR,WRIE20,F,14.1267,52.7347,2016,d,,,mm,,,mm,,100,95,125,120,100,80,mm,mm,mm,mm,dd,mm,HI 9,0.823529412
396,AA_0443,HZ_BR,WUGG,M,14.2606,52.0875,2017,d,m,m,m,m,,m,m,100,95,125,100/120,70/100,80,mm,mm,mm,dm,dm,mm,HI 13,0.842105263
406,AA_0453,HZ_BR,WUGG,M,14.2606,52.0875,2017,d,m,m,m,m,,m,m,100,,125,120,90,80,mm,,mm,mm,mm,mm,HI 12,0.941176471
389,AA_0436,HZ_BR,WUGG,F,14.2606,52.0875,2017,d,,mm,mm,mm,,mm,mm,100,95,125,100/120,100,80/100,mm,mm,mm,dm,dd,dm,HI 12,0.782608696
393,AA_0440,HZ_BR,WUGG,F,14.2606,52.0875,2017,d,,mm,mm,mm,,mm,mm,100,95,125,100/120,100,80,mm,mm,mm,dm,dd,mm,HI 12,0.826086957
394,AA_0441,HZ_BR,WUGG,F,14.2606,52.0875,2017,d,,mm,mm,mm,,mm,mm,100,95,125,100/120,90/100,80,mm,mm,mm,dm,dm,mm,HI 12,0.869565217
407,AA_0454,HZ_BR,WUGG,F,14.2606,52.0875,2017,d,,mm,mm,mm,,mm,mm,100,95,125,100/120,100,80,mm,mm,mm,dm,dd,mm,HI 12,0.826086957
408,AA_0455,HZ_BR,WUGG,F,14.2606,52.0875,2017,d,,mm,mm,mm,,mm,mm,100,95,125,100/120,70/100,80/100,mm,mm,mm,dm,dm,dm,HI 12,0.826086957
412,AA_0459,HZ_BR,WUGG,F,14.2606,52.0875,2017,d,,dd,mm,mm,,mm,mm,100,95,100,120,100,80,mm,mm,dd,mm,dd,mm,HI 12,0.695652174
416,AA_0463,HZ_BR,WUGG,F,14.2606,52.0875,2017,,,,mm,mm,,,mm,100,95,125,120,70/100,80/100,mm,mm,mm,mm,dm,dm,HI 9,0.888888889
3484,SK2850,HZ_BR,ZACK20,F,14.2408,52.7883,2014,d,,mm,mm,mm,dm,mm,mm,100,95,125,120,70,80,mm,mm,mm,mm,mm,mm,HI 13,0.92
3528,SK2895,HZ_BR,ZACK20,F,14.2408,52.7883,2014,d,,mm,mm,mm,mm,mm,mm,100,95,125,120,70/100,80/100,mm,mm,mm,mm,dm,dm,HI 13,0.88
3535,SK2906,HZ_BR,ZACK20,F,14.2408,52.7883,2014,d,,mm,mm,mm,dm,mm,mm,94/100,95,125,100/120,70,100,dm,mm,mm,dm,mm,dd,HI 13,0.76
3536,SK2907,HZ_BR,ZACK20,F,14.2408,52.7883,2014,d,,mm,mm,mm,dm,mm,mm,100,95,125,100/120,70/100,100,mm,mm,mm,dm,dm,dd,HI 13,0.76
3440,SK2806,HZ_BR,ZEHL1,M,13.3994,52.7969,2014,d,d,d,d,d,d,d,d,94,100,100,100,100,100,dd,dd,dd,dd,dd,dd,HI 14,0
3443,SK2809,HZ_BR,ZEHL1,M,13.3994,52.7969,2014,d,d,d,d,d,d,d,d,94,100,100,100,100,100,dd,dd,dd,dd,dd,dd,HI 14,0
3444,SK2810,HZ_BR,ZEHL1,M,13.3994,52.7969,2014,d,d,d,d,d,d,d,d,94,100,100,100,100,100,dd,dd,dd,dd,dd,dd,HI 14,0
3712,SK3107,HZ_BR,ZEHL1,M,13.3994,52.7969,2015,d,d,d,d,d,d,d,d,94,100,100,100,100,100,dd,dd,dd,dd,dd,dd,HI 14,0
3441,SK2807,HZ_BR,ZEHL1,F,13.3994,52.7969,2014,d,,dd,dd,dd,dd,dd,dd,94,100,100,100,100,100,dd,dd,dd,dd,dd,dd,HI 13,0
3442,SK2808,HZ_BR,ZEHL1,F,13.3994,52.7969,2014,d,,dd,dd,dd,dd,dd,dd,94,100,125,100,110,100,dd,dd,mm,dd,dd,dd,HI 13,0.08
3445,SK2811,HZ_BR,ZEHL1,F,13.3994,52.7969,2014,d,,dd,dd,dd,dd,dd,dd,94,100,100,100,100/110,100,dd,dd,dd,dd,,dd,HI 12,0
3446,SK2812,HZ_BR,ZEHL1,F,13.3994,52.7969,2014,d,,dd,dd,dd,dd,dd,dd,94,100,100/125,100,110,100,dd,dd,dm,dd,dd,dd,HI 13,0.04
3755,SK3150,HZ_BR,ZEHL1,F,13.3994,52.7969,2015,d,,dd,dd,dd,dd,dd,dd,94,100,100,100,100,100,dd,dd,dd,dd,dd,dd,HI 13,0
3555,SK2926,HZ_BR,ZEHL21,F,13.3878,52.7753,2014,d,,dm,dm,dm,dm,dm,dm,94,95/100,100/125,100,100,80,dd,dm,dm,dd,dd,mm,HI 13,0.4
6,AA_0052,HZ_BR,ZINND,M,13.9289,52.5028,2016,d,m,,m,d,d,d,m,100,95,100/125,120,70/100,100,mm,mm,dm,mm,dm,dd,HI 13,0.578947368
5,AA_0051,HZ_BR,ZINND,F,13.9289,52.5028,2016,d,,mm,mm,mm,dd,mm,mm,100,95,100/125,120,100,80,mm,mm,dm,mm,dd,mm,HI 13,0.76
7,AA_0053,HZ_BR,ZINND,F,13.9289,52.5028,2016,d,,mm,mm,dd,dd,mm,,100,100,100/125,120,70/100,80,mm,dd,dm,mm,dm,mm,HI 12,0.608695652
8,AA_0054,HZ_BR,ZINND,F,13.9289,52.5028,2016,,,mm,mm,dd,dd,mm,mm,100,95,100,120,70/100,80,mm,mm,dd,mm,dm,mm,HI 12,0.708333333
135,AA_0181,HZ_BR,ZOOTZ,M,13.2144,53.1514,2016,d,m,m,m,m,m,m,m,100,95,100,120,100,100,mm,mm,dd,mm,dd,dd,HI 14,0.65
137,AA_0183,HZ_BR,ZOOTZ,M,13.2144,53.1514,2016,d,m,m,m,m,m,m,m,94/100,95,100/125,120,100,80,dm,mm,dm,mm,dd,mm,HI 14,0.75
134,AA_0180,HZ_BR,ZOOTZ,F,13.2144,53.1514,2016,d,,mm,mm,mm,mm,mm,mm,100,95,100,120,100,80,mm,mm,dd,mm,dd,mm,HI 13,0.8
138,AA_0184,HZ_BR,ZOOTZ,F,13.2144,53.1514,2016,d,,mm,mm,mm,mm,mm,mm,100,95,100/125,120,100,80,mm,mm,dm,mm,dd,mm,HI 13,0.84
