Transect,State,Locality,Code,ID_mouse,Sex,Species,Year,Capture,Dissection,Head taken?,Ectoparasites,Body_weight,Body_length,Tail_length,Liver_mass,Spleen_mass,Testis_mass,Left epididymis weight,Seminal vesicle weight,Worms_presence,Worms_count,Worms_collection,Worms_location,Worms_species,Syphacia,aspicularis,mastophorus (“ascaris”),tenia,trichuris,Liver,Spleen,Fecal_sample,Small_int_content,Small_int_content,Cecum_content,Cecum_wall,Colon_content,Colon_wall,Mesentery,Embryo,Notes
,,,,,nb male :,93,,,,159,,,,,,,,,,139,,,,83,"NB: approximate counting (e.g. “aspi+syphacia 30” → “aspi 15, syphacia 15”)",,,,,,,,,,,,,,,,
,,,,,nb female :,117,,,,,,,,,,,,,,72,,,,,,,,,,,,,,,,,,,,,
HZ_BR,Germany,,,A_0001,,apodemus,2016,01.06.2016,02.06.2016,,,32.26,100,105,1.39,0.16,NA,,,FALSE,0,NA,NA,NA,0,0,0,0,0,,,,,,,,,,,,training
HZ_BR,Germany,,,A_0002,,apodemus,2016,01.06.2016,02.06.2016,,,28.791,105,108,1661,137,NA,,,FALSE,0,NA,NA,NA,0,0,0,0,0,,,,,,,,,,,,training
HZ_BR,Germany,,,A_0003,,apodemus,2016,01.06.2016,02.06.2016,,,17.679,105,105,1023,137,NA,,,FALSE,0,NA,NA,NA,0,0,0,0,0,,,,,,,,,,,,training
HZ_BR,Germany,Wildpark Schorfheide,SCHORF16,AA_0001,male,mus musculus,2016,01.06.2016,02.06.2016,,,23.789,90,82,1266,106,0.076/0.068,,,FALSE,0,NA,NA,NA,0,0,0,0,0,in alcohol X2,in liq nitrogen X2,in K2Cr2O7,in liq nitrogen,in liq nitrogen,in liq nitrogen,in liq nitrogen,in liq nitrogen,in liq nitrogen,in liq nitrogen,,different pieces of SI
HZ_BR,Germany,Wildpark Schorfheide,SCHORF16,AA_0002,female (pregnant),mus musculus,2016,01.06.2016,02.06.2016,,,23.713,88,89,1314,48,NA,,,FALSE,0,NA,NA,NA,0,0,0,0,0,in alcohol X2,in liq nitrogen X2,in K2Cr2O7,in liq nitrogen,in liq nitrogen,in liq nitrogen,in liq nitrogen,in liq nitrogen,in liq nitrogen,in liq nitrogen,,different pieces of SI
HZ_BR,Germany,Wildpark Schorfheide,SCHORF16,AA_0003,male,mus musculus,2016,01.06.2016,02.06.2016,,,17.649,90,85,755,36,0.073/0.106,,,FALSE,0,NA,NA,NA,0,0,0,0,0,in alcohol X2,in liq nitrogen X2,in K2Cr2O7,in liq nitrogen,in liq nitrogen,in liq nitrogen,in liq nitrogen,in liq nitrogen,in liq nitrogen,in liq nitrogen,,different pieces of SI
HZ_BR,Germany,Wildpark Schorfheide,SCHORF16,AA_0004,male (young),mus musculus,2016,01.06.2016,02.06.2016,,,12.261,72,78,582,14,0.055/0.062,,,FALSE,0,NA,NA,NA,0,0,0,0,0,in alcohol X2,in liq nitrogen X2,in K2Cr2O7,in liq nitrogen,in liq nitrogen + formalin,in liq nitrogen,in liq nitrogen + formalin,in liq nitrogen,in liq nitrogen + formalin,in liq nitrogen,,
HZ_BR,Germany,Wildpark Schorfheide,SCHORF16,AA_0005,young,mus musculus,2016,01.06.2016,02.06.2016,,,6.34,60,65,252,8,NA,,,TRUE,4,NA,cecum,NA,0,0,0,0,0,in alcohol X2,in liq nitrogen X2,in K2Cr2O7,in liq nitrogen,in liq nitrogen + formalin,in liq nitrogen,in liq nitrogen + formalin,in liq nitrogen,in liq nitrogen + formalin,in liq nitrogen,,
HZ_BR,Germany,Wildpark Schorfheide,SCHORF16,AA_0006,female (pregnant),mus musculus,2016,01.06.2016,02.06.2016,,,14.704,78,75,737,11,NA,,,FALSE,0,NA,NA,NA,0,0,0,0,0,in alcohol X2,in liq nitrogen X2,in K2Cr2O7,in liq nitrogen,in liq nitrogen + formalin,in liq nitrogen,in liq nitrogen + formalin,in liq nitrogen,in liq nitrogen + formalin,in liq nitrogen,in liq nitrogen,
HZ_BR,Germany,Wildpark Schorfheide,SCHORF16,AA_0007,male,mus musculus,2016,01.06.2016,02.06.2016,,,23.524,87,83,1138,36,0.029/0.055,,,FALSE,0,NA,NA,NA,0,0,0,0,0,in alcohol X2,in liq nitrogen X2,in K2Cr2O7,in liq nitrogen,in liq nitrogen + formalin,in liq nitrogen,in liq nitrogen + formalin,in liq nitrogen,in liq nitrogen + formalin,in liq nitrogen,,
HZ_BR,Germany,Wildpark Schorfheide,SCHORF16,AA_0008,female (pregnant),mus musculus,2016,01.06.2016,02.06.2016,,,15.842,76,78,0.84,28,NA,,,TRUE,20,DESS and alcohol,NA,NA,0,0,0,0,0,in alcohol X2,in liq nitrogen X2,in K2Cr2O7,in liq nitrogen,in liq nitrogen + formalin,in liq nitrogen,in liq nitrogen + formalin,in liq nitrogen,in liq nitrogen + formalin,in liq nitrogen,in liq nitrogen,
HZ_BR,Germany,Wildpark Schorfheide,SCHORF16,AA_0009,female,mus musculus,2016,01.06.2016,02.06.2016,,,24.398,100,90,942,53,NA,,,TRUE,0,6 DESS and 7 alcohol,NA,NA,0,0,0,0,0,in alcohol X2,in liq nitrogen X2,in K2Cr2O7,in liq nitrogen,in liq nitrogen + formalin,in liq nitrogen,in liq nitrogen + formalin,in liq nitrogen,in liq nitrogen + formalin,in liq nitrogen,,
HZ_BR,Germany,Wildpark Schorfheide,SCHORF16,AA_0010,male,mus musculus,2016,01.06.2016,02.06.2016,,,20.378,90,85,972,38,0.063/0.056,,,TRUE,102,7 DESS and 7 alcohol,cecum,NA,0,0,0,0,0,in alcohol X2,in liq nitrogen X2,in K2Cr2O7,in liq nitrogen,in liq nitrogen + formalin,in liq nitrogen,in liq nitrogen + formalin,in liq nitrogen,in liq nitrogen + formalin,in liq nitrogen,,
HZ_BR,Germany,Wildpark Schorfheide,SCHORF16,AA_0011,female,mus musculus,2016,07.06.2016,07 or 08.06.2016,,,22.648,101,87,1452,49,NA,,,TRUE,15,DESS and alcohol,NA,syphacia obvelata (?),15,0,0,0,0,in alcohol X2,in liq nitrogen X2,in K2Cr2O7,in liq nitrogen,in liq nitrogen + formalin,in liq nitrogen,in liq nitrogen + formalin,in liq nitrogen,in liq nitrogen + formalin,in liq nitrogen,,
HZ_BR,Germany,Wildpark Schorfheide,SCHORF16,AA_0012,female,mus musculus,2016,07.06.2016,07 or 08.06.2016,,,20.416,98,79,1138,51,NA,,,TRUE,13,DESS and alcohol,cecum,syphacia obvelata (?),13,0,0,0,0,in alcohol X2,in liq nitrogen X2,in K2Cr2O7,in liq nitrogen,in liq nitrogen + formalin,in liq nitrogen,in liq nitrogen + formalin,in liq nitrogen,in liq nitrogen + formalin,in liq nitrogen,,
HZ_BR,Germany,Wildpark Schorfheide,SCHORF16,AA_0013,male,mus musculus,2016,07.06.2016,07 or 08.06.2016,,,24.81,94,95,1374,35,NA,,,FALSE,0,NA,NA,NA (syphacia?),0,0,0,0,0,in alcohol X2,in liq nitrogen X2,in K2Cr2O7,in liq nitrogen,in liq nitrogen + formalin,in liq nitrogen,in liq nitrogen + formalin,in liq nitrogen,in liq nitrogen + formalin,in liq nitrogen,,
HZ_BR,Germany,Wildpark Schorfheide,SCHORF16,AA_0014,female,mus musculus,2016,07.06.2016,07 or 08.06.2016,,,21.008,97,55 (shortened),1415,0.04,NA,,,TRUE,4,DESS  ,cecum,NA (syphacia?),4,0,0,0,0,in alcohol X2,in liq nitrogen X2,in K2Cr2O7,in liq nitrogen,in liq nitrogen + formalin,in liq nitrogen,in liq nitrogen + formalin,in liq nitrogen,in liq nitrogen + formalin,in liq nitrogen,,
HZ_BR,Germany,Wildpark Schorfheide,SCHORF16,AA_0015,female,mus musculus,2016,07.06.2016,07 or 08.06.2016,,,22.096,92,87,1325,38,NA,,,TRUE,8,NA,cecum,NA (syphacia?),8,0,0,0,0,in alcohol X2,in liq nitrogen X2,in K2Cr2O7,in liq nitrogen,in liq nitrogen + formalin,in liq nitrogen,in liq nitrogen + formalin,in liq nitrogen,in liq nitrogen + formalin,in liq nitrogen,,
HZ_BR,Germany,Wildpark Schorfheide,SCHORF16,AA_0016,female,mus musculus,2016,07.06.2016,07 or 08.06.2016,,,27.852,100,88,1.48,88,NA,,,TRUE,21,NA,Cecum (20) colon (1),NA (syphacia?),21,0,0,0,0,in alcohol X2,in liq nitrogen X2,in K2Cr2O7,in liq nitrogen,in liq nitrogen + formalin,in liq nitrogen,in liq nitrogen + formalin,in liq nitrogen,NA,in liq nitrogen,,
HZ_BR,Germany,Wildpark Schorfheide,SCHORF16,AA_0017,male,mus musculus,2016,07.06.2016,07 or 08.06.2016,,,20.344,89,79,943,33,0.061/0.058,,,TRUE,26,DESS and formalin,Colon (1) cecum (25),NA (syphacia?),26,0,0,0,0,in alcohol X2,in liq nitrogen X2,in K2Cr2O7,in liq nitrogen,in liq nitrogen + formalin,in liq nitrogen,in liq nitrogen + formalin,in liq nitrogen,in liq nitrogen + formalin,in liq nitrogen,,
HZ_BR,Germany,Wildpark Schorfheide,SCHORF16,AA_0018,female,mus musculus,2016,07.06.2016,07 or 08.06.2016,,,12.261,73,73,495,16,NA,,,TRUE,2,DESS (1),cecum,NA (syphacia?),2,0,0,0,0,in alcohol X2,in liq nitrogen X2,in K2Cr2O7,in liq nitrogen,in liq nitrogen + formalin,in liq nitrogen,in liq nitrogen + formalin,in liq nitrogen,in liq nitrogen + formalin,in liq nitrogen,,
HZ_BR,Germany,Wildpark Schorfheide,SCHORF16,AA_0019,female,mus musculus,2016,07.06.2016,07 or 08.06.2016,,,24.117,98,89,1121,58,NA,,,TRUE,24,DESS  ,Cecum (23) colon (1),NA (syphacia?),24,0,0,0,0,in alcohol X2,in liq nitrogen X2,in K2Cr2O7,in liq nitrogen,in liq nitrogen + formalin,in liq nitrogen,in liq nitrogen + formalin,in liq nitrogen,in liq nitrogen + formalin,in liq nitrogen,,
HZ_BR,Germany,Wildpark Schorfheide,SCHORF16,AA_0020,male,mus musculus,2016,07.06.2016,07 or 08.06.2016,,,21.17,94,89,1046,0.04,0.059/0.064,,,TRUE,15,DESS and formalin,cecum,NA (syphacia?),15,0,0,0,0,in alcohol X2,in liq nitrogen X2,in K2Cr2O7,in liq nitrogen,in liq nitrogen + formalin,in liq nitrogen,in liq nitrogen + formalin,in liq nitrogen,in liq nitrogen + formalin,in liq nitrogen,,
HZ_BR,Germany,Wildpark Schorfheide,SCHORF16,AA_0021,female,mus musculus,2016,07.06.2016,07 or 08.06.2016,,,70.454,81,77,0.77,45,NA,,,TRUE,2,DESS  ,Colon (1) cecum (1),NA (syphacia?),2,0,0,0,0,in alcohol X2,in liq nitrogen X2,in K2Cr2O7,in liq nitrogen,in liq nitrogen + formalin,in liq nitrogen,in liq nitrogen + formalin,in liq nitrogen,in liq nitrogen + formalin,in liq nitrogen,,
HZ_BR,Germany,Wildpark Schorfheide,SCHORF16,AA_0022,male,mus musculus,2016,07.06.2016,07 or 08.06.2016,,,12.697,75,70,664,21,0.019/0.017,,,TRUE,2,DESS  ,cecum,NA (syphacia?),2,0,0,0,0,in alcohol X2,in liq nitrogen X2,in K2Cr2O7,in liq nitrogen,in liq nitrogen + formalin,in liq nitrogen,in liq nitrogen + formalin,in liq nitrogen,in liq nitrogen + formalin,in liq nitrogen,,
HZ_BR,Germany,Wildpark Schorfheide,SCHORF16,AA_0023,female,mus musculus,2016,07.06.2016,07 or 08.06.2016,,,21.656,91,77,1223,46,NA,,,FALSE,0,NA,NA,NA (syphacia?),0,0,0,0,0,in alcohol X2,in liq nitrogen X2,in K2Cr2O7,in liq nitrogen,in liq nitrogen + formalin,in liq nitrogen,in liq nitrogen + formalin,in liq nitrogen,in liq nitrogen + formalin,in liq nitrogen,,
HZ_BR,Germany,Wildpark Schorfheide,SCHORF16,AA_0024,male,mus musculus,2016,07.06.2016,07 or 08.06.2016,,,23.705,92,85,NA,12,0.0184/0.127,,,TRUE,3,DESS  ,cecum,NA (syphacia?),3,0,0,0,0,in alcohol X2,in liq nitrogen X2,in K2Cr2O7,in liq nitrogen,in liq nitrogen + formalin,in liq nitrogen,in liq nitrogen + formalin,in liq nitrogen,in liq nitrogen + formalin,in liq nitrogen,,
HZ_BR,Germany,Wildpark Schorfheide,SCHORF16,AA_0025,female,mus musculus,2016,07.06.2016,07 or 08.06.2016,,,20.855,91,80,1207,65,NA,,,TRUE,103,DESS (52) and formalin (51),cecum,NA (syphacia?),103,0,0,0,0,in alcohol X2,in liq nitrogen X2,in K2Cr2O7,in liq nitrogen,in liq nitrogen + formalin,in liq nitrogen,in liq nitrogen + formalin,in liq nitrogen,in liq nitrogen + formalin,in liq nitrogen,,
HZ_BR,Germany,Wildpark Schorfheide,SCHORF16,AA_0026,female,mus musculus,2016,07.06.2016,07 or 08.06.2016,,,20.748,88,80,1202,35,NA,,,TRUE,37,DESS  ,cecum,NA (syphacia?),37,0,0,0,0,in alcohol X2,in liq nitrogen X2,in K2Cr2O7,in liq nitrogen,in liq nitrogen + formalin,in liq nitrogen,in liq nitrogen + formalin,in liq nitrogen,in liq nitrogen + formalin,in liq nitrogen,,
HZ_BR,Germany,Wildpark Schorfheide,SCHORF16,AA_0027,male,mus musculus,2016,07.06.2016,07 or 08.06.2016,,,24.274,95,86,1052,41,0.069/0.074,,,TRUE,7,DESS  ,cecum,NA (syphacia?),7,0,0,0,0,in alcohol X2,in liq nitrogen X2,in K2Cr2O7,in liq nitrogen,in liq nitrogen + formalin,in liq nitrogen,in liq nitrogen + formalin,in liq nitrogen,in liq nitrogen + formalin,in liq nitrogen,,
HZ_BR,Germany,Wildpark Schorfheide,SCHORF16,AA_0028,male,mus musculus,2016,07.06.2016,07 or 08.06.2016,,,23.69,90,65 (shorten),0.92,49,0.060/0.064,,,TRUE,29,DESS and formalin,cecum,NA (syphacia?),29,0,0,0,0,in alcohol X2,in liq nitrogen X2,in K2Cr2O7,in liq nitrogen,in liq nitrogen + formalin,in liq nitrogen,in liq nitrogen + formalin,in liq nitrogen,in liq nitrogen + formalin,in liq nitrogen,,
HZ_BR,Germany,Wildpark Schorfheide,SCHORF16,AA_0029,male,mus musculus,2016,07.06.2016,07 or 08.06.2016,,,19.883,86,77,948,29,0.181 both,,,TRUE,7,DESS and formalin,cecum,NA (syphacia?),7,0,0,0,0,in alcohol X2,in liq nitrogen X2,in K2Cr2O7,in liq nitrogen,in liq nitrogen + formalin,in liq nitrogen,in liq nitrogen + formalin,in liq nitrogen,in liq nitrogen + formalin,in liq nitrogen,,
HZ_BR,Germany,Wildpark Schorfheide,SCHORF16,AA_0030,female,mus musculus,2016,07.06.2016,07 or 08.06.2016,,,22.283,95,86,1308,43,NA,,,TRUE,97,DESS and formalin,cecum,NA (syphacia?),97,0,0,0,0,in alcohol X2,in liq nitrogen X2,in K2Cr2O7,in liq nitrogen,in liq nitrogen + formalin,in liq nitrogen,in liq nitrogen + formalin,in liq nitrogen,in liq nitrogen + formalin,in liq nitrogen,,
HZ_BR,Germany,Wildpark Schorfheide,SCHORF16,AA_0031,female,mus musculus,2016,07.06.2016,07 or 08.06.2016,,,20.478,91,85,1115,54,NA,,,TRUE,1,DESS  ,colon,NA (syphacia?),1,0,0,0,0,in alcohol X2,in liq nitrogen X2,in K2Cr2O7,in liq nitrogen,in liq nitrogen + formalin,in liq nitrogen,in liq nitrogen + formalin,in liq nitrogen,in liq nitrogen + formalin,in liq nitrogen,,
HZ_BR,Germany,Wildpark Schorfheide,SCHORF16,AA_0032,male,mus musculus,2016,07.06.2016,07 or 08.06.2016,,,20.062,84,79,NA,48,0.050/0.057,,,TRUE,4,DESS  ,cecum,NA (syphacia?),4,0,0,0,0,in alcohol X2,in liq nitrogen X2,in K2Cr2O7,in liq nitrogen,in liq nitrogen + formalin,in liq nitrogen,in liq nitrogen + formalin,in liq nitrogen,in liq nitrogen + formalin,in liq nitrogen,,
HZ_BR,Germany,Wildpark Schorfheide,SCHORF16,AA_0033,male (young),mus musculus,2016,07.06.2016,07 or 08.06.2016,,,14.066,75,74,732,17,0.021/0.091,,,FALSE,0,NA,NA,NA (syphacia?),0,0,0,0,0,in alcohol X2,in liq nitrogen X2,in K2Cr2O7,in liq nitrogen,in liq nitrogen + formalin,in liq nitrogen,in liq nitrogen + formalin,in liq nitrogen,in liq nitrogen + formalin,in liq nitrogen,,
HZ_BR,Germany,Wildpark Schorfheide,SCHORF16,AA_0034,male,mus musculus,2016,08.06.2016,08 or 09.06.2016,,,21.676,88,84,1.01,0.02,0.083/0.085,,,TRUE,5,DESS  ,cecum,NA (syphacia?),5,0,0,0,0,in alcohol X2,in liq nitrogen X2,in K2Cr2O7,in liq nitrogen,in liq nitrogen + formalin,in liq nitrogen,in liq nitrogen + formalin,in liq nitrogen,in liq nitrogen + formalin,in liq nitrogen,,
HZ_BR,Germany,Wildpark Schorfheide,SCHORF16,AA_0035,female,mus musculus,2016,08.06.2016,08 or 09.06.2016,,,22.595,89,82,1304,42,NA,,,FALSE,0,NA,NA,NA (syphacia?),0,0,0,0,0,in alcohol X2,in liq nitrogen X2,in K2Cr2O7,in liq nitrogen,in liq nitrogen + formalin,in liq nitrogen,in liq nitrogen + formalin,in liq nitrogen,in liq nitrogen + formalin,in liq nitrogen,,
HZ_BR,Germany,Wildpark Schorfheide,SCHORF16,AA_0036,female,mus musculus,2016,08.06.2016,08 or 09.06.2016,,,16.985,81,82,0.9,38,NA,,,TRUE,2,DESS  ,cecum,NA (syphacia?),2,0,0,0,0,in alcohol X2,in liq nitrogen X2,in K2Cr2O7,in liq nitrogen,in liq nitrogen + formalin,in liq nitrogen,in liq nitrogen + formalin,in liq nitrogen,in liq nitrogen + formalin,in liq nitrogen,,
HZ_BR,Germany,Wildpark Schorfheide,SCHORF16,AA_0037,male,mus musculus,2016,08.06.2016,08 or 09.06.2016,,,24.79,90,89,1357,67,0.065/0.068,,,TRUE,7,DESS  ,cecum,NA (syphacia?),7,0,0,0,0,in alcohol X2,in liq nitrogen X2,in K2Cr2O7,in liq nitrogen,in liq nitrogen + formalin,in liq nitrogen,in liq nitrogen + formalin,in liq nitrogen,in liq nitrogen + formalin,in liq nitrogen,,
HZ_BR,Germany,Wildpark Schorfheide,SCHORF16,AA_0038,female,mus musculus,2016,08.06.2016,08 or 09.06.2016,,,23.344,88,81,1583,32,NA,,,TRUE,19,DESS and formalin,cecum,NA (syphacia?),19,0,0,0,0,in alcohol X2,in liq nitrogen X2,in K2Cr2O7,in liq nitrogen,in liq nitrogen + formalin,in liq nitrogen,in liq nitrogen + formalin,in liq nitrogen,in liq nitrogen + formalin,in liq nitrogen,,
HZ_BR,Germany,Wildpark Schorfheide,SCHORF16,AA_0039,male,mus musculus,2016,08.06.2016,08 or 09.06.2016,,,12.242,69,73,638,14,0.024/0.026,,,TRUE,8,DESS and formalin,cecum,2 types of worms,8,0,0,0,0,in alcohol X2,in liq nitrogen X2,in K2Cr2O7,in liq nitrogen,in liq nitrogen + formalin,in liq nitrogen,in liq nitrogen + formalin,in liq nitrogen,in liq nitrogen + formalin,in liq nitrogen,,
HZ_BR,Germany,Wildpark Schorfheide,SCHORF16,AA_0040,female (young),mus musculus,2016,08.06.2016,08 or 09.06.2016,,,11.542,74,72,721,11,NA,,,TRUE,14,DESS and formalin,cecum,2 types of worms,14,0,0,0,0,in alcohol X2,in liq nitrogen X2,in K2Cr2O7,in liq nitrogen,in liq nitrogen + formalin,in liq nitrogen,in liq nitrogen + formalin,in liq nitrogen,in liq nitrogen + formalin,in liq nitrogen,,
HZ_BR,Germany,Wildpark Schorfheide,SCHORF16,AA_0041,female (young),mus musculus,2016,08.06.2016,08 or 09.06.2016,,,15.254,80,74,0.89,37,NA,,,FALSE,0,NA,NA,NA (syphacia?),0,0,0,0,0,in alcohol X2,in liq nitrogen X2,in K2Cr2O7,in liq nitrogen,in liq nitrogen + formalin,in liq nitrogen,in liq nitrogen + formalin,in liq nitrogen,in liq nitrogen + formalin,in liq nitrogen,,
HZ_BR,Germany,Wildpark Schorfheide,SCHORF16,AA_0042,male (young),mus musculus,2016,08.06.2016,08 or 09.06.2016,,,14.619,79,78,639,23,0.048/0.046,,,FALSE,0,NA,NA,NA (syphacia?),0,0,0,0,0,in alcohol X2,in liq nitrogen X2,in K2Cr2O7,in liq nitrogen,in liq nitrogen + formalin,in liq nitrogen,in liq nitrogen + formalin,in liq nitrogen,in liq nitrogen + formalin,in liq nitrogen,,
HZ_BR,Germany,Wildpark Schorfheide,SCHORF16,AA_0043,male,mus musculus,2016,12.09.2016,13.09.2016,,,14.215,79,85,623,22,0.040/0.064,,,TRUE,9,DESS  ,cecum,syphacia,9,0,0,0,0,in alcohol X2,in liq nitrogenX1 + in alcoholX1,in K2Cr2O7,in liq nitrogen,in liq nitrogen + formalin,in liq nitrogen,in liq nitrogen + formalin,in liq nitrogen,in liq nitrogen + formalin,in liq nitrogen,,
HZ_BR,Germany,Wildpark Schorfheide,SCHORF16,AA_0044,female,mus musculus,2016,12.09.2016,13.09.2016,,,14.73,78,71,1004,97,NA,,,FALSE,0,NA,NA,NA,0,0,0,0,0,in alcohol X2,in liq nitrogenX1 + in alcoholX1,in K2Cr2O7,in liq nitrogen,in liq nitrogen + formalin,in liq nitrogen,in liq nitrogen + formalin,in liq nitrogen,in liq nitrogen + formalin,in liq nitrogen,,
HZ_BR,Germany,Wildpark Schorfheide,SCHORF16,AA_0045,female,mus musculus,2016,12.09.2016,13.09.2016,,,14.513,85,80,859,35,NA,,,FALSE,0,NA,NA,NA,0,0,0,0,0,in alcohol X2,in liq nitrogenX1 + in alcoholX1,in K2Cr2O7,in liq nitrogen,in liq nitrogen + formalin,in liq nitrogen,in liq nitrogen + formalin,in liq nitrogen,in liq nitrogen + formalin,in liq nitrogen,in liq nitrogen,bleeding at the anus
HZ_BR,Germany,Wildpark Schorfheide,SCHORF16,AA_0046,male,mus musculus,2016,12.09.2016,13.09.2016,,,18.572,86,83,1.08,67,0.032/0.043,,,FALSE,0,NA,NA,NA,0,0,0,0,0,in alcohol X2,in liq nitrogenX1 + in alcoholX1,in K2Cr2O7,in liq nitrogen,in liq nitrogen + formalin,in liq nitrogen,in liq nitrogen + formalin,in liq nitrogen,in liq nitrogen + formalin,in liq nitrogen,,
HZ_BR,Germany,,HOPPE1,AA_0047,male,mus musculus,2016,23.09.2016,24.09.2016,,,18.3,78,83,607,38,0.077/0.076,,,TRUE,4,DESS  ,cecum,syphacia,4,0,0,0,0,in alcohol X2,in liq nitrogenX1 + in alcoholX1,in K2Cr2O8,in liq nitrogen,in liq nitrogen + formalin,in liq nitrogen,in liq nitrogen + formalin,in liq nitrogen,in liq nitrogen + formalin,in liq nitrogen,,
HZ_BR,Germany,,HOPPE1,AA_0048,female,mus musculus,2016,23.09.2016,24.09.2016,,,19.825,88,92,NA,43,NA,,,TRUE,1,on slide,cecum,syphacia,1,0,0,0,0,in alcohol X2,in liq nitrogenX1 + in alcoholX1,in K2Cr2O9,in liq nitrogen,in liq nitrogen + formalin,in liq nitrogen,in liq nitrogen + formalin,in liq nitrogen,in liq nitrogen + formalin,in liq nitrogen,,
HZ_BR,Germany,,HOPPE1,AA_0049,male,mus musculus,2016,23.09.2016,24.09.2016,,,18.53,83,79,NA,49,0.096/0.049,,,TRUE,7,formalin,Cecum (1) colon (6),,7,0,0,0,0,in alcohol X2,in liq nitrogenX1 + in alcoholX1,in K2Cr2O10,in liq nitrogen,in liq nitrogen + formalin,in liq nitrogen,in liq nitrogen + formalin,in liq nitrogen,in liq nitrogen + formalin,in liq nitrogen,,
HZ_BR,Germany,,HOPPE1,AA_0050,male,mus musculus,2016,23.09.2016,24.09.2016,,,17.634,82,78,NA,29,0.073/0.074,,,TRUE,15,DESS  ,cecum,,15,0,0,0,0,in alcohol X2,in liq nitrogenX1 + in alcoholX1,in K2Cr2O11,in liq nitrogen,in liq nitrogen + formalin,in liq nitrogen,in liq nitrogen + formalin,in liq nitrogen,in liq nitrogen + formalin,in liq nitrogen,,
HZ_BR,Germany,,E_ZIND,AA_0051,female,mus musculus,2016,23.09.2016,24.09.2016,,,14.226,76,69,NA,63,NA,,,TRUE,8,formalin,Cecum (6) colon (2),,8,0,0,0,0,in alcohol X2,in liq nitrogenX1 + in alcoholX1,in K2Cr2O12,in liq nitrogen,in liq nitrogen + formalin,in liq nitrogen,in liq nitrogen + formalin,in liq nitrogen,in liq nitrogen + formalin,in liq nitrogen,,
HZ_BR,Germany,,E_ZIND,AA_0052,male,mus musculus,2016,23.09.2016,24.09.2016,TRUE,,17.039,83,79,NA,81,0.054/0.052,19,87,TRUE,4,DESS  ,Cecum (2) colon (2),,4,0,0,0,0,in alcohol X2,in liq nitrogenX1 + in alcoholX1,in K2Cr2O13,in liq nitrogen,in liq nitrogen + formalin,in liq nitrogen,in liq nitrogen + formalin,in liq nitrogen,in liq nitrogen + formalin,in liq nitrogen,,
HZ_BR,Germany,,E_ZIND,AA_0053,female (pregnant),mus musculus,2016,23.09.2016,24.09.2016,TRUE,,20.184,85,78,NA,NA,,,,TRUE,350,DESS and formalin,Cecum (1) colon (300-400),syphacia,350,0,0,0,0,in alcohol X2,in liq nitrogenX1 + in alcoholX1,in K2Cr2O14,in liq nitrogen,in liq nitrogen + formalin,in liq nitrogen,in liq nitrogen + formalin,in liq nitrogen,in liq nitrogen + formalin,in liq nitrogen,,
HZ_BR,Germany,,E_ZIND,AA_0054,female,mus musculus,2016,23.09.2016,24.09.2016,TRUE,,13.833,69,72,NA,39,,,,TRUE,34,DESS and formalin,Cecum (22) colon (12),,34,0,0,0,0,in alcohol X2,in liq nitrogenX1 + in alcoholX1,in K2Cr2O15,in liq nitrogen,in liq nitrogen + formalin,in liq nitrogen,in liq nitrogen + formalin,in liq nitrogen,in liq nitrogen + formalin,in liq nitrogen,,
HZ_BR,Germany,,E_PAPP,AA_0055,male,mus musculus,2016,23.09.2016,24.09.2016,TRUE,,15.181,80,89,NA,,0.058/0.062,22,105,FALSE,0,NA,NA,NA,0,0,0,0,0,in alcohol X2,in liq nitrogenX1 + in alcoholX1,in K2Cr2O16,in liq nitrogen,in liq nitrogen + formalin,in liq nitrogen,in liq nitrogen + formalin,in liq nitrogen,in liq nitrogen + formalin,in liq nitrogen,,
HZ_BR,Germany,,E_PAPP,AA_0056,female,mus musculus,2016,23.09.2016,24.09.2016,TRUE,,8.751,62,80,NA,6,,,,TRUE,8,DESS  ,cecum,,8,0,0,0,0,in alcohol X2,in liq nitrogenX1 + in alcoholX1,in K2Cr2O17,in liq nitrogen,in liq nitrogen + formalin,in liq nitrogen,in liq nitrogen + formalin,in liq nitrogen,in liq nitrogen + formalin,in liq nitrogen,,
HZ_BR,Germany,,E_PAPP,AA_0057,male,mus musculus,2016,23.09.2016,24.09.2016,TRUE,,11.477,76,85,NA,15,0.064/0.066,16,0.05,FALSE,0,NA,NA,NA,0,0,0,0,0,in alcohol X2,in liq nitrogenX1 + in alcoholX1,in K2Cr2O18,in liq nitrogen,in liq nitrogen + formalin,in liq nitrogen,in liq nitrogen + formalin,in liq nitrogen,in liq nitrogen + formalin,in liq nitrogen,,
HZ_BR,Germany,,E_HOHE,AA_0058,female,mus musculus,2016,23.09.2016,24.09.2016,TRUE,,22.044,100,87,NA,49,,,,FALSE,0,NA,NA,NA,0,0,0,0,0,in alcohol X2,in liq nitrogenX1 + in alcoholX1,in K2Cr2O19,in liq nitrogen,in liq nitrogen + formalin,in liq nitrogen,in liq nitrogen + formalin,in liq nitrogen,in liq nitrogen + formalin,in liq nitrogen,,
HZ_BR,Germany,,E_HOHE,AA_0059,male,mus musculus,2016,23.09.2016,24.09.2016,TRUE,,17.826,88,86,NA,28,0.063/0.069,18,147,FALSE,0,NA,NA,NA,0,0,0,0,0,in alcohol X2,in liq nitrogenX1 + in alcoholX1,in K2Cr2O20,in liq nitrogen,in liq nitrogen + formalin,in liq nitrogen,in liq nitrogen + formalin,in liq nitrogen,in liq nitrogen + formalin,in liq nitrogen,,
HZ_BR,Germany,,E_HOHE,AA_0060,female (pregnant),mus musculus,2016,23.09.2016,24.09.2016,TRUE,,26.264,94,82,NA,65,,,,FALSE,0,NA,NA,NA,0,0,0,0,0,in alcohol X2,in liq nitrogenX1 + in alcoholX1,in K2Cr2O21,in liq nitrogen,in liq nitrogen + formalin,in liq nitrogen,in liq nitrogen + formalin,in liq nitrogen,in liq nitrogen + formalin,in liq nitrogen,,
HZ_BR,Germany,,SCHEN8h,AA_0061,male (young),mus musculus,2016,23.09.2016,24.09.2016,TRUE,,11.937,72,80,NA,17,0.044/0.047,8,NA,TRUE,15,formalin,cecum,,15,0,0,0,0,in alcohol X2,in liq nitrogenX1 + in alcoholX1,in K2Cr2O22,in liq nitrogen,in liq nitrogen + formalin,in liq nitrogen,in liq nitrogen + formalin,in liq nitrogen,in liq nitrogen + formalin,in liq nitrogen,,
HZ_BR,Germany,,SCHEN8h,AA_0062,female,mus musculus,2016,23.09.2016,24.09.2016,TRUE,,17.289,87,92,NA,46,,,,TRUE,44,DESS  ,cecum,syphacia obvelata,44,0,0,0,0,in alcohol X2,in liq nitrogenX1 + in alcoholX1,in K2Cr2O23,in liq nitrogen,in liq nitrogen + formalin,in liq nitrogen,in liq nitrogen + formalin,in liq nitrogen,in liq nitrogen + formalin,in liq nitrogen,,
HZ_BR,Germany,,E_WOLZ,AA_0063,male (young),mus musculus,2016,23.09.2016,24.09.2016,,,9.764,65,74,NA,13,0.019/0.014,NA,NA,TRUE,5,DESS  ,cecum,,5,0,0,0,0,in alcohol X2,in liq nitrogenX1 + in alcoholX1,in K2Cr2O24,in liq nitrogen,in liq nitrogen + formalin,in liq nitrogen,in liq nitrogen + formalin,in liq nitrogen,in liq nitrogen + formalin,in liq nitrogen,,
HZ_BR,Germany,,E_LIEB,AA_0064,female (pregnant),mus musculus,2016,24.09.2016,25.09.2016,TRUE,,16.199,73,88,NA,48,NA,NA,NA,TRUE,1,DESS  ,cecum,syphacia,1,0,0,0,0,in alcohol X2,in liq nitrogenX1 + in alcoholX1,in K2Cr2O24,in liq nitrogen,in liq nitrogen + formalin,in liq nitrogen,in liq nitrogen + formalin,in liq nitrogen,in liq nitrogen + formalin,in liq nitrogen,,
HZ_BR,Germany,,E_LIEB,AA_0065,male,mus musculus,2016,24.09.2016,25.09.2016,TRUE,,14,75,81,NA,37,0.021/0.024,6,8,FALSE,0,NA,NA,NA,0,0,0,0,0,in alcohol X2,in liq nitrogenX1 + in alcoholX1,in K2Cr2O24,in liq nitrogen,in liq nitrogen + formalin,in liq nitrogen,in liq nitrogen + formalin,in liq nitrogen,in liq nitrogen + formalin,in liq nitrogen,,
HZ_BR,Germany,,E_LIEB,AA_0066,female,mus musculus,2016,24.09.2016,25.09.2016,TRUE,,19.447,87,89,NA,0.02,NA,NA,NA,FALSE,0,NA,NA,NA,0,0,0,0,0,in alcohol X2,in liq nitrogenX1 + in alcoholX1,in K2Cr2O24,in liq nitrogen,in liq nitrogen + formalin,in liq nitrogen,in liq nitrogen + formalin,in liq nitrogen,in liq nitrogen + formalin,in liq nitrogen,,
HZ_BR,Germany,,E_LIEB,AA_0067,male,mus musculus,2016,24.09.2016,25.09.2016,TRUE,,18.73,79,86,NA,26,0.094/0.094,31,153,TRUE,1,NA,colon,aspicularis,0,1,0,0,0,in alcohol X2,in liq nitrogenX1 + in alcoholX1,in K2Cr2O24,in liq nitrogen,in liq nitrogen + formalin,in liq nitrogen,in liq nitrogen + formalin,in liq nitrogen,in liq nitrogen + formalin,in liq nitrogen,,
HZ_BR,Germany,,E_LIEB,AA_0068,female,mus musculus,2016,24.09.2016,25.09.2016,TRUE,,16.799,83,89,NA,34,NA,NA,NA,FALSE,0,NA,NA,NA,0,0,0,0,0,in alcohol X2,in liq nitrogenX1 + in alcoholX1,in K2Cr2O24,in liq nitrogen,in liq nitrogen + formalin,in liq nitrogen,in liq nitrogen + formalin,in liq nitrogen,in liq nitrogen + formalin,in liq nitrogen,,
HZ_BR,Germany,,E_LIEB,AA_0069,male,mus musculus,2016,24.09.2016,25.09.2016,TRUE,,14.252,78,87,NA,29,0.017/0.018,3,5,TRUE,1,NA,cecum,NA,1,0,0,0,0,in alcohol X2,in liq nitrogenX1 + in alcoholX1,in K2Cr2O24,in liq nitrogen,in liq nitrogen + formalin,in liq nitrogen,in liq nitrogen + formalin,in liq nitrogen,in liq nitrogen + formalin,in liq nitrogen,,
HZ_BR,Germany,,E_LIEB,AA_0070,female,mus musculus,2016,24.09.2016,25.09.2016,TRUE,,13.956,72,85,NA,21,NA,NA,NA,TRUE,9,formalin,cecum,syphacia,9,0,0,0,0,in alcohol X2,in liq nitrogenX1 + in alcoholX1,in K2Cr2O24,in liq nitrogen,in liq nitrogen + formalin,in liq nitrogen,in liq nitrogen + formalin,in liq nitrogen,in liq nitrogen + formalin,in liq nitrogen,,
HZ_BR,Germany,,E_KLAN,AA_0071,female,mus musculus,2016,24.09.2016,25.09.2016,TRUE,,13.654,78,88,NA,22,NA,NA,NA,FALSE,0,NA,NA,NA,0,0,0,0,0,in alcohol X2,in liq nitrogenX1 + in alcoholX1,in K2Cr2O24,in liq nitrogen,in liq nitrogen + formalin,in liq nitrogen,in liq nitrogen + formalin,in liq nitrogen,in liq nitrogen + formalin,in liq nitrogen,,
HZ_BR,Germany,,E_MIL1,AA_0072,female (pregnant),mus musculus,2016,24.09.2016,25.09.2016,TRUE,,15.107,75,82,NA,41,NA,NA,NA,FALSE,0,NA,NA,NA,0,0,0,0,0,in alcohol X2,in liq nitrogenX1 + in alcoholX1,in K2Cr2O24,in liq nitrogen,in liq nitrogen + formalin,in liq nitrogen,in liq nitrogen + formalin,in liq nitrogen,in liq nitrogen + formalin,in liq nitrogen,,
HZ_BR,Germany,,E_MIL1,AA_0073,female (pregnant),mus musculus,2016,24.09.2016,25.09.2016,TRUE,,18.033,85,79,NA,33,NA,NA,NA,TRUE,1,DESS  ,cecum,syphacia,1,0,0,0,0,in alcohol X2,in liq nitrogenX1 + in alcoholX1,in K2Cr2O24,in liq nitrogen,in liq nitrogen + formalin,in liq nitrogen,in liq nitrogen + formalin,in liq nitrogen,in liq nitrogen + formalin,in liq nitrogen,,
HZ_BR,Germany,,E_MIL1,AA_0074,female (pregnant),mus musculus,2016,24.09.2016,25.09.2016,TRUE,,19.747,86,88,NA,35,NA,NA,NA,FALSE,17,DESS and formalin,cecum,syphacia,17,0,0,0,0,in alcohol X2,in liq nitrogenX1 + in alcoholX1,in K2Cr2O24,in liq nitrogen,in liq nitrogen + formalin,in liq nitrogen,in liq nitrogen + formalin,in liq nitrogen,in liq nitrogen + formalin,in liq nitrogen,,
HZ_BR,Germany,,E_MIL1,AA_0075,female (pregnant),mus musculus,2016,24.09.2016,25.09.2016,TRUE,,17.084,84,81,NA,48,NA,NA,NA,TRUE,9,NA,cecum,syphacia,9,0,0,0,0,in alcohol X2,in liq nitrogenX1 + in alcoholX1,in K2Cr2O24,in liq nitrogen,in liq nitrogen + formalin,in liq nitrogen,in liq nitrogen + formalin,in liq nitrogen,in liq nitrogen + formalin,in liq nitrogen,,
HZ_BR,Germany,,E_GRAB,AA_0076,male,mus musculus,2016,24.09.2016,25.09.2016,TRUE,,21.853,86,86,NA,NA,0.107/0.106,32,316,TRUE,17,DESS and formalin,small intestine (1 ascaris) and cecum (14 ascaris + 2 syphacia),mastophorus muris and syphacia,2,0,15,0,0,in alcohol X2,in liq nitrogenX1 + in alcoholX1,in K2Cr2O24,in liq nitrogen,in liq nitrogen + formalin,in liq nitrogen,in liq nitrogen + formalin,in liq nitrogen,in liq nitrogen + formalin,in liq nitrogen,,
HZ_BR,Germany,,E_AMTO,AA_0077,female (pregnant),mus musculus,2016,24.09.2016,25.09.2016,TRUE,,25.724,92,90,NA,42,NA,NA,NA,FALSE,0,NA,NA,NA,0,0,0,0,0,in alcohol X2,in liq nitrogenX1 + in alcoholX1,in K2Cr2O24,in liq nitrogen,in liq nitrogen + formalin,in liq nitrogen,in liq nitrogen + formalin,in liq nitrogen,in liq nitrogen + formalin,in liq nitrogen,,
HZ_BR,Germany,,E_AMTO,AA_0078,female,mus musculus,2016,24.09.2016,25.09.2016,TRUE,,14.418,74,73,NA,45,NA,NA,NA,TRUE,26,DESS and formalin,cecum,syphacia,26,0,0,0,0,in alcohol X2,in liq nitrogenX1 + in alcoholX1,in K2Cr2O24,in liq nitrogen,in liq nitrogen + formalin,in liq nitrogen,in liq nitrogen + formalin,in liq nitrogen,in liq nitrogen + formalin,in liq nitrogen,,
HZ_BR,Germany,,E_WOLZ,AA_0079,male,mus musculus,2016,24.09.2016,25.09.2016,TRUE,,14.533,75,83,NA,71,0.074/0.078,24,155,TRUE,3,NA,cecum,syphacia,3,0,0,0,0,in alcohol X2,in liq nitrogenX1 + in alcoholX1,in K2Cr2O24,in liq nitrogen,in liq nitrogen + formalin,in liq nitrogen,in liq nitrogen + formalin,in liq nitrogen,in liq nitrogen + formalin,in liq nitrogen,,
HZ_BR,Germany,,E_WOLZ,AA_0080,female,mus musculus,2016,24.09.2016,25.09.2016,TRUE,,12.512,72,80,NA,42,NA,NA,NA,TRUE,3,NA,cecum,syphacia,3,0,0,0,0,in alcohol X2,in liq nitrogenX1 + in alcoholX1,in K2Cr2O24,in liq nitrogen,in liq nitrogen + formalin,in liq nitrogen,in liq nitrogen + formalin,in liq nitrogen,in liq nitrogen + formalin,in liq nitrogen,,
HZ_BR,Germany,,E_WOLZ,AA_0081,male,mus musculus,2016,24.09.2016,25.09.2016,TRUE,,18.354,86,91,NA,46,0.091/0.091,31,196,TRUE,1,DESS  ,cecum,syphacia,1,0,0,0,0,in alcohol X2,in liq nitrogenX1 + in alcoholX1,in K2Cr2O24,in liq nitrogen,in liq nitrogen + formalin,in liq nitrogen,in liq nitrogen + formalin,in liq nitrogen,in liq nitrogen + formalin,in liq nitrogen,,
HZ_BR,Germany,,E_WOLZ,AA_0082,female,mus musculus,2016,24.09.2016,25.09.2016,TRUE,,12.015,72,81,NA,33,NA,NA,NA,TRUE,1,DESS  ,cecum,syphacia,1,0,0,0,0,in alcohol X2,in liq nitrogenX1 + in alcoholX1,in K2Cr2O24,in liq nitrogen,in liq nitrogen + formalin,in liq nitrogen,in liq nitrogen + formalin,in liq nitrogen,in liq nitrogen + formalin,in liq nitrogen,,
HZ_BR,Germany,,HOPPE1,AA_0083,female,mus musculus,2016,24.09.2016,25.09.2016,TRUE,,17.938,85,79,NA,38,NA,NA,NA,TRUE,4,formalin,Cecum (3) colon (1),syphacia,4,0,0,0,0,in alcohol X2,in liq nitrogenX1 + in alcoholX1,in K2Cr2O24,in liq nitrogen,in liq nitrogen + formalin,in liq nitrogen,in liq nitrogen + formalin,in liq nitrogen,in liq nitrogen + formalin,in liq nitrogen,,
HZ_BR,Germany,,HOPPE1,AA_0084,male,mus musculus,2016,24.09.2016,26.09.2016,TRUE,,20.04,82,82,NA,33,0.050/0.053,14,154,TRUE,3,DESS  ,cecum,syphacia,3,0,0,0,0,in alcohol X2,in liq nitrogenX1 + in alcoholX1,in K2Cr2O24,in liq nitrogen,in liq nitrogen + formalin,in liq nitrogen,in liq nitrogen + formalin,in liq nitrogen,in liq nitrogen + formalin,in liq nitrogen,,
HZ_BR,Germany,,HOPPE1,AA_0085,female (pregnant),mus musculus,2016,24.09.2016,26.09.2016,TRUE,,28.266,91,92,NA,38,NA,NA,NA,FALSE,0,NA,NA,NA,0,0,0,0,0,in alcohol X2,in liq nitrogenX1 + in alcoholX1,in K2Cr2O24,in liq nitrogen,in liq nitrogen + formalin,in liq nitrogen,in liq nitrogen + formalin,in liq nitrogen,in liq nitrogen + formalin,in liq nitrogen,,
HZ_BR,Germany,,HOPPE1,AA_0086,male,mus musculus,2016,24.09.2016,26.09.2016,TRUE,,16.173,75,93,NA,14,0.063/0.065,36,108,TRUE,10,DESS and formalin,Cecum (9) colon (1),syphacia,10,0,0,0,0,in alcohol X2,in liq nitrogenX1 + in alcoholX1,in K2Cr2O24,in liq nitrogen,in liq nitrogen + formalin,in liq nitrogen,in liq nitrogen + formalin,in liq nitrogen,in liq nitrogen + formalin,in liq nitrogen,,
HZ_BR,Germany,,HOPPE1,AA_0087,female,mus musculus,2016,24.09.2016,26.09.2016,TRUE,,15.419,81,75,NA,26,NA,NA,NA,TRUE,1,DESS  ,cecum,syphacia,1,0,0,0,0,in alcohol X2,in liq nitrogenX1 + in alcoholX1,in K2Cr2O24,in liq nitrogen,in liq nitrogen + formalin,in liq nitrogen,in liq nitrogen + formalin,in liq nitrogen,in liq nitrogen + formalin,in liq nitrogen,,
HZ_BR,Germany,,E_WOLZ,AA_0088,male,mus musculus,2016,24.09.2016,26.09.2016,TRUE,,12.439,73,81,NA,19,0.063/0.067,13,112,TRUE,19,DESS and formalin,Cecum (17) colon (2),syphacia,19,0,0,0,0,in alcohol X2,in liq nitrogenX1 + in alcoholX1,in K2Cr2O24,in liq nitrogen,in liq nitrogen + formalin,in liq nitrogen,in liq nitrogen + formalin,in liq nitrogen,in liq nitrogen + formalin,in liq nitrogen,,
HZ_BR,Germany,,E_WOLZ,AA_0089,female,mus musculus,2016,24.09.2016,26.09.2016,TRUE,,10.819,68,71,NA,0.04,NA,NA,NA,FALSE,0,NA,NA,NA,0,0,0,0,0,in alcohol X2,in liq nitrogenX1 + in alcoholX1,in K2Cr2O24,in liq nitrogen,in liq nitrogen + formalin,in liq nitrogen,in liq nitrogen + formalin,in liq nitrogen,in liq nitrogen + formalin,in liq nitrogen,,
HZ_BR,Germany,,E_GRAB,AA_0090,male,mus musculus,2016,25.09.2016,26.09.2016,TRUE,,11.176,75,76,NA,15,0.049/0.051,16,56,TRUE,3,DESS  ,cecum,syphacia,3,0,0,0,0,in alcohol X2,in liq nitrogenX1 + in alcoholX1,in K2Cr2O24,in liq nitrogen,in liq nitrogen + formalin,in liq nitrogen,in liq nitrogen + formalin,in liq nitrogen,in liq nitrogen + formalin,in liq nitrogen,,
HZ_BR,Germany,,E_MU14,AA_0091,female,mus musculus,2016,25.09.2016,26.09.2016,TRUE,,11.599,68,73,NA,36,NA,NA,NA,TRUE,30,DESS and formalin,Cecum (27) colon (3),syphacia,30,0,0,0,0,in alcohol X2,in liq nitrogenX1 + in alcoholX1,in K2Cr2O24,in liq nitrogen,in liq nitrogen + formalin,in liq nitrogen,in liq nitrogen + formalin,in liq nitrogen,in liq nitrogen + formalin,in liq nitrogen,,
HZ_BR,Germany,,E_MU14,AA_0092,male,mus musculus,2016,25.09.2016,26.09.2016,TRUE,fleas,16.711,77,79,NA,55,0.049/0.052,28,131,TRUE,13,DESS and formalin,Cecum (10) colon (3),syphacia,13,0,0,0,0,in alcohol X2,in liq nitrogenX1 + in alcoholX1,in K2Cr2O24,in liq nitrogen,in liq nitrogen + formalin,in liq nitrogen,in liq nitrogen + formalin,in liq nitrogen,in liq nitrogen + formalin,in liq nitrogen,,
HZ_BR,Germany,,E_MIL1,AA_0093,male,mus musculus,2016,25.09.2016,26.09.2016,TRUE,fleas,16.258,81,85,NA,26,0.08/0.083,28,166,TRUE,3,DESS  ,cecum,syphacia,3,0,0,0,0,in alcohol X2,in liq nitrogenX1 + in alcoholX1,in K2Cr2O24,in liq nitrogen,in liq nitrogen + formalin,in liq nitrogen,in liq nitrogen + formalin,in liq nitrogen,in liq nitrogen + formalin,in liq nitrogen,,
HZ_BR,Germany,,E_MIL1,AA_0094,female,mus musculus,2016,25.09.2016,26.09.2016,TRUE,fleas,16.76,81,83,NA,33,NA,NA,NA,TRUE,8,DESS  ,cecum,syphacia,8,0,0,0,0,in alcohol X2,in liq nitrogenX1 + in alcoholX1,in K2Cr2O24,in liq nitrogen,in liq nitrogen + formalin,in liq nitrogen,in liq nitrogen + formalin,in liq nitrogen,in liq nitrogen + formalin,in liq nitrogen,,
HZ_BR,Germany,,E_MIL1,AA_0095,male,mus musculus,2016,25.09.2016,26.09.2016,TRUE,fleas,12.15,69,76,NA,26,0.057/0.061,14,18,FALSE,0,NA,NA,NA,0,0,0,0,0,in alcohol X2,in liq nitrogenX1 + in alcoholX1,in K2Cr2O24,in liq nitrogen,in liq nitrogen + formalin,in liq nitrogen,in liq nitrogen + formalin,in liq nitrogen,in liq nitrogen + formalin,in liq nitrogen,,
HZ_BR,Germany,,E_OE62,AA_0096,female,mus musculus,2016,25.09.2016,26.09.2016,TRUE,fleas,20.254,85,80,NA,0.06,NA,NA,NA,TRUE,10,DESS and formalin,cecum,syphacia,10,0,0,0,0,in alcohol X2,in liq nitrogenX1 + in alcoholX1,in K2Cr2O24,in liq nitrogen,in liq nitrogen + formalin,in liq nitrogen,in liq nitrogen + formalin,in liq nitrogen,in liq nitrogen + formalin,in liq nitrogen,,
HZ_BR,Germany,,RUDN21,AA_0097,male,mus musculus,2016,25.09.2016,26.09.2016,TRUE,FALSE,10.515,71,61,NA,15,0.052/0.054,15,33,FALSE,0,NA,NA,NA,0,0,0,0,0,in alcohol X2,in liq nitrogenX1 + in alcoholX1,in K2Cr2O24,in liq nitrogen,in liq nitrogen + formalin,in liq nitrogen,in liq nitrogen + formalin,in liq nitrogen,in liq nitrogen + formalin,in liq nitrogen,,
HZ_BR,Germany,,RUDN21,AA_0098,male,mus musculus,2016,25.09.2016,26.09.2016,TRUE,FALSE,15.579,80,81,NA,23,0.078/0.077,25,104,TRUE,3,DESS  ,cecum,syphacia,3,0,0,0,0,in alcohol X2,in liq nitrogenX1 + in alcoholX1,in K2Cr2O24,in liq nitrogen,in liq nitrogen + formalin,in liq nitrogen,in liq nitrogen + formalin,in liq nitrogen,in liq nitrogen + formalin,in liq nitrogen,,
HZ_BR,Germany,,E_GR17,AA_0099,male,mus musculus,2016,25.09.2016,26.09.2016,TRUE,fleas,17.583,78,84,NA,42,0.064/0.07,26,137,TRUE,81,DESS and formalin,Cecum (28 s and 9 trichuris) colon (44 tri),syphacia and trichuris muris,28,0,0,0,53,in alcohol X2,in liq nitrogenX1 + in alcoholX1,in K2Cr2O24,in liq nitrogen,in liq nitrogen + formalin,in liq nitrogen,in liq nitrogen + formalin,in liq nitrogen,in liq nitrogen + formalin,in liq nitrogen,,
HZ_BR,Germany,,E_RO38,AA_0100,female,mus musculus,2016,25.09.2016,26.09.2016,TRUE,fleas,5.823,59,66,NA,8,NA,NA,NA,TRUE,7,DESS and formalin,colon,syphacia,7,0,0,0,0,in alcohol X2,in liq nitrogenX1 + in alcoholX1,in K2Cr2O24,in liq nitrogen,in liq nitrogen + formalin,in liq nitrogen,in liq nitrogen + formalin,in liq nitrogen,in liq nitrogen + formalin,in liq nitrogen,,
HZ_BR,Germany,,E_RO38,AA_0101,male,mus musculus,2016,25.09.2016,26.09.2016,TRUE,fleas,16.541,84,91,NA,39,0.072/0.076,19,95,TRUE,1,DESS  ,colon,syphacia,1,0,0,0,0,in alcohol X2,in liq nitrogenX1 + in alcoholX1,in K2Cr2O24,in liq nitrogen,in liq nitrogen + formalin,in liq nitrogen,in liq nitrogen + formalin,in liq nitrogen,in liq nitrogen + formalin,in liq nitrogen,,
HZ_BR,Germany,,E_GRAF,AA_0102,male,mus musculus,2016,25.09.2016,26.09.2016,TRUE,fleas,14.945,77,78,NA,12,0.069/0.073,23,136,FALSE,0,NA,NA,NA,0,0,0,0,0,in alcohol X2,in liq nitrogenX1 + in alcoholX1,in K2Cr2O24,in liq nitrogen,in liq nitrogen + formalin,in liq nitrogen,in liq nitrogen + formalin,in liq nitrogen,in liq nitrogen + formalin,in liq nitrogen,,
HZ_BR,Germany,,E_ZEH8,AA_0103,female,mus musculus,2016,25.09.2016,26.09.2016,TRUE,fleas,17.78,86,76,NA,34,NA,NA,NA,TRUE,150,DESS and formalin,Cecum (31 aspi + syphacia) colon (>150),aspicularis and syphacia,165,15,0,0,0,in alcohol X2,in liq nitrogenX1 + in alcoholX1,in K2Cr2O24,in liq nitrogen,in liq nitrogen + formalin,in liq nitrogen,in liq nitrogen + formalin,in liq nitrogen,in liq nitrogen + formalin,in liq nitrogen,,
HZ_BR,Germany,,E_ZEH8,AA_0104,male,mus musculus,2016,25.09.2016,26.09.2016,TRUE,fleas,20.586,91,84,NA,46,0.083/0.092,0.03,106,TRUE,73,DESS and formalin,Cecum (50) colon (23),syphacia,73,0,0,0,0,in alcohol X2,in liq nitrogenX1 + in alcoholX1,in K2Cr2O24,in liq nitrogen,in liq nitrogen + formalin,in liq nitrogen,in liq nitrogen + formalin,in liq nitrogen,in liq nitrogen + formalin,in liq nitrogen,,
HZ_BR,Germany,,E_ZEH8,AA_0105,female,mus musculus,2016,25.09.2016,26.09.2016,TRUE,FALSE,15.274,82,72,NA,27,NA,NA,NA,TRUE,2,DESS  ,cecum,syphacia,2,0,0,0,0,in alcohol X2,in liq nitrogenX1 + in alcoholX1,in K2Cr2O24,in liq nitrogen,in liq nitrogen + formalin,in liq nitrogen,in liq nitrogen + formalin,in liq nitrogen,in liq nitrogen + formalin,in liq nitrogen,,
HZ_BR,Germany,,E_ZEH8,AA_0106,male,mus musculus,2016,25.09.2016,26.09.2016,TRUE,fleas,14.14,76,66,NA,36,0.05/0.054,17,126,TRUE,43,DESS and formalin,Cecum (10 tenia 17 syphacia) colon (16 syphacia),tenia and syphacia,33,0,0,10,0,in alcohol X2,in liq nitrogenX1 + in alcoholX1,in K2Cr2O24,in liq nitrogen,in liq nitrogen + formalin,in liq nitrogen,in liq nitrogen + formalin,in liq nitrogen,in liq nitrogen + formalin,in liq nitrogen,,
HZ_BR,Germany,,E_ZEH8,AA_0107,female (pregnant),mus musculus,2016,25.09.2016,26.09.2016,TRUE,FALSE,22.351,84,75,NA,41,NA,NA,NA,TRUE,489,DESS and formalin,Cecum (12) colon (477),syphacia,489,0,0,0,0,in alcohol X2,in liq nitrogenX1 + in alcoholX1,in K2Cr2O24,in liq nitrogen,in liq nitrogen + formalin,in liq nitrogen,in liq nitrogen + formalin,in liq nitrogen,in liq nitrogen + formalin,in liq nitrogen,,
HZ_BR,Germany,,E_ZEH8,AA_0108,male,mus musculus,2016,25.09.2016,26.09.2016,TRUE,fleas,16.921,82,79,NA,34,0.085/0.080,26,0.12,TRUE,86,DESS and formalin,Cecum (35 sy + 1 te) colon (50 sy),tenia and syphacia,85,0,0,1,0,in alcohol X2,in liq nitrogenX1 + in alcoholX1,in K2Cr2O24,in liq nitrogen,in liq nitrogen + formalin,in liq nitrogen,in liq nitrogen + formalin,in liq nitrogen,in liq nitrogen + formalin,in liq nitrogen,,
HZ_BR,Germany,,E_ZEH8,AA_0109,male,mus musculus,2016,25.09.2016,26.09.2016,TRUE,FALSE,18.13,85,75,NA,41,0.08/0.091,33,0.12,TRUE,76,DESS and formalin,Cecum (37 syphacia + 1 tenia) colon (38),tenia and syphacia,75,0,0,1,0,in alcohol X2,in liq nitrogenX1 + in alcoholX1,in K2Cr2O24,in liq nitrogen,in liq nitrogen + formalin,in liq nitrogen,in liq nitrogen + formalin,in liq nitrogen,in liq nitrogen + formalin,in liq nitrogen,,
HZ_BR,Germany,,HOPPE1,AA_0110,male,mus musculus,2016,24.09.2016,26.09.2016,TRUE,FALSE,18.718,83,86,NA,25,0.051/0.052,18,158,TRUE,2,DESS  ,cecum,syphacia,2,0,0,0,0,in alcohol X2,in liq nitrogenX1 + in alcoholX1,in K2Cr2O24,in liq nitrogen,in liq nitrogen + formalin,in liq nitrogen,in liq nitrogen + formalin,in liq nitrogen,in liq nitrogen + formalin,in liq nitrogen,,
HZ_BR,Germany,,E_KIR1,AA_0111,female (young),mus musculus,2016,26.09.2016,27.09.2016,TRUE,FALSE,6.71,68,57,NA,14,NA,NA,NA,FALSE,0,NA,NA,NA,0,0,0,0,0,in alcohol X2,in liq nitrogenX1 + in alcoholX1,in K2Cr2O24,in liq nitrogen,in liq nitrogen + formalin,in liq nitrogen,in liq nitrogen + formalin,in liq nitrogen,in liq nitrogen + formalin,in liq nitrogen,,
HZ_BR,Germany,,E_KIR1,AA_0112,male (young),mus musculus,2016,26.09.2016,27.09.2016,TRUE,FALSE,4.11,46,49,NA,7,0.004/0.003,too small,2,FALSE,0,NA,NA,NA,0,0,0,0,0,in alcohol X2,in liq nitrogenX1 + in alcoholX1,in K2Cr2O24,in liq nitrogen,in liq nitrogen + formalin,in liq nitrogen,in liq nitrogen + formalin,in liq nitrogen,in liq nitrogen + formalin,in liq nitrogen,,
HZ_BR,Germany,,E_WOLZ,AA_0113,male,mus musculus,2016,26.09.2016,27.09.2016,TRUE,FALSE,9.768,64,76,NA,0.03,0.018/0.017,3,NA,TRUE,28,DESS and formalin,Cecum (27) colon (1),syphacia,28,0,0,0,0,in alcohol X2,in liq nitrogenX1 + in alcoholX1,in K2Cr2O24,in liq nitrogen,in liq nitrogen + formalin,in liq nitrogen,in liq nitrogen + formalin,in liq nitrogen,in liq nitrogen + formalin,in liq nitrogen,,
HZ_BR,Germany,,E_KIR1,AA_0114,female,mus musculus,2016,26.09.2016,27.09.2016,TRUE,FALSE,9.076,64,67,NA,19,NA,NA,NA,TRUE,41,DESS and formalin,small intestine (11 tenia) cecum (8 aspicularis and sy) colon (22 aspicularis and syphacia),tenia and aspicularis and syphaci,15,15,0,11,0,in alcohol X2,in liq nitrogenX1 + in alcoholX1,in K2Cr2O24,in liq nitrogen,in liq nitrogen + formalin,in liq nitrogen,in liq nitrogen + formalin,in liq nitrogen,in liq nitrogen + formalin,in liq nitrogen,,
HZ_BR,Germany,,E_ZEH8,AA_0115,male,mus musculus,2016,25.09.2016,27.09.2016,TRUE,FALSE,10.31,70,67,NA,17,0.049/0.046,11,8,TRUE,9,DESS and formalin,Cecum (4) colon (5),syphacia,9,0,0,0,0,in alcohol X2,in liq nitrogenX1 + in alcoholX1,in K2Cr2O24,in liq nitrogen,in liq nitrogen + formalin,in liq nitrogen,in liq nitrogen + formalin,in liq nitrogen,in liq nitrogen + formalin,in liq nitrogen,,
HZ_BR,Germany,,E_ZEH8,AA_0116,male,mus musculus,2016,25.09.2016,27.09.2016,TRUE,FALSE,16.562,79,70,NA,36,0.053/0.056,21,152,FALSE,0,NA,NA,NA,0,0,0,0,0,in alcohol X2,in liq nitrogenX1 + in alcoholX1,in K2Cr2O24,in liq nitrogen,in liq nitrogen + formalin,in liq nitrogen,in liq nitrogen + formalin,in liq nitrogen,in liq nitrogen + formalin,in liq nitrogen,,
HZ_BR,Germany,,E_ZEH8,AA_0117,female,mus musculus,2016,25.09.2016,27.09.2016,TRUE,FALSE,11.378,65,73,NA,19,NA,NA,NA,TRUE,16,DESS and formalin,Cecum (9) colon (7),syphacia,16,0,0,0,0,in alcohol X2,in liq nitrogenX1 + in alcoholX1,in K2Cr2O24,in liq nitrogen,in liq nitrogen + formalin,in liq nitrogen,in liq nitrogen + formalin,in liq nitrogen,in liq nitrogen + formalin,in liq nitrogen,,
HZ_BR,Germany,,E_ZEH8,AA_0118,female,mus musculus,2016,25.09.2016,27.09.2016,TRUE,fleas,12.73,83,76,NA,31,NA,NA,NA,TRUE,228,DESS and formalin,Cecum (21 tenia and syphacia) colon (207),syphacia,217,0,10,0,0,in alcohol X2,in liq nitrogenX1 + in alcoholX1,in K2Cr2O24,in liq nitrogen,in liq nitrogen + formalin,in liq nitrogen,in liq nitrogen + formalin,in liq nitrogen,in liq nitrogen + formalin,in liq nitrogen,,
HZ_BR,Germany,,E_ZEH8,AA_0119,female,mus musculus,2016,25.09.2016,27.09.2016,TRUE,fleas,13.96,73,73,NA,0.02,NA,NA,NA,TRUE,3,formalin,colon,syphacia,3,0,0,0,0,in alcohol X2,in liq nitrogenX1 + in alcoholX1,in K2Cr2O24,in liq nitrogen,in liq nitrogen + formalin,in liq nitrogen,in liq nitrogen + formalin,in liq nitrogen,in liq nitrogen + formalin,in liq nitrogen,,
HZ_BR,Germany,,E_KIR1,AA_0120,female,mus musculus,2016,26.09.2016,27.09.2016,TRUE,fleas,15.73,84,74,NA,42,NA,NA,NA,TRUE,143,DESS and formalin,Cecum (45) colon (98),syphacia,143,0,0,0,0,in alcohol X2,in liq nitrogenX1 + in alcoholX1,in K2Cr2O24,in liq nitrogen,in liq nitrogen + formalin,in liq nitrogen,in liq nitrogen + formalin,in liq nitrogen,in liq nitrogen + formalin,in liq nitrogen,,
HZ_BR,Germany,,E_KIR1,AA_0121,female,mus musculus,2016,26.09.2016,27.09.2016,TRUE,FALSE,21.55,94,71,NA,43,NA,NA,NA,TRUE,51,DESS and formalin,Cecum (3) colon (48),syphacia,51,0,0,0,0,in alcohol X2,in liq nitrogenX1 + in alcoholX1,in K2Cr2O24,in liq nitrogen,in liq nitrogen + formalin,in liq nitrogen,in liq nitrogen + formalin,in liq nitrogen,in liq nitrogen + formalin,in liq nitrogen,,
HZ_BR,Germany,,E_ZEH8,AA_0122,female,mus musculus,2016,25.09.2016,27.09.2016,TRUE,FALSE,11.23,71,72,NA,0.03,NA,NA,NA,TRUE,60,DESS and formalin,Cecum (17) colon (43),aspicularis and syphacia,30,30,0,0,0,in alcohol X2,in liq nitrogenX1 + in alcoholX1,in K2Cr2O24,in liq nitrogen,in liq nitrogen + formalin,in liq nitrogen,in liq nitrogen + formalin,in liq nitrogen,in liq nitrogen + formalin,in liq nitrogen,,
HZ_BR,Germany,,E_MIL1,AA_0123,female,mus musculus,2016,26.09.2016,27.09.2016,TRUE,FALSE,16.351,80,81,NA,48,NA,NA,NA,TRUE,2,formalin,cecum,syphacia,2,0,0,0,0,in alcohol X2,in liq nitrogenX1 + in alcoholX1,in K2Cr2O24,in liq nitrogen,in liq nitrogen + formalin,in liq nitrogen,in liq nitrogen + formalin,in liq nitrogen,in liq nitrogen + formalin,in liq nitrogen,,
HZ_BR,Germany,,E_MIL1,AA_0124,female,mus musculus,2016,25.09.2016,27.09.2016,TRUE,fleas,8.381,63,66,NA,11,NA,NA,NA,TRUE,7,DESS  ,cecum,syphacia,7,0,0,0,0,in alcohol X2,in liq nitrogenX1 + in alcoholX1,in K2Cr2O24,in liq nitrogen,in liq nitrogen + formalin,in liq nitrogen,in liq nitrogen + formalin,in liq nitrogen,in liq nitrogen + formalin,in liq nitrogen,,
HZ_BR,Germany,,E_MIL1,AA_0125,female,mus musculus,2016,26.09.2016,27.09.2016,TRUE,FALSE,15.57,72,85,NA,28,NA,NA,NA,TRUE,6,formalin,Cecum (4 trichuris) colon (2),trichuris and syphacia,2,0,0,0,4,in alcohol X2,in liq nitrogenX1 + in alcoholX1,in K2Cr2O24,in liq nitrogen,in liq nitrogen + formalin,in liq nitrogen,in liq nitrogen + formalin,in liq nitrogen,in liq nitrogen + formalin,in liq nitrogen,,
HZ_BR,Germany,,E_KI13,AA_0126,female,mus musculus,2016,26.09.2016,27.09.2016,TRUE,FALSE,11.784,72,78,NA,24,NA,NA,NA,FALSE,0,NA,NA,NA,0,0,0,0,0,in alcohol X2,in liq nitrogenX1 + in alcoholX1,in K2Cr2O24,in liq nitrogen,in liq nitrogen + formalin,in liq nitrogen,in liq nitrogen + formalin,in liq nitrogen,in liq nitrogen + formalin,in liq nitrogen,,
HZ_BR,Germany,,E_RIB8,AA_0127,male,mus musculus,2016,26.09.2016,27.09.2016,TRUE,fleas,17.7,88,80,NA,39,0.079/0.080,0.02,65,TRUE,8,DESS and formalin,cecum,syphacia,8,0,0,0,0,in alcohol X2,in liq nitrogenX1 + in alcoholX1,in K2Cr2O24,in liq nitrogen,in liq nitrogen + formalin,in liq nitrogen,in liq nitrogen + formalin,in liq nitrogen,in liq nitrogen + formalin,in liq nitrogen,,
HZ_BR,Germany,,E_ALTE,AA_0128,male,mus musculus,2016,26.09.2016,27.09.2016,TRUE,fleas,10.008,67,60,NA,17,0.047/0.051,11,24,TRUE,5,DESS  ,cecum,syphacia,5,0,0,0,0,in alcohol X2,in liq nitrogenX1 + in alcoholX1,in K2Cr2O24,in liq nitrogen,in liq nitrogen + formalin,in liq nitrogen,in liq nitrogen + formalin,in liq nitrogen,in liq nitrogen + formalin,in liq nitrogen,,
HZ_BR,Germany,,E_RIB8,AA_0129,female,mus musculus,2016,26.09.2016,28.09.2016,TRUE,fleas,21.588,86,89,NA,47,NA,NA,NA,TRUE,80,DESS and formalin,Cecum (69 syphacia and aspicu) colon (11),syphacia and aspicularis,46,35,0,0,0,in alcohol X2,in liq nitrogenX1 + in alcoholX1,in K2Cr2O24,in liq nitrogen,in liq nitrogen + formalin,in liq nitrogen,in liq nitrogen + formalin,in liq nitrogen,in liq nitrogen + formalin,in liq nitrogen,,
HZ_BR,Germany,,E_EGS7,AA_0130,female,mus musculus,2016,26.09.2016,28.09.2016,TRUE,FALSE,12.38,72,75,NA,21,NA,NA,NA,FALSE,0,NA,NA,NA,0,0,0,0,0,in alcohol X2,in liq nitrogenX1 + in alcoholX1,in K2Cr2O24,in liq nitrogen,in liq nitrogen + formalin,in liq nitrogen,in liq nitrogen + formalin,in liq nitrogen,in liq nitrogen + formalin,in liq nitrogen,,
HZ_BR,Germany,,E_EGS7,AA_0131,male,mus musculus,2016,26.09.2016,28.09.2016,TRUE,FALSE,10.634,65,70,NA,9,0.039/0.044,6,5,FALSE,0,NA,NA,NA,0,0,0,0,0,in alcohol X2,in liq nitrogenX1 + in alcoholX1,in K2Cr2O24,in liq nitrogen,in liq nitrogen + formalin,in liq nitrogen,in liq nitrogen + formalin,in liq nitrogen,in liq nitrogen + formalin,in liq nitrogen,,
HZ_BR,Germany,,E_EGS7,AA_0132,male,mus musculus,2016,26.09.2016,28.09.2016,TRUE,fleas,20.25,85,86,NA,43,0.075/0.078,32,297,FALSE,0,NA,NA,NA,0,0,0,0,0,in alcohol X2,in liq nitrogenX1 + in alcoholX1,in K2Cr2O24,in liq nitrogen,in liq nitrogen + formalin,in liq nitrogen,in liq nitrogen + formalin,in liq nitrogen,in liq nitrogen + formalin,in liq nitrogen,,
HZ_BR,Germany,,E_GUTS,AA_0133,male,mus musculus,2016,26.09.2016,28.09.2016,TRUE,FALSE,17.374,87,89,NA,21,0.088/0.089,39,148,TRUE,1,formalin,cecum,syphacia,1,0,0,0,0,in alcohol X2,in liq nitrogenX1 + in alcoholX1,in K2Cr2O24,in liq nitrogen,in liq nitrogen + formalin,in liq nitrogen,in liq nitrogen + formalin,in liq nitrogen,in liq nitrogen + formalin,in liq nitrogen,,
HZ_BR,Germany,,E_EGS7,AA_0134,female (pregnant),mus musculus,2016,26.09.2016,28.09.2016,TRUE,FALSE,19.85,82,75,NA,0.03,NA,NA,NA,FALSE,0,NA,NA,NA,0,0,0,0,0,in alcohol X2,in liq nitrogenX1 + in alcoholX1,in K2Cr2O24,in liq nitrogen,in liq nitrogen + formalin,in liq nitrogen,in liq nitrogen + formalin,in liq nitrogen,in liq nitrogen + formalin,in liq nitrogen,,
HZ_BR,Germany,,E_EGS7,AA_0135,male,mus musculus,2016,26.09.2016,28.09.2016,TRUE,FALSE,17.561,82,84,NA,46,0.081/0.073,26,175,FALSE,1,formalin,colon,tichuris  ,0,0,0,0,1,in alcohol X2,in liq nitrogenX1 + in alcoholX1,in K2Cr2O24,in liq nitrogen,in liq nitrogen + formalin,in liq nitrogen,in liq nitrogen + formalin,in liq nitrogen,in liq nitrogen + formalin,in liq nitrogen,,
HZ_BR,Germany,,E_KI13,AA_0136,male (young),mus musculus,2016,26.09.2016,28.09.2016,TRUE,fleas,6.063,59,57,NA,11,0.008/0.010,2,5,FALSE,0,NA,NA,NA,0,0,0,0,0,in alcohol X2,in liq nitrogenX1 + in alcoholX1,in K2Cr2O24,in liq nitrogen,in liq nitrogen + formalin,in liq nitrogen,in liq nitrogen + formalin,in liq nitrogen,in liq nitrogen + formalin,in liq nitrogen,,
HZ_BR,Germany,,E_KI13,AA_0137,female,mus musculus,2016,26.09.2016,28.09.2016,TRUE,FALSE,17.73,80,84,NA,0.03,NA,NA,NA,FALSE,0,NA,NA,NA,0,0,0,0,0,in alcohol X2,in liq nitrogenX1 + in alcoholX1,in K2Cr2O24,in liq nitrogen,in liq nitrogen + formalin,in liq nitrogen,in liq nitrogen + formalin,in liq nitrogen,in liq nitrogen + formalin,in liq nitrogen,,
HZ_BR,Germany,,E_STE1,AA_0138,female,mus musculus,2016,27.09.2016,28.09.2016,TRUE,fleas,17.62,90,79,NA,23,NA,NA,NA,TRUE,55,DESS and formalin,Cecum (27) colon (28),syphacia,55,0,0,0,0,in alcohol X2,in liq nitrogenX1 + in alcoholX1,in K2Cr2O24,in liq nitrogen,in liq nitrogen + formalin,in liq nitrogen,in liq nitrogen + formalin,in liq nitrogen,in liq nitrogen + formalin,in liq nitrogen,,
HZ_BR,Germany,,E_ANDE,AA_0139,male,mus musculus,2016,27.09.2016,28.09.2016,TRUE,fleas,9.8,64,56,NA,14,0.023/0.025,4,3,FALSE,0,NA,NA,NA,0,0,0,0,0,in alcohol X2,in liq nitrogenX1 + in alcoholX1,in K2Cr2O24,in liq nitrogen,in liq nitrogen + formalin,in liq nitrogen,in liq nitrogen + formalin,in liq nitrogen,in liq nitrogen + formalin,in liq nitrogen,,
HZ_BR,Germany,,E_WILM,AA_0140,female,mus musculus,2016,27.09.2016,28.09.2016,TRUE,FALSE,19.01,84,77,NA,53,NA,NA,NA,TRUE,78,DESS and formalin,Cecum (9) colon (69),syphacia,78,0,0,0,0,in alcohol X2,in liq nitrogenX1 + in alcoholX1,in K2Cr2O24,in liq nitrogen,in liq nitrogen + formalin,in liq nitrogen,in liq nitrogen + formalin,in liq nitrogen,in liq nitrogen + formalin,in liq nitrogen,,
HZ_BR,Germany,,E_WILM,AA_0141,male,mus musculus,2016,27.09.2016,28.09.2016,TRUE,FALSE,12.47,74,72,NA,0.04,0.049/0.052,15,21,FALSE,0,NA,NA,NA,0,0,0,0,0,in alcohol X2,in liq nitrogenX1 + in alcoholX1,in K2Cr2O24,in liq nitrogen,in liq nitrogen + formalin,in liq nitrogen,in liq nitrogen + formalin,in liq nitrogen,in liq nitrogen + formalin,in liq nitrogen,,
HZ_BR,Germany,,E_WILM,AA_0142,female,mus musculus,2016,27.09.2016,28.09.2016,TRUE,FALSE,16.152,82,78,NA,63,NA,NA,NA,TRUE,180,DESS and formalin,Cecum (15) colon (165),syphacia,180,0,0,0,0,in alcohol X2,in liq nitrogenX1 + in alcoholX1,in K2Cr2O24,in liq nitrogen,in liq nitrogen + formalin,in liq nitrogen,in liq nitrogen + formalin,in liq nitrogen,in liq nitrogen + formalin,in liq nitrogen,,
HZ_BR,Germany,,E_MU14,AA_0143,male,mus musculus,2016,27.09.2016,28.09.2016,TRUE,fleas,11.986,NA,NA,NA,25,0.026/0.031,11,0.01,TRUE,13,DESS and formalin,Cecum (12) colon (1),syphacia,13,0,0,0,0,in alcohol X2,in liq nitrogenX1 + in alcoholX1,in K2Cr2O24,in liq nitrogen,in liq nitrogen + formalin,in liq nitrogen,in liq nitrogen + formalin,in liq nitrogen,in liq nitrogen + formalin,in liq nitrogen,,
HZ_BR,Germany,,E_LUDE,AA_0144,female,mus musculus,2016,27.09.2016,28.09.2016,TRUE,fleas,15.83,82,72,NA,42,NA,NA,NA,TRUE,22,DESS and formalin,small intestine (1 tenia) cecum (1 trichuris 1 syphacia) colon (20 syphacia),tenia and trichuris and syphacia,21,0,1,0,1,in alcohol X2,in liq nitrogenX1 + in alcoholX1,in K2Cr2O24,in liq nitrogen,in liq nitrogen + formalin,in liq nitrogen,in liq nitrogen + formalin,in liq nitrogen,in liq nitrogen + formalin,in liq nitrogen,,
HZ_BR,Germany,,E_WRI6,AA_0145,female,mus musculus,2016,27.09.2016,28.09.2016,TRUE,FALSE,11.39,80,74,NA,24,NA,NA,NA,FALSE,0,NA,NA,NA,0,0,0,0,0,in alcohol X2,in liq nitrogenX1 + in alcoholX1,in K2Cr2O24,in liq nitrogen,in liq nitrogen + formalin,in liq nitrogen,in liq nitrogen + formalin,in liq nitrogen,in liq nitrogen + formalin,in liq nitrogen,,
HZ_BR,Germany,20h35,E_DU19,AA_0146,male,mus musculus,2016,28.09.2016,29.09.2016,TRUE,fleas,20.668,83,82,NA,15,0.062/0.059,22,171,FALSE,0,NA,NA,NA,0,0,0,0,0,in alcohol X2,in liq nitrogenX1 + in alcoholX1,in K2Cr2O24,in liq nitrogen,in liq nitrogen + formalin,in liq nitrogen,in liq nitrogen + formalin,in liq nitrogen,in liq nitrogen + formalin,in liq nitrogen,,
HZ_BR,Germany,,E_LUCK,AA_0147,female,mus musculus,2016,28.09.2016,29.09.2016,TRUE,FALSE,15.51,76,86,NA,36,NA,NA,NA,FALSE,0,NA,NA,NA,0,0,0,0,0,in alcohol X2,in liq nitrogenX1 + in alcoholX1,in K2Cr2O24,in liq nitrogen,in liq nitrogen + formalin,in liq nitrogen,in liq nitrogen + formalin,in liq nitrogen,in liq nitrogen + formalin,in liq nitrogen,,
HZ_BR,Germany,,E_DU19,AA_0148,male,mus musculus,2016,28.09.2016,29.09.2016,TRUE,fleas,12.05,69,78,NA,39,0.024/0.027,5,7,FALSE,0,NA,NA,NA,0,0,0,0,0,in alcohol X2,in liq nitrogenX1 + in alcoholX1,in K2Cr2O24,in liq nitrogen,in liq nitrogen + formalin,in liq nitrogen,in liq nitrogen + formalin,in liq nitrogen,in liq nitrogen + formalin,in liq nitrogen,,
HZ_BR,Germany,,E_LUCK,AA_0149,female,mus musculus,2016,28.09.2016,29.09.2016,TRUE,FALSE,10.816,69,73,NA,22,NA,NA,NA,TRUE,10,DESS and formalin,cecum,syphacia,10,0,0,0,0,in alcohol X2,in liq nitrogenX1 + in alcoholX1,in K2Cr2O24,in liq nitrogen,in liq nitrogen + formalin,in liq nitrogen,in liq nitrogen + formalin,in liq nitrogen,in liq nitrogen + formalin,in liq nitrogen,,
HZ_BR,Germany,,E_DU19,AA_0150,male,mus musculus,2016,28.09.2016,29.09.2016,TRUE,fleas,21.245,85,85,NA,35,0.058/0.059,23,107,FALSE,0,NA,NA,NA,0,0,0,0,0,in alcohol X2,in liq nitrogenX1 + in alcoholX1,in K2Cr2O24,in liq nitrogen,in liq nitrogen + formalin,in liq nitrogen,in liq nitrogen + formalin,in liq nitrogen,in liq nitrogen + formalin,in liq nitrogen,,
HZ_BR,Germany,,E_DU19,AA_0151,female,mus musculus,2016,28.09.2016,29.09.2016,TRUE,fleas,19.01,85,87,NA,31,NA,NA,NA,FALSE,0,NA,NA,NA,0,0,0,0,0,in alcohol X2,in liq nitrogenX1 + in alcoholX1,in K2Cr2O24,in liq nitrogen,in liq nitrogen + formalin,in liq nitrogen,in liq nitrogen + formalin,in liq nitrogen,in liq nitrogen + formalin,in liq nitrogen,,
HZ_BR,Germany,,E_DU19,AA_0152,male,mus musculus,2016,28.09.2016,29.09.2016,TRUE,fleas,13.75,75,81,NA,17,0.058/0.059,12,33,TRUE,45,DESS  ,cecum,syphacia,45,0,0,0,0,in alcohol X2,in liq nitrogenX1 + in alcoholX1,in K2Cr2O24,in liq nitrogen,in liq nitrogen + formalin,in liq nitrogen,in liq nitrogen + formalin,in liq nitrogen,in liq nitrogen + formalin,in liq nitrogen,,
HZ_BR,Germany,,E_DU19,AA_0153,female,mus musculus,2016,28.09.2016,29.09.2016,TRUE,fleas,13.03,75,75,NA,31,NA,NA,NA,FALSE,0,NA,NA,NA,0,0,0,0,0,in alcohol X2,in liq nitrogenX1 + in alcoholX1,in K2Cr2O24,in liq nitrogen,in liq nitrogen + formalin,in liq nitrogen,in liq nitrogen + formalin,in liq nitrogen,in liq nitrogen + formalin,in liq nitrogen,,
HZ_BR,Germany,,E_DU19,AA_0154,male,mus musculus,2016,28.09.2016,29.09.2016,TRUE,fleas,17.37,80,83,NA,51,0.016/0.018,13,118,TRUE,13,DESS and formalin,Cecum (4 trichuris 7 sphacia) colon (2 trichuris),syphacia and trichuris muris,7,0,0,0,6,in alcohol X2,in liq nitrogenX1 + in alcoholX1,in K2Cr2O24,in liq nitrogen,in liq nitrogen + formalin,in liq nitrogen,in liq nitrogen + formalin,in liq nitrogen,in liq nitrogen + formalin,in liq nitrogen,,
HZ_BR,Germany,,E_DU19,AA_0155,female,mus musculus,2016,28.09.2016,29.09.2016,TRUE,fleas,14.96,78,85,NA,27,NA,NA,NA,FALSE,0,NA,NA,NA,0,0,0,0,0,in alcohol X2,in liq nitrogenX1 + in alcoholX1,in K2Cr2O24,in liq nitrogen,in liq nitrogen + formalin,in liq nitrogen,in liq nitrogen + formalin,in liq nitrogen,in liq nitrogen + formalin,in liq nitrogen,,
HZ_BR,Germany,,E_DU19,AA_0156,female,mus musculus,2016,28.09.2016,29.09.2016,TRUE,FALSE,21.269,90,85,NA,46,NA,NA,NA,FALSE,0,NA,NA,NA,0,0,0,0,0,in alcohol X2,in liq nitrogenX1 + in alcoholX1,in K2Cr2O24,in liq nitrogen,in liq nitrogen + formalin,in liq nitrogen,in liq nitrogen + formalin,in liq nitrogen,in liq nitrogen + formalin,in liq nitrogen,,
HZ_BR,Germany,,E_DU19,AA_0157,male (young),mus musculus,2016,28.09.2016,29.09.2016,TRUE,fleas,11.63,69,77,NA,22,0.021/0.021,3,2,TRUE,4,DESS  ,cecum,syphacia,4,0,0,0,0,in alcohol X2,in liq nitrogenX1 + in alcoholX1,in K2Cr2O24,in liq nitrogen,in liq nitrogen + formalin,in liq nitrogen,in liq nitrogen + formalin,in liq nitrogen,in liq nitrogen + formalin,in liq nitrogen,,
HZ_BR,Germany,,E_DU19,AA_0158,female,mus musculus,2016,28.09.2016,29.09.2016,TRUE,fleas,20.54,90,84,NA,53,NA,NA,NA,FALSE,0,NA,NA,NA,0,0,0,0,0,in alcohol X2,in liq nitrogenX1 + in alcoholX1,in K2Cr2O24,in liq nitrogen,in liq nitrogen + formalin,in liq nitrogen,in liq nitrogen + formalin,in liq nitrogen,in liq nitrogen + formalin,in liq nitrogen,,
HZ_BR,Germany,,E_DU19,AA_0159,female (pregnant),mus musculus,2016,28.09.2016,29.09.2016,TRUE,fleas,26.38,89,85,NA,64,NA,NA,NA,FALSE,0,NA,NA,NA,0,0,0,0,0,in alcohol X2,in liq nitrogenX1 + in alcoholX1,in K2Cr2O24,in liq nitrogen,in liq nitrogen + formalin,in liq nitrogen,in liq nitrogen + formalin,in liq nitrogen,in liq nitrogen + formalin,in liq nitrogen,,
HZ_BR,Germany,,E_DU19,AA_0160,female,mus musculus,2016,28.09.2016,29.09.2016,TRUE,FALSE,20.26,86,78,NA,41,NA,NA,NA,FALSE,0,NA,NA,NA,0,0,0,0,0,in alcohol X2,in liq nitrogenX1 + in alcoholX1,in K2Cr2O24,in liq nitrogen,in liq nitrogen + formalin,in liq nitrogen,in liq nitrogen + formalin,in liq nitrogen,in liq nitrogen + formalin,in liq nitrogen,,
HZ_BR,Germany,,E_DORW,AA_0161,female,mus musculus,2016,28.09.2016,29.09.2016,TRUE,fleas,15.565,80,85,NA,32,NA,NA,NA,TRUE,3,formalin,cecum,syphacia,3,0,0,0,0,in alcohol X2,in liq nitrogenX1 + in alcoholX1,in K2Cr2O24,in liq nitrogen,in liq nitrogen + formalin,in liq nitrogen,in liq nitrogen + formalin,in liq nitrogen,in liq nitrogen + formalin,in liq nitrogen,,
HZ_BR,Germany,,E_DORW,AA_0162,female,mus musculus,2016,28.09.2016,29.09.2016,TRUE,FALSE,16.28,82,82,NA,37,NA,NA,NA,FALSE,0,NA,NA,NA,0,0,0,0,0,in alcohol X2,in liq nitrogenX1 + in alcoholX1,in K2Cr2O24,in liq nitrogen,in liq nitrogen + formalin,in liq nitrogen,in liq nitrogen + formalin,in liq nitrogen,in liq nitrogen + formalin,in liq nitrogen,,
HZ_BR,Germany,,E_DORW,AA_0163,female,mus musculus,2016,28.09.2016,29.09.2016,TRUE,FALSE,13.89,80,75,NA,45,NA,NA,NA,FALSE,0,NA,NA,NA,0,0,0,0,0,in alcohol X2,in liq nitrogenX1 + in alcoholX1,in K2Cr2O24,in liq nitrogen,in liq nitrogen + formalin,in liq nitrogen,in liq nitrogen + formalin,in liq nitrogen,in liq nitrogen + formalin,in liq nitrogen,,
HZ_BR,Germany,,E_HIND,AA_0164,male,mus musculus,2016,28.09.2016,29.09.2016,TRUE,FALSE,14.46,80,80,NA,NA,0.066/0.066,23,81,FALSE,0,NA,NA,NA,0,0,0,0,0,in alcohol X2,in liq nitrogenX1 + in alcoholX1,in K2Cr2O24,in liq nitrogen,in liq nitrogen + formalin,in liq nitrogen,in liq nitrogen + formalin,in liq nitrogen,in liq nitrogen + formalin,in liq nitrogen,,
HZ_BR,Germany,,E_HIND,AA_0165,female,mus musculus,2016,28.09.2016,29.09.2016,TRUE,FALSE,11.39,73,81,NA,27,NA,NA,NA,FALSE,0,NA,NA,NA,0,0,0,0,0,in alcohol X2,in liq nitrogenX1 + in alcoholX1,in K2Cr2O24,in liq nitrogen,in liq nitrogen + formalin,in liq nitrogen,in liq nitrogen + formalin,in liq nitrogen,in liq nitrogen + formalin,in liq nitrogen,,
HZ_BR,Germany,,E_HIND,AA_0166,male,mus musculus,2016,28.09.2016,29.09.2016,TRUE,FALSE,16.418,84,84,NA,33,0.103/0.096,26,151,TRUE,4,formalin,cecum,syphacia,4,0,0,0,0,in alcohol X2,in liq nitrogenX1 + in alcoholX1,in K2Cr2O24,in liq nitrogen,in liq nitrogen + formalin,in liq nitrogen,in liq nitrogen + formalin,in liq nitrogen,in liq nitrogen + formalin,in liq nitrogen,,
HZ_BR,Germany,,E_HIND,AA_0167,female,mus musculus,2016,28.09.2016,29.09.2016,TRUE,FALSE,18.09,89,81,NA,38,NA,NA,NA,TRUE,28,DESS and formalin,small intestine (1) cecum (25) colon (2),syphacia,28,0,0,0,0,in alcohol X2,in liq nitrogenX1 + in alcoholX1,in K2Cr2O24,in liq nitrogen,in liq nitrogen + formalin,in liq nitrogen,in liq nitrogen + formalin,in liq nitrogen,in liq nitrogen + formalin,in liq nitrogen,,
HZ_BR,Germany,,E_HIND,AA_0168,female (pregnant),mus musculus,2016,28.09.2016,29.09.2016,TRUE,FALSE,11.83,70,75,NA,0.05,NA,NA,NA,TRUE,18,DESS  ,cecum,syphacia,18,0,0,0,0,in alcohol X2,in liq nitrogenX1 + in alcoholX1,in K2Cr2O24,in liq nitrogen,in liq nitrogen + formalin,in liq nitrogen,in liq nitrogen + formalin,in liq nitrogen,in liq nitrogen + formalin,in liq nitrogen,,
HZ_BR,Germany,,E_HIND,AA_0169,male,mus musculus,2016,28.09.2016,29.09.2016,TRUE,FALSE,17.1,81,80,NA,33,0.064/0.068,18,68,TRUE,4,formalin,cecum,syphacia,4,0,0,0,0,in alcohol X2,in liq nitrogenX1 + in alcoholX1,in K2Cr2O24,in liq nitrogen,in liq nitrogen + formalin,in liq nitrogen,in liq nitrogen + formalin,in liq nitrogen,in liq nitrogen + formalin,in liq nitrogen,,
HZ_BR,Germany,,E_HIND,AA_0170,female (pregnant),mus musculus,2016,28.09.2016,29.09.2016,TRUE,FALSE,21.551,86,90,NA,41,NA,NA,NA,TRUE,9,DESS and formalin,cecum,syphacia,9,0,0,0,0,in alcohol X2,in liq nitrogenX1 + in alcoholX1,in K2Cr2O24,in liq nitrogen,in liq nitrogen + formalin,in liq nitrogen,in liq nitrogen + formalin,in liq nitrogen,in liq nitrogen + formalin,in liq nitrogen,,
HZ_BR,Germany,,E_HIND,AA_0171,male,mus musculus,2016,28.09.2016,30.09.2016,TRUE,FALSE,20.567,84,90,NA,0.04,0.075/0.077,24,122,TRUE,2,formalin,Cecum (1) colon (1),syphacia,2,0,0,0,0,in alcohol X2,in liq nitrogenX1 + in alcoholX1,in K2Cr2O24,in liq nitrogen,in liq nitrogen + formalin,in liq nitrogen,in liq nitrogen + formalin,in liq nitrogen,in liq nitrogen + formalin,in liq nitrogen,,
HZ_BR,Germany,,E_HIND,AA_0172,female,mus musculus,2016,28.09.2016,30.09.2016,TRUE,FALSE,19.85,89,82,NA,39,NA,NA,NA,TRUE,34,DESS and formalin,cecum,syphacia,34,0,0,0,0,in alcohol X2,in liq nitrogenX1 + in alcoholX1,in K2Cr2O24,in liq nitrogen,in liq nitrogen + formalin,in liq nitrogen,in liq nitrogen + formalin,in liq nitrogen,in liq nitrogen + formalin,in liq nitrogen,,
HZ_BR,Germany,,E_DOB1,AA_0173,male,mus musculus,2016,28.09.2016,30.09.2016,TRUE,fleas,17.61,83,70,NA,0.09,0.07/0.067,16,111,TRUE,67,DESS and formalin,small intestine (1 tenia) cecum (17 syphacia) colon (49 syphacia),tenia and syphacia,66,0,0,1,0,in alcohol X2,in liq nitrogenX1 + in alcoholX1,in K2Cr2O24,in liq nitrogen,in liq nitrogen + formalin,in liq nitrogen,in liq nitrogen + formalin,in liq nitrogen,in liq nitrogen + formalin,in liq nitrogen,,"very small stomach, light MES, light liver, light kidney"
HZ_BR,Germany,,E_HIND,AA_0174,female (pregnant),mus musculus,2016,28.09.2016,30.09.2016,TRUE,FALSE,28.14,85,83,NA,27,NA,NA,NA,TRUE,46,DESS and formalin,cecum,syphacia,46,0,0,0,0,in alcohol X2,in liq nitrogenX1 + in alcoholX1,in K2Cr2O24,in liq nitrogen,in liq nitrogen + formalin,in liq nitrogen,in liq nitrogen + formalin,in liq nitrogen,in liq nitrogen + formalin,in liq nitrogen,,
HZ_BR,Germany,,E_HIND,AA_0175,female,mus musculus,2016,28.09.2016,30.09.2016,TRUE,FALSE,15.9,81,80,NA,0.04,NA,NA,NA,TRUE,5,formalin,cecum,syphacia,5,0,0,0,0,in alcohol X2,in liq nitrogenX1 + in alcoholX1,in K2Cr2O24,in liq nitrogen,in liq nitrogen + formalin,in liq nitrogen,in liq nitrogen + formalin,in liq nitrogen,in liq nitrogen + formalin,in liq nitrogen,,
HZ_BR,Germany,,E_HIND,AA_0176,female (pregnant),mus musculus,2016,28.09.2016,30.09.2016,TRUE,FALSE,18.9,80,81,NA,0.06,NA,NA,NA,TRUE,3,formalin,cecum,syphacia,3,0,0,0,0,in alcohol X2,in liq nitrogenX1 + in alcoholX1,in K2Cr2O24,in liq nitrogen,in liq nitrogen + formalin,in liq nitrogen,in liq nitrogen + formalin,in liq nitrogen,in liq nitrogen + formalin,in liq nitrogen,,
HZ_BR,Germany,,STEG1,AA_0177,male,mus musculus,2016,28.09.2016,30.09.2016,TRUE,FALSE,16.59,82,71,NA,0.03,0.080/0.070,22,124,FALSE,0,NA,NA,NA,0,0,0,0,0,in alcohol X2,in liq nitrogenX1 + in alcoholX1,in K2Cr2O24,in liq nitrogen,in liq nitrogen + formalin,in liq nitrogen,in liq nitrogen + formalin,in liq nitrogen,in liq nitrogen + formalin,in liq nitrogen,,
HZ_BR,Germany,,E_GERS,AA_0178,female,mus musculus,2016,28.09.2016,30.09.2016,TRUE,FALSE,11.955,74,69,NA,0.02,NA,NA,NA,FALSE,0,NA,NA,NA,0,0,0,0,0,in alcohol X2,in liq nitrogenX1 + in alcoholX1,in K2Cr2O24,in liq nitrogen,in liq nitrogen + formalin,in liq nitrogen,in liq nitrogen + formalin,in liq nitrogen,in liq nitrogen + formalin,in liq nitrogen,,
HZ_BR,Germany,,E_GERS,AA_0179,male,mus musculus,2016,28.09.2016,30.09.2016,TRUE,fleas,12.41,75,69,NA,21,0.065/0.067,14,43,FALSE,0,NA,NA,NA,0,0,0,0,0,in alcohol X2,in liq nitrogenX1 + in alcoholX1,in K2Cr2O24,in liq nitrogen,in liq nitrogen + formalin,in liq nitrogen,in liq nitrogen + formalin,in liq nitrogen,in liq nitrogen + formalin,in liq nitrogen,,
HZ_BR,Germany,,E_ZOOT,AA_0180,female,mus musculus,2016,28.09.2016,30.09.2016,TRUE,FALSE,25.49,104,90,NA,34,NA,NA,NA,FALSE,0,NA,NA,NA,0,0,0,0,0,in alcohol X2,in liq nitrogenX1 + in alcoholX1,in K2Cr2O24,in liq nitrogen,in liq nitrogen + formalin,in liq nitrogen,in liq nitrogen + formalin,in liq nitrogen,in liq nitrogen + formalin,in liq nitrogen,,
HZ_BR,Germany,,E_ZOOT,AA_0181,male,mus musculus,2016,28.09.2016,30.09.2016,TRUE,fleas,17.553,80,82,NA,0.03,0.071/0.084,21,56,TRUE,5,formalin,colon,syphacia,5,0,0,0,0,in alcohol X2,in liq nitrogenX1 + in alcoholX1,in K2Cr2O24,in liq nitrogen,in liq nitrogen + formalin,in liq nitrogen,in liq nitrogen + formalin,in liq nitrogen,in liq nitrogen + formalin,in liq nitrogen,,
HZ_BR,Germany,,E_NE20,AA_0182,female,mus musculus,2016,28.09.2016,30.09.2016,TRUE,FALSE,17.69,88,86,NA,43,NA,NA,NA,FALSE,0,NA,NA,NA,0,0,0,0,0,in alcohol X2,in liq nitrogenX1 + in alcoholX1,in K2Cr2O24,in liq nitrogen,in liq nitrogen + formalin,in liq nitrogen,in liq nitrogen + formalin,in liq nitrogen,in liq nitrogen + formalin,in liq nitrogen,,
HZ_BR,Germany,,E_ZOOT,AA_0183,male,mus musculus,2016,28.09.2016,30.09.2016,TRUE,fleas,17.75,82,81,NA,47,0.072/0.076,0.02,132,TRUE,41,DESS and formalin,cecum,syphacia,41,0,0,0,0,in alcohol X2,in liq nitrogenX1 + in alcoholX1,in K2Cr2O24,in liq nitrogen,in liq nitrogen + formalin,in liq nitrogen,in liq nitrogen + formalin,in liq nitrogen,in liq nitrogen + formalin,in liq nitrogen,,
HZ_BR,Germany,,E_ZOOT,AA_0184,female,mus musculus,2016,28.09.2016,30.09.2016,TRUE,FALSE,18.359,90,80,NA,51,NA,NA,NA,TRUE,70,DESS and formalin,Cecum (11) colon (59),syphacia,70,0,0,0,0,in alcohol X2,in liq nitrogenX1 + in alcoholX1,in K2Cr2O24,in liq nitrogen,in liq nitrogen + formalin,in liq nitrogen,in liq nitrogen + formalin,in liq nitrogen,in liq nitrogen + formalin,in liq nitrogen,,
HZ_BR,Germany,,DOBB8,AA_0185,male,mus musculus,2016,29.09.2016,30.09.2016,TRUE,FALSE,14.4,79,70,NA,53,0.054/0.061,17,86,TRUE,13,DESS and formalin,Cecum (5 syphacia) colon (8 aspicularis and syphacia),aspicularis and syphacia,9,4,0,0,0,in alcohol X2,in liq nitrogenX1 + in alcoholX1,in K2Cr2O24,in liq nitrogen,in liq nitrogen + formalin,in liq nitrogen,in liq nitrogen + formalin,in liq nitrogen,in liq nitrogen + formalin,in liq nitrogen,,
HZ_BR,Germany,,DOBB8,AA_0186,female,mus musculus,2016,29.09.2016,30.09.2016,TRUE,FALSE,11.16,70,60,NA,33,NA,NA,NA,TRUE,1,NA,small intestine (tenia with scolex),tenia,0,0,0,1,0,in alcohol X2,in liq nitrogenX1 + in alcoholX1,in K2Cr2O24,in liq nitrogen,in liq nitrogen + formalin,in liq nitrogen,in liq nitrogen + formalin,in liq nitrogen,in liq nitrogen + formalin,in liq nitrogen,,
HZ_BR,Germany,,DOBB8,AA_0187,male,mus musculus,2016,29.09.2016,30.09.2016,TRUE,FALSE,15.53,80,65,NA,61,0.025/0.031,14,73,TRUE,1,NA,small intestine (1 tenia),tenia,0,0,0,1,0,in alcohol X2,in liq nitrogenX1 + in alcoholX1,in K2Cr2O24,in liq nitrogen,in liq nitrogen + formalin,in liq nitrogen,in liq nitrogen + formalin,in liq nitrogen,in liq nitrogen + formalin,in liq nitrogen,,
HZ_BR,Germany,,DOBB8,AA_0188,female,mus musculus,2016,29.09.2016,30.09.2016,TRUE,fleas,9.07,67,59,NA,22,NA,NA,NA,TRUE,10,DESS and formalin,Cecum (6) colon (4),syphacia,10,0,0,0,0,in alcohol X2,in liq nitrogenX1 + in alcoholX1,in K2Cr2O24,in liq nitrogen,in liq nitrogen + formalin,in liq nitrogen,in liq nitrogen + formalin,in liq nitrogen,in liq nitrogen + formalin,in liq nitrogen,,
HZ_BR,Germany,,DOBB8,AA_0189,male,mus musculus,2016,29.09.2016,30.09.2016,TRUE,fleas,19.24,85,70,NA,113,0.041/0.042,15,104,TRUE,39,DESS and formalin,small intestine (1 tenia) cecum (38 syphacia),tenia and syphacia,38,0,0,1,0,in alcohol X2,in liq nitrogenX1 + in alcoholX1,in K2Cr2O24,in liq nitrogen,in liq nitrogen + formalin,in liq nitrogen,in liq nitrogen + formalin,in liq nitrogen,in liq nitrogen + formalin,in liq nitrogen,,
HZ_BR,Germany,,E_HIND,AA_0190,female,mus musculus,2016,28.09.2016,30.09.2016,TRUE,FALSE,21.23,95,91,NA,33,NA,NA,NA,TRUE,4,formalin,cecum,syphacia,4,0,0,0,0,in alcohol X2,in liq nitrogenX1 + in alcoholX1,in K2Cr2O24,in liq nitrogen,in liq nitrogen + formalin,in liq nitrogen,in liq nitrogen + formalin,in liq nitrogen,in liq nitrogen + formalin,in liq nitrogen,,
HZ_BR,Germany,,E_DOB1,AA_0191,male,mus musculus,2016,29.09.2016,30.09.2016,TRUE,fleas,18.93,86,71,NA,319,0.048/0.053,16,0.08,TRUE,4,NA,small intestine (1 tenia) stomach (3 mastophorus) liver (tenia),tenia and mastophorus,0,0,3,2,0,in alcohol X2,in liq nitrogenX1 + in alcoholX1,in K2Cr2O24,in liq nitrogen,in liq nitrogen + formalin,in liq nitrogen,in liq nitrogen + formalin,in liq nitrogen,in liq nitrogen + formalin,in liq nitrogen,,
HZ_BR,Germany,,E_MA20,AA_0192,female,mus musculus,2016,29.09.2016,30.09.2016,TRUE,FALSE,7.894,64,59,NA,12,NA,NA,NA,TRUE,1,formalin,cecum,syphacia,1,0,0,0,0,in alcohol X2,in liq nitrogenX1 + in alcoholX1,in K2Cr2O24,in liq nitrogen,in liq nitrogen + formalin,in liq nitrogen,in liq nitrogen + formalin,in liq nitrogen,in liq nitrogen + formalin,in liq nitrogen,,
HZ_BR,Germany,,E_MA20,AA_0193,female,mus musculus,2016,29.09.2016,30.09.2016,TRUE,FALSE,16.04,86,75,NA,11,NA,NA,NA,TRUE,26,DESS and formalin,Cecum (19) colon (7),syphacia,26,0,0,0,0,in alcohol X2,in liq nitrogenX1 + in alcoholX1,in K2Cr2O24,in liq nitrogen,in liq nitrogen + formalin,in liq nitrogen,in liq nitrogen + formalin,in liq nitrogen,in liq nitrogen + formalin,in liq nitrogen,,
HZ_BR,Germany,,E_MA20,AA_0194,male,mus musculus,2016,29.09.2016,30.09.2016,TRUE,FALSE,15.21,79,75,NA,11,0.073/0.075,17,0.06,TRUE,1,formalin,colon,syphacia,1,0,0,0,0,in alcohol X2,in liq nitrogenX1 + in alcoholX1,in K2Cr2O24,in liq nitrogen,in liq nitrogen + formalin,in liq nitrogen,in liq nitrogen + formalin,in liq nitrogen,in liq nitrogen + formalin,in liq nitrogen,,
HZ_BR,Germany,,E_MA20,AA_0195,female (pregnant),mus musculus,2016,29.09.2016,30.09.2016,TRUE,FALSE,16.65,84,78,NA,23,NA,NA,NA,TRUE,28,DESS and formalin,Cecum (23) colon (5),syphacia,28,0,0,0,0,in alcohol X2,in liq nitrogenX1 + in alcoholX1,in K2Cr2O24,in liq nitrogen,in liq nitrogen + formalin,in liq nitrogen,in liq nitrogen + formalin,in liq nitrogen,in liq nitrogen + formalin,in liq nitrogen,,
HZ_BR,Germany,,E_AD23,AA_0196,male,mus musculus,2016,29.09.2016,30.09.2016,TRUE,FALSE,15.92,81,75,NA,0.04,0.054/0.050,16,66,TRUE,23,NA,small intestine (3 tenia) cecum (15 trichuris) colon (5 trichuris),tenia and trichuris,0,0,0,3,20,in alcohol X2,in liq nitrogenX1 + in alcoholX1,in K2Cr2O24,in liq nitrogen,in liq nitrogen + formalin,in liq nitrogen,in liq nitrogen + formalin,in liq nitrogen,in liq nitrogen + formalin,in liq nitrogen,,
HZ_BR,Germany,,E_MA20,AA_0197,female,mus musculus,2016,29.09.2016,30.09.2016,TRUE,FALSE,15.07,83,75,NA,19,NA,NA,NA,TRUE,37,formalin,Cecum (21) colon (16),syphacia,37,0,0,0,0,in alcohol X2,in liq nitrogenX1 + in alcoholX1,in K2Cr2O24,in liq nitrogen,in liq nitrogen + formalin,in liq nitrogen,in liq nitrogen + formalin,in liq nitrogen,in liq nitrogen + formalin,in liq nitrogen,,
HZ_BR,Germany,,E_AMR1,AA_0198,male,mus musculus,2016,29.09.2016,31.09.2016,TRUE,FALSE,6.443,58,49,NA,0.01,0.012/0.011,1,1,FALSE,0,NA,NA,NA,0,0,0,0,0,,,,,,,,,,,,
HZ_BR,Germany,,E_AD23,AA_0199,female,mus musculus,2016,29.09.2016,31.09.2016,TRUE,FALSE,11.32,70,69,NA,21,NA,NA,NA,TRUE,66,DESS and formalin,Smal intestine (1 tenia) Cecum (11 s) colon (54 s),syphacia and tenia,65,0,0,1,0,,,,,,,,,,,,
HZ_BR,Germany,,E_AD23,AA_0200,male,mus musculus,2016,29.09.2016,31.09.2016,TRUE,FALSE,0.011,69,59,NA,51,0.009/0.008,2,2,TRUE,34,DESS and formalin,small intestine (15) cecum (8) colon (11),trichuris,0,0,0,0,34,,,,,,,,,,,,
HZ_BR,Germany,,E_AD23,AA_0201,female,mus musculus,2016,29.09.2016,31.09.2016,TRUE,FALSE,15.85,80,73,NA,38,NA,NA,NA,TRUE,31,DESS and formalin,Cecum (19) colon (12),trichuris,0,0,0,0,31,,,,,,,,,,,,
HZ_BR,Germany,,E_AD23,AA_0202,male,mus musculus,2016,29.09.2016,31.09.2016,TRUE,FALSE,17.833,81,NA,NA,65,0.064/0.064,18,79,TRUE,30,DESS and formalin,small intestine (4 tenia) cecum (13 trichuris) colon (11 tri + 2 sy),tenia and trichuris and syphacia,2,0,0,4,24,,,,,,,,,,,,
HZ_BR,Germany,,E_ST18,AA_0203,female,mus musculus,2016,29.09.2016,31.09.2016,TRUE,fleas,10.43,68,68,NA,31,NA,NA,NA,TRUE,8,formalin,cecum (syphacia),syphacia,8,0,0,0,0,,,,,,,,,,,,
HZ_BR,Germany,,E_AD23,AA_0204,male,mus musculus,2016,29.09.2016,31.09.2016,TRUE,fleas,12.52,74,70,NA,28,0.041/0.043,11,96,TRUE,41,DESS and formalin,Cecum (4 tric 19 syp) colon (18 aspi and syphacia),trichuris and aspicularis and syphacia,28,9,0,0,4,,,,,,,,,,,,
HZ_BR,Germany,,E_ST18,AA_0205,female,mus musculus,2016,29.09.2016,31.09.2016,TRUE,fleas,18.28,85,77,NA,67,NA,NA,NA,FALSE,0,NA,NA,NA,0,0,0,0,0,,,,,,,,,,,,
HZ_BR,Germany,,E_AD23,AA_0206,male,mus musculus,2016,29.09.2016,31.09.2016,TRUE,FALSE,11.8,71,65,NA,0.03,0.008/0.012,2,2,TRUE,56,DESS and formalin,Cecum (29 tri) colon (20 tri 7 sy),trichuris and syphacia,7,0,0,0,49,,,,,,,,,,,,
HZ_BR,Germany,,E_MO12,AA_0207,female,mus musculus,2016,29.09.2016,31.09.2016,TRUE,fleas,15.29,83,73,NA,46,NA,NA,NA,TRUE,77,DESS and formalin,small intestine (1 tenia) cecum (5 syphacia) colon (71 syphacia),tenia and syphacia,76,0,0,1,0,,,,,,,,,,,,
HZ_BR,Germany,,E_ST18,AA_0208,female,mus musculus,2016,29.09.2016,31.09.2016,TRUE,fleas,15.56,90,80,NA,52,NA,NA,NA,TRUE,5,formalin,cecum,syphacia,5,0,0,0,0,,,,,,,,,,,,
HZ_BR,Germany,,E_MO12,AA_0209,female (pregnant),mus musculus,2016,29.09.2016,31.09.2016,TRUE,FALSE,14.32,79,71,NA,32,NA,NA,NA,FALSE,0,NA,NA,NA,0,0,0,0,0,,,,,,,,,,,,
HZ_BR,Germany,,LETS38,AA_0210,female,mus musculus,2016,29.09.2016,31.09.2016,TRUE,FALSE,16.625,84,76,NA,26,NA,NA,NA,TRUE,12,formalin,cecum,syphacia,12,0,0,0,0,,,,,,,,,,,,
HZ_BR,Germany,,E_MA20,AA_0211,female,mus musculus,2016,29.09.2016,31.09.2016,TRUE,FALSE,14.01,82,79,NA,16,NA,NA,NA,TRUE,114,DESS and formalin,Cecum (93) colon (21),syphacia,114,0,0,0,0,,,,,,,,,,,,
