1_Year ,Transect ,2_Code ,3_ID_mouse ,4_Worms_presence ,5_Intestinal_content_sample ,6_Intestinal_content_DNA ,7_Cecum_content_sample ,8_Cecum_content_DNA ,9_Colon_content_sample ,10_Colon_content_DNA ,11_Flotation,12_Ap5_PCR,12_18S_PCR,13_18S_Seq,13_COI_PCR,14_COI_Seq,15_ORF470_PCR,16_ORF470_Seq,17_SSU_PCR,18_LSU_PCR
2014,HZ_CZ ,NEB3 ,SK_2651,FALSE,1,1,NA,NA,NA,NA,NA,FALSE,FALSE,FALSE,FALSE,FALSE,NA,NA,NA,NA
2014,HZ_CZ ,NEB3 ,SK_2652,FALSE,1,1,NA,NA,NA,NA,NA,FALSE,TRUE,FALSE,TRUE,FALSE,NA,NA,NA,NA
2014,HZ_CZ ,CHOT1 ,SK_2653,FALSE,1,1,NA,NA,NA,NA,NA,FALSE,FALSE,FALSE,FALSE,FALSE,NA,NA,NA,NA
2014,HZ_CZ ,CHOT1 ,SK_2654,FALSE,1,1,NA,NA,NA,NA,NA,FALSE,FALSE,FALSE,FALSE,FALSE,NA,NA,NA,NA
2014,HZ_CZ ,CHOT1 ,SK_2655,FALSE,1,1,NA,NA,NA,NA,NA,FALSE,FALSE,FALSE,FALSE,FALSE,NA,NA,NA,NA
2014,HZ_CZ ,KVET3 ,SK_2656,FALSE,1,1,NA,NA,NA,NA,NA,FALSE,FALSE,FALSE,FALSE,FALSE,NA,NA,NA,NA
2014,HZ_CZ ,KVET3 ,SK_2657,FALSE,1,1,NA,NA,NA,NA,NA,FALSE,FALSE,FALSE,FALSE,FALSE,NA,NA,NA,NA
2014,HZ_CZ ,KVET3 ,SK_2658,FALSE,1,1,NA,NA,NA,NA,NA,FALSE,FALSE,FALSE,FALSE,FALSE,NA,NA,NA,NA
2014,HZ_CZ ,KAC2 ,SK_2659,FALSE,1,1,NA,NA,NA,NA,NA,FALSE,FALSE,FALSE,TRUE,TRUE,NA,NA,NA,NA
2014,HZ_CZ ,KAC2 ,SK_2660,FALSE,1,1,NA,NA,NA,NA,NA,FALSE,FALSE,FALSE,FALSE,FALSE,NA,NA,NA,NA
2014,HZ_CZ ,KAC2 ,SK_2661,FALSE,1,1,NA,NA,NA,NA,NA,TRUE,FALSE,FALSE,TRUE,TRUE,NA,NA,NA,NA
2014,HZ_CZ ,KAC2 ,SK_2662,FALSE,1,1,NA,NA,NA,NA,NA,FALSE,FALSE,FALSE,FALSE,FALSE,NA,NA,NA,NA
2014,HZ_CZ ,VRB7 ,SK_2663,FALSE,0,1,NA,NA,NA,NA,NA,TRUE,TRUE,TRUE,TRUE,TRUE,TRUE,TRUE,FALSE,NA
2014,HZ_CZ ,VRB7 ,SK_2664,FALSE,0,1,NA,NA,NA,NA,NA,TRUE,TRUE,TRUE,TRUE,TRUE,FALSE,NA,FALSE,NA
2014,HZ_CZ ,VRB7 ,SK_2665,FALSE,1,1,NA,NA,NA,NA,NA,FALSE,FALSE,FALSE,TRUE,TRUE,NA,NA,NA,NA
2014,HZ_CZ ,KOZL ,SK_2666,FALSE,1,1,NA,NA,NA,NA,NA,TRUE,TRUE,TRUE,TRUE,TRUE,TRUE,TRUE,NA,NA
2014,HZ_CZ ,KOZL ,SK_2667,FALSE,0,1,NA,NA,NA,NA,NA,FALSE,FALSE,FALSE,FALSE,FALSE,NA,NA,NA,NA
2014,HZ_CZ ,KOZL ,SK_2668,FALSE,0,1,NA,NA,NA,NA,NA,TRUE,TRUE,TRUE,TRUE,TRUE,TRUE,TRUE,FALSE,NA
2014,HZ_CZ ,KOZL ,SK_2669,FALSE,0,1,NA,NA,NA,NA,NA,FALSE,FALSE,FALSE,FALSE,FALSE,NA,NA,NA,NA
2014,HZ_CZ ,BUS2 ,SK_2670,FALSE,1,1,NA,NA,NA,NA,NA,FALSE,FALSE,FALSE,FALSE,FALSE,NA,NA,NA,NA
2014,HZ_CZ ,PRPR ,SK_2671,FALSE,1,1,NA,NA,NA,NA,NA,FALSE,FALSE,FALSE,FALSE,FALSE,NA,NA,NA,NA
2014,HZ_CZ ,NEPO1 ,SK_2672,FALSE,1,1,NA,NA,NA,NA,NA,FALSE,TRUE,TRUE,TRUE,TRUE,TRUE,TRUE,NA,NA
2014,HZ_CZ ,STR2 ,SK_2673,FALSE,1,1,NA,NA,NA,NA,NA,FALSE,FALSE,FALSE,FALSE,FALSE,NA,NA,NA,NA
2014,HZ_CZ ,STR2 ,SK_2674,FALSE,1,1,NA,NA,NA,NA,NA,FALSE,FALSE,FALSE,FALSE,FALSE,NA,NA,NA,NA
2014,HZ_CZ ,STR2 ,SK_2675,FALSE,1,1,NA,NA,NA,NA,NA,FALSE,FALSE,FALSE,FALSE,FALSE,NA,NA,NA,NA
2014,HZ_CZ ,UNWE ,SK_2676,FALSE,1,1,NA,NA,NA,NA,NA,FALSE,FALSE,FALSE,FALSE,FALSE,NA,NA,NA,NA
2014,HZ_CZ ,UNWE ,SK_2677,FALSE,1,1,NA,NA,NA,NA,NA,FALSE,FALSE,FALSE,FALSE,FALSE,NA,NA,NA,NA
2014,HZ_CZ ,KVET3 ,SK_2678,FALSE,1,1,NA,NA,NA,NA,NA,FALSE,FALSE,FALSE,FALSE,FALSE,NA,NA,NA,NA
2014,HZ_CZ ,NEPO1 ,SK_2679,FALSE,1,1,NA,NA,NA,NA,NA,FALSE,FALSE,FALSE,FALSE,FALSE,NA,NA,NA,NA
2014,HZ_CZ ,OBIL2 ,SK_2680,FALSE,1,1,NA,NA,NA,NA,NA,FALSE,FALSE,FALSE,FALSE,FALSE,NA,NA,NA,NA
2014,HZ_CZ ,NEPO1 ,SK_2681,FALSE,1,1,NA,NA,NA,NA,NA,FALSE,FALSE,FALSE,FALSE,FALSE,NA,NA,NA,NA
2014,HZ_CZ ,BUS2 ,SK_2682,FALSE,1,1,NA,NA,NA,NA,NA,FALSE,FALSE,FALSE,FALSE,FALSE,NA,NA,NA,NA
2014,HZ_CZ ,ODR26 ,SK_2683,FALSE,1,1,NA,NA,NA,NA,NA,FALSE,FALSE,FALSE,FALSE,FALSE,NA,NA,NA,NA
2014,HZ_CZ ,BUS2 ,SK_2684,FALSE,1,1,NA,NA,NA,NA,NA,TRUE,TRUE,TRUE,TRUE,TRUE,TRUE,TRUE,FALSE,NA
2014,HZ_CZ ,BUS2 ,SK_2685,FALSE,1,1,NA,NA,NA,NA,NA,FALSE,FALSE,FALSE,FALSE,FALSE,NA,NA,NA,NA
2014,HZ_CZ ,VRBI4 ,SK_2686,FALSE,0,1,NA,NA,NA,NA,NA,FALSE,FALSE,FALSE,FALSE,FALSE,NA,NA,NA,NA
2014,HZ_CZ ,KUBL1 ,SK_2687,FALSE,1,1,NA,NA,NA,NA,NA,FALSE,FALSE,FALSE,FALSE,FALSE,NA,NA,NA,NA
2014,HZ_CZ ,BUS2 ,SK_2688,FALSE,1,1,NA,NA,NA,NA,NA,FALSE,FALSE,FALSE,TRUE,TRUE,NA,NA,NA,NA
2014,HZ_CZ ,STR2 ,SK_2689,FALSE,0,1,NA,NA,NA,NA,NA,FALSE,FALSE,FALSE,FALSE,FALSE,NA,NA,NA,NA
2014,HZ_CZ ,VRBI4 ,SK_2690,FALSE,1,1,NA,NA,NA,NA,NA,FALSE,FALSE,FALSE,FALSE,FALSE,NA,NA,NA,NA
2014,HZ_CZ ,ODR26 ,SK_2691,FALSE,1,1,NA,NA,NA,NA,NA,TRUE,TRUE,TRUE,FALSE,FALSE,NA,NA,NA,NA
2014,HZ_CZ ,CHOT1 ,SK_2692,FALSE,1,1,NA,NA,NA,NA,NA,FALSE,FALSE,FALSE,FALSE,FALSE,NA,NA,NA,NA
2014,HZ_CZ ,KOZL ,SK_2693,FALSE,1,1,NA,NA,NA,NA,NA,TRUE,TRUE,TRUE,TRUE,TRUE,TRUE,TRUE,TRUE,NA
2014,HZ_CZ ,JIND31 ,SK_2694,FALSE,1,1,NA,NA,NA,NA,NA,FALSE,FALSE,FALSE,FALSE,FALSE,NA,NA,NA,NA
2014,HZ_CZ ,VRBI4 ,SK_2695,FALSE,1,1,NA,NA,NA,NA,NA,TRUE,TRUE,TRUE,TRUE,TRUE,TRUE,TRUE,TRUE,NA
2014,HZ_CZ ,KUBL1 ,SK_2696,FALSE,1,1,NA,NA,NA,NA,NA,FALSE,FALSE,FALSE,FALSE,FALSE,NA,NA,NA,NA
2014,HZ_CZ ,NEB3 ,SK_2697,FALSE,1,1,NA,NA,NA,NA,NA,FALSE,FALSE,FALSE,FALSE,FALSE,NA,NA,NA,NA
2014,HZ_CZ ,DODV ,SK_2698,FALSE,1,1,NA,NA,NA,NA,NA,FALSE,FALSE,FALSE,FALSE,FALSE,NA,NA,NA,NA
2014,HZ_CZ ,DODV ,SK_2699,FALSE,1,1,NA,NA,NA,NA,NA,FALSE,FALSE,FALSE,FALSE,FALSE,NA,NA,NA,NA
2014,HZ_CZ ,PAST ,SK_2700,FALSE,1,1,NA,NA,NA,NA,NA,FALSE,FALSE,FALSE,FALSE,FALSE,NA,NA,NA,NA
2014,HZ_CZ ,VER15 ,SK_2701,FALSE,1,1,NA,NA,NA,NA,NA,FALSE,FALSE,FALSE,FALSE,FALSE,NA,NA,NA,NA
2014,HZ_CZ ,PAST ,SK_2702,FALSE,1,1,NA,NA,NA,NA,NA,FALSE,FALSE,FALSE,FALSE,FALSE,NA,NA,NA,NA
2014,HZ_CZ ,VER15 ,SK_2703,FALSE,1,1,NA,NA,NA,NA,NA,FALSE,FALSE,FALSE,FALSE,FALSE,NA,NA,NA,NA
2014,HZ_CZ ,TYN4 ,SK_2704,FALSE,1,1,NA,NA,NA,NA,NA,FALSE,FALSE,FALSE,FALSE,FALSE,NA,NA,NA,NA
2014,HZ_CZ ,PAST ,SK_2705,FALSE,1,1,NA,NA,NA,NA,NA,FALSE,FALSE,FALSE,FALSE,FALSE,NA,NA,NA,NA
2014,HZ_CZ ,NEB64 ,SK_2706,FALSE,1,1,NA,NA,NA,NA,NA,FALSE,FALSE,FALSE,FALSE,FALSE,NA,NA,NA,NA
2014,HZ_CZ ,NEB64 ,SK_2707,FALSE,1,1,NA,NA,NA,NA,NA,FALSE,FALSE,FALSE,FALSE,FALSE,NA,NA,NA,NA
2014,HZ_CZ ,NEB64 ,SK_2708,FALSE,1,1,NA,NA,NA,NA,NA,FALSE,FALSE,FALSE,FALSE,FALSE,NA,NA,NA,NA
2014,HZ_CZ ,NEB64 ,SK_2709,FALSE,1,1,NA,NA,NA,NA,NA,FALSE,FALSE,FALSE,FALSE,FALSE,NA,NA,NA,NA
2014,HZ_CZ ,KOZL ,SK_2710,FALSE,1,1,NA,NA,NA,NA,NA,TRUE,FALSE,FALSE,FALSE,FALSE,NA,NA,NA,NA
2014,HZ_CZ ,DODV ,SK_2711,FALSE,1,1,NA,NA,NA,NA,NA,FALSE,FALSE,FALSE,FALSE,FALSE,NA,NA,NA,NA
2014,HZ_CZ ,NVCH1 ,SK_2712,FALSE,1,1,NA,NA,NA,NA,NA,FALSE,FALSE,FALSE,FALSE,FALSE,NA,NA,NA,NA
2014,HZ_CZ ,DODV ,SK_2713,FALSE,1,1,NA,NA,NA,NA,NA,FALSE,FALSE,FALSE,FALSE,FALSE,NA,NA,NA,NA
2014,HZ_CZ ,NVCH1 ,SK_2714,FALSE,1,1,NA,NA,NA,NA,NA,FALSE,FALSE,FALSE,FALSE,FALSE,NA,NA,NA,NA
2014,HZ_CZ ,NVCH1 ,SK_2715,FALSE,1,1,NA,NA,NA,NA,NA,FALSE,FALSE,FALSE,FALSE,FALSE,NA,NA,NA,NA
2014,HZ_CZ ,KRIZS ,SK_2716,FALSE,1,1,NA,NA,NA,NA,NA,FALSE,FALSE,FALSE,FALSE,FALSE,NA,NA,NA,NA
2014,HZ_CZ ,HUR3 ,SK_2717,FALSE,1,1,NA,NA,NA,NA,NA,FALSE,FALSE,FALSE,FALSE,FALSE,NA,NA,NA,NA
2014,HZ_CZ ,JIND31 ,SK_2718,FALSE,1,1,NA,NA,NA,NA,NA,FALSE,FALSE,FALSE,FALSE,FALSE,NA,NA,NA,NA
2014,HZ_CZ ,NVCH1 ,SK_2719,FALSE,1,1,NA,NA,NA,NA,NA,FALSE,FALSE,FALSE,FALSE,FALSE,NA,NA,NA,NA
2014,HZ_CZ ,WOZW1 ,SK_2720,FALSE,1,1,NA,NA,NA,NA,NA,FALSE,FALSE,FALSE,FALSE,FALSE,NA,NA,NA,NA
2014,HZ_CZ ,ODM4 ,SK_2721,FALSE,1,1,NA,NA,NA,NA,NA,FALSE,FALSE,FALSE,FALSE,FALSE,NA,NA,NA,NA
2014,HZ_CZ ,ODM4 ,SK_2722,FALSE,1,1,NA,NA,NA,NA,NA,FALSE,FALSE,FALSE,FALSE,FALSE,NA,NA,NA,NA
2014,HZ_CZ ,WOZW1 ,SK_2723,FALSE,1,1,NA,NA,NA,NA,NA,FALSE,FALSE,FALSE,FALSE,FALSE,NA,NA,NA,NA
2014,HZ_CZ ,ZIST ,SK_2724,FALSE,NA,NA,NA,NA,NA,NA,NA,FALSE,FALSE,FALSE,FALSE,FALSE,NA,NA,NA,NA
2014,HZ_CZ ,HUR3 ,SK_2725,FALSE,1,1,NA,NA,NA,NA,NA,FALSE,FALSE,FALSE,FALSE,FALSE,NA,NA,NA,NA
2014,HZ_CZ ,ZIST ,SK_2726,FALSE,1,1,NA,NA,NA,NA,NA,FALSE,FALSE,FALSE,FALSE,FALSE,NA,NA,NA,NA
2014,HZ_CZ ,TYN4 ,SK_2727,FALSE,1,1,NA,NA,NA,NA,NA,FALSE,FALSE,FALSE,FALSE,FALSE,NA,NA,NA,NA
2014,HZ_CZ ,PRE11 ,SK_2728,FALSE,1,1,NA,NA,NA,NA,NA,FALSE,FALSE,FALSE,FALSE,FALSE,NA,NA,NA,NA
2014,HZ_CZ ,TYN4 ,SK_2729,FALSE,1,1,NA,NA,NA,NA,NA,FALSE,FALSE,FALSE,FALSE,FALSE,NA,NA,NA,NA
2014,HZ_CZ ,PRE11 ,SK_2730,FALSE,1,1,NA,NA,NA,NA,NA,FALSE,FALSE,FALSE,FALSE,FALSE,NA,NA,NA,NA
2014,HZ_CZ ,KRASIK ,SK_2731,FALSE,1,1,NA,NA,NA,NA,NA,FALSE,FALSE,FALSE,FALSE,FALSE,NA,NA,NA,NA
2014,HZ_CZ ,KRASIK ,SK_2732,FALSE,1,1,NA,NA,NA,NA,NA,FALSE,FALSE,FALSE,FALSE,FALSE,NA,NA,NA,NA
2014,HZ_CZ ,KRASIK ,SK_2733,FALSE,1,1,NA,NA,NA,NA,NA,FALSE,FALSE,FALSE,FALSE,FALSE,NA,NA,NA,NA
2014,HZ_CZ ,PAST ,SK_2734,FALSE,1,1,NA,NA,NA,NA,NA,FALSE,FALSE,FALSE,FALSE,FALSE,NA,NA,NA,NA
2014,HZ_CZ ,JIND31 ,SK_2735,FALSE,1,1,NA,NA,NA,NA,NA,FALSE,FALSE,FALSE,FALSE,FALSE,NA,NA,NA,NA
2014,HZ_CZ ,PRE11 ,SK_2736,FALSE,1,1,NA,NA,NA,NA,NA,FALSE,FALSE,FALSE,FALSE,FALSE,NA,NA,NA,NA
2014,HZ_CZ ,VER15 ,SK_2737,FALSE,1,1,NA,NA,NA,NA,NA,FALSE,FALSE,FALSE,FALSE,FALSE,NA,NA,NA,NA
2014,HZ_CZ ,VER15 ,SK_2738,FALSE,1,1,NA,NA,NA,NA,NA,FALSE,FALSE,FALSE,FALSE,FALSE,NA,NA,NA,NA
2014,HZ_CZ ,KRASIK ,SK_2739,FALSE,1,1,NA,NA,NA,NA,NA,FALSE,FALSE,FALSE,FALSE,FALSE,NA,NA,NA,NA
2014,HZ_CZ ,HUR3 ,SK_2740,FALSE,1,1,NA,NA,NA,NA,NA,FALSE,FALSE,FALSE,FALSE,FALSE,NA,NA,NA,NA
2014,HZ_CZ ,BLAZI ,SK_2741,FALSE,1,1,NA,NA,NA,NA,NA,FALSE,FALSE,FALSE,FALSE,FALSE,NA,NA,NA,NA
2014,HZ_CZ ,SEYB ,SK_2742,FALSE,1,1,NA,NA,NA,NA,NA,FALSE,FALSE,FALSE,FALSE,FALSE,NA,NA,NA,NA
2014,HZ_CZ ,SEYB ,SK_2743,FALSE,1,1,NA,NA,NA,NA,NA,FALSE,FALSE,FALSE,FALSE,FALSE,NA,NA,NA,NA
2014,HZ_CZ ,BLAZI ,SK_2744,FALSE,1,1,NA,NA,NA,NA,NA,FALSE,FALSE,FALSE,FALSE,FALSE,NA,NA,NA,NA
2014,HZ_CZ ,BEZ2 ,SK_2745,FALSE,1,1,NA,NA,NA,NA,NA,FALSE,FALSE,FALSE,FALSE,FALSE,NA,NA,NA,NA
2014,HZ_CZ ,HUR3 ,SK_2746,FALSE,1,1,NA,NA,NA,NA,NA,FALSE,FALSE,FALSE,FALSE,FALSE,NA,NA,NA,NA
2014,HZ_CZ ,HUR3 ,SK_2747,FALSE,1,1,NA,NA,NA,NA,NA,FALSE,FALSE,FALSE,FALSE,FALSE,NA,NA,NA,NA
2014,HZ_CZ ,MUNR ,SK_2748,FALSE,1,1,NA,NA,NA,NA,NA,FALSE,FALSE,FALSE,FALSE,FALSE,NA,NA,NA,NA
2014,HZ_CZ ,MUNR ,SK_2749,FALSE,1,1,NA,NA,NA,NA,NA,FALSE,FALSE,FALSE,FALSE,FALSE,NA,NA,NA,NA
2014,HZ_CZ ,KRIZ60 ,SK_2750,FALSE,1,1,NA,NA,NA,NA,NA,FALSE,FALSE,FALSE,FALSE,FALSE,NA,NA,NA,NA
2014,HZ_CZ ,BLAZI ,SK_2751,FALSE,1,1,NA,NA,NA,NA,NA,FALSE,FALSE,FALSE,FALSE,FALSE,NA,NA,NA,NA
2014,HZ_CZ ,ODM4 ,SK_2752,FALSE,1,1,NA,NA,NA,NA,NA,FALSE,FALSE,FALSE,FALSE,FALSE,NA,NA,NA,NA
2014,HZ_CZ ,ODM4 ,SK_2753,FALSE,1,1,NA,NA,NA,NA,NA,FALSE,FALSE,FALSE,FALSE,FALSE,NA,NA,NA,NA
2014,HZ_CZ ,BLAZI ,SK_2754,FALSE,1,1,NA,NA,NA,NA,NA,FALSE,FALSE,FALSE,FALSE,FALSE,NA,NA,NA,NA
2014,HZ_CZ ,BEZ2 ,SK_2755,FALSE,1,1,NA,NA,NA,NA,NA,FALSE,FALSE,FALSE,FALSE,FALSE,NA,NA,NA,NA
2014,HZ_CZ ,PAST ,SK_2756,FALSE,1,1,NA,NA,NA,NA,NA,FALSE,FALSE,FALSE,FALSE,FALSE,NA,NA,NA,NA
2014,HZ_CZ ,MUNR ,SK_2757,FALSE,1,1,NA,NA,NA,NA,NA,FALSE,FALSE,FALSE,FALSE,FALSE,NA,NA,NA,NA
2014,HZ_CZ ,BEZ2 ,SK_2758,FALSE,1,1,NA,NA,NA,NA,NA,FALSE,FALSE,FALSE,FALSE,FALSE,NA,NA,NA,NA
2014,HZ_CZ ,ROSE ,SK_2759,FALSE,1,1,NA,NA,NA,NA,NA,FALSE,FALSE,FALSE,FALSE,FALSE,NA,NA,NA,NA
2014,HZ_CZ ,BEZ1 ,SK_2760,FALSE,1,1,NA,NA,NA,NA,NA,FALSE,FALSE,FALSE,FALSE,FALSE,NA,NA,NA,NA
2014,HZ_CZ ,BEZ1 ,SK_2761,FALSE,1,1,NA,NA,NA,NA,NA,FALSE,FALSE,FALSE,FALSE,FALSE,NA,NA,NA,NA
2014,HZ_CZ ,NEBFP ,SK_2762,FALSE,NA,NA,NA,NA,NA,NA,NA,FALSE,FALSE,FALSE,FALSE,FALSE,NA,NA,NA,NA
2014,HZ_CZ ,MUNR ,SK_2763,FALSE,1,1,NA,NA,NA,NA,NA,FALSE,FALSE,FALSE,FALSE,FALSE,NA,NA,NA,NA
2014,HZ_CZ ,KRIZ1 ,SK_2764,FALSE,1,1,NA,NA,NA,NA,NA,FALSE,FALSE,FALSE,FALSE,FALSE,NA,NA,NA,NA
2014,HZ_CZ ,KRIZ1 ,SK_2765,FALSE,1,1,NA,NA,NA,NA,NA,FALSE,FALSE,FALSE,FALSE,FALSE,NA,NA,NA,NA
2014,HZ_CZ ,KRIZ1 ,SK_2766,FALSE,1,1,NA,NA,NA,NA,NA,FALSE,FALSE,FALSE,FALSE,FALSE,NA,NA,NA,NA
2014,HZ_CZ ,KRIZ1 ,SK_2767,FALSE,1,1,NA,NA,NA,NA,NA,FALSE,FALSE,FALSE,FALSE,FALSE,NA,NA,NA,NA
2014,HZ_CZ ,SEYB ,SK_2768,FALSE,1,1,NA,NA,NA,NA,NA,FALSE,FALSE,FALSE,FALSE,FALSE,NA,NA,NA,NA
2014,HZ_CZ ,SEYB ,SK_2769,FALSE,1,1,NA,NA,NA,NA,NA,FALSE,FALSE,FALSE,FALSE,FALSE,NA,NA,NA,NA
2014,HZ_CZ ,SABIH ,SK_2770,FALSE,1,1,NA,NA,NA,NA,NA,FALSE,FALSE,FALSE,FALSE,FALSE,NA,NA,NA,NA
2014,HZ_CZ ,SABIH ,SK_2771,FALSE,1,1,NA,NA,NA,NA,NA,FALSE,FALSE,FALSE,FALSE,FALSE,NA,NA,NA,NA
2014,HZ_CZ ,HOHBG1 ,SK_2772,FALSE,1,1,NA,NA,NA,NA,NA,FALSE,FALSE,FALSE,FALSE,FALSE,NA,NA,NA,NA
2014,HZ_CZ ,HOHBG1 ,SK_2773,FALSE,1,1,NA,NA,NA,NA,NA,FALSE,FALSE,FALSE,FALSE,FALSE,NA,NA,NA,NA
2014,HZ_CZ ,SABI86 ,SK_2774,FALSE,1,1,NA,NA,NA,NA,NA,FALSE,FALSE,FALSE,FALSE,FALSE,NA,NA,NA,NA
2014,HZ_CZ ,PAST ,SK_2775,FALSE,1,1,NA,NA,NA,NA,NA,FALSE,FALSE,FALSE,FALSE,FALSE,NA,NA,NA,NA
2014,HZ_CZ ,WOHL ,SK_2776,FALSE,1,1,NA,NA,NA,NA,NA,FALSE,FALSE,FALSE,FALSE,FALSE,NA,NA,NA,NA
2014,HZ_CZ ,SABI86 ,SK_2777,FALSE,1,1,NA,NA,NA,NA,NA,FALSE,FALSE,FALSE,FALSE,FALSE,NA,NA,NA,NA
2014,HZ_CZ ,PAST ,SK_2778,FALSE,1,1,NA,NA,NA,NA,NA,TRUE,FALSE,FALSE,TRUE,TRUE,NA,NA,NA,NA
2014,HZ_CZ ,JOSE ,SK_2779,FALSE,1,1,NA,NA,NA,NA,NA,FALSE,FALSE,FALSE,TRUE,FALSE,NA,NA,NA,NA
2014,HZ_CZ ,JOSE ,SK_2780,FALSE,1,1,NA,NA,NA,NA,NA,FALSE,FALSE,FALSE,FALSE,FALSE,NA,NA,NA,NA
2014,HZ_CZ ,KRIZ1 ,SK_2781,FALSE,1,1,NA,NA,NA,NA,NA,FALSE,FALSE,FALSE,FALSE,FALSE,NA,NA,NA,NA
2014,HZ_CZ ,ODM4 ,SK_2782,FALSE,1,1,NA,NA,NA,NA,NA,FALSE,FALSE,FALSE,FALSE,FALSE,NA,NA,NA,NA
2014,HZ_CZ ,LOUZ ,SK_2783,FALSE,1,1,NA,NA,NA,NA,NA,FALSE,FALSE,FALSE,FALSE,FALSE,NA,NA,NA,NA
2014,HZ_CZ ,LOUZ ,SK_2784,FALSE,1,1,NA,NA,NA,NA,NA,FALSE,FALSE,FALSE,FALSE,FALSE,NA,NA,NA,NA
2014,HZ_CZ ,LOUZ ,SK_2785,FALSE,1,1,NA,NA,NA,NA,NA,FALSE,FALSE,FALSE,FALSE,FALSE,NA,NA,NA,NA
2014,HZ_CZ ,LOUZ ,SK_2786,FALSE,1,1,NA,NA,NA,NA,NA,FALSE,FALSE,FALSE,FALSE,FALSE,NA,NA,NA,NA
2014,HZ_CZ ,SABI86 ,SK_2787,FALSE,1,1,NA,NA,NA,NA,NA,FALSE,FALSE,FALSE,FALSE,FALSE,NA,NA,NA,NA
2014,HZ_CZ ,CHL1 ,SK_2788,FALSE,1,1,NA,NA,NA,NA,NA,FALSE,FALSE,FALSE,FALSE,FALSE,NA,NA,NA,NA
2014,HZ_CZ ,MAIE9 ,SK_2789,FALSE,1,1,NA,NA,NA,NA,NA,TRUE,TRUE,TRUE,TRUE,TRUE,TRUE,TRUE,FALSE,NA
2014,NA,CHL161 ,SK_2790,FALSE,1,1,NA,NA,NA,NA,NA,FALSE,FALSE,FALSE,FALSE,FALSE,NA,NA,NA,NA
2014,NA,CHL161 ,SK_2791,FALSE,1,1,NA,NA,NA,NA,NA,FALSE,FALSE,FALSE,FALSE,FALSE,NA,NA,NA,NA
2014,HZ_CZ ,CHL161 ,SK_2792,FALSE,1,1,NA,NA,NA,NA,NA,FALSE,FALSE,FALSE,FALSE,FALSE,NA,NA,NA,NA
2014,HZ_CZ ,CHL1 ,SK_2793,FALSE,1,1,NA,NA,NA,NA,NA,FALSE,FALSE,FALSE,FALSE,FALSE,NA,NA,NA,NA
2014,HZ_CZ ,CHL161 ,SK_2794,FALSE,1,1,NA,NA,NA,NA,NA,FALSE,FALSE,FALSE,FALSE,FALSE,NA,NA,NA,NA
2014,HZ_CZ ,MIL64 ,SK_2795,FALSE,1,1,NA,NA,NA,NA,NA,FALSE,FALSE,FALSE,FALSE,FALSE,NA,NA,NA,NA
2014,HZ_CZ ,MIL64 ,SK_2796,FALSE,1,1,NA,NA,NA,NA,NA,FALSE,TRUE,TRUE,TRUE,TRUE,TRUE,TRUE,NA,NA
2014,HZ_CZ ,MIL64 ,SK_2797,FALSE,1,1,NA,NA,NA,NA,NA,FALSE,FALSE,FALSE,FALSE,FALSE,NA,NA,NA,NA
2014,HZ_CZ ,MIL64 ,SK_2798,FALSE,1,1,NA,NA,NA,NA,NA,FALSE,FALSE,FALSE,TRUE,TRUE,NA,NA,NA,NA
2014,HZ_CZ ,BUS2 ,SK_2799,TRUE,1,1,NA,NA,NA,NA,NA,FALSE,FALSE,FALSE,FALSE,FALSE,NA,NA,NA,NA
2014,HZ_CZ ,BUS2 ,SK_2800,TRUE,1,1,NA,NA,NA,NA,NA,FALSE,FALSE,FALSE,FALSE,FALSE,NA,NA,NA,NA
2014,HZ_CZ ,BUS2 ,SK_2801,TRUE,1,1,NA,NA,NA,NA,NA,FALSE,FALSE,FALSE,FALSE,FALSE,NA,NA,NA,NA
2014,HZ_CZ ,BUS2 ,SK_2802,TRUE,0,1,NA,NA,NA,NA,NA,FALSE,FALSE,FALSE,FALSE,FALSE,NA,NA,NA,NA
2014,HZ_CZ ,STR2 ,SK_2803,TRUE,1,1,NA,NA,NA,NA,NA,FALSE,FALSE,FALSE,FALSE,FALSE,NA,NA,NA,NA
2014,HZ_CZ ,STR2 ,SK_2804,TRUE,1,1,NA,NA,NA,NA,NA,FALSE,FALSE,FALSE,FALSE,FALSE,NA,NA,NA,NA
2014,HZ_CZ ,STR2 ,SK_2805,TRUE,1,1,NA,NA,NA,NA,NA,FALSE,FALSE,FALSE,FALSE,FALSE,NA,NA,NA,NA
2014,HZ_BR ,ZEHL1 ,SK_2806,TRUE,1,1,NA,NA,NA,NA,NA,FALSE,FALSE,FALSE,FALSE,FALSE,NA,NA,NA,NA
2014,HZ_BR ,ZEHL1 ,SK_2807,TRUE,1,1,NA,NA,NA,NA,NA,FALSE,TRUE,TRUE,TRUE,TRUE,NA,NA,NA,NA
2014,HZ_BR ,ZEHL1 ,SK_2808,TRUE,1,1,NA,NA,NA,NA,NA,TRUE,TRUE,TRUE,TRUE,TRUE,FALSE,NA,TRUE,NA
2014,HZ_BR ,ZEHL1 ,SK_2809,TRUE,1,1,NA,NA,NA,NA,NA,TRUE,TRUE,TRUE,TRUE,TRUE,TRUE,TRUE,TRUE,NA
2014,HZ_BR ,ZEHL1 ,SK_2810,TRUE,1,1,NA,NA,NA,NA,NA,TRUE,TRUE,TRUE,TRUE,TRUE,FALSE,NA,TRUE,NA
2014,HZ_BR ,ZEHL1 ,SK_2811,TRUE,1,1,NA,NA,NA,NA,NA,TRUE,TRUE,TRUE,TRUE,TRUE,NA,NA,NA,NA
2014,HZ_BR ,ZEHL1 ,SK_2812,TRUE,1,1,NA,NA,NA,NA,NA,TRUE,TRUE,TRUE,TRUE,TRUE,FALSE,NA,NA,NA
2014,HZ_BR ,LIEB38 ,SK_2813,TRUE,1,1,NA,NA,NA,NA,NA,FALSE,FALSE,FALSE,FALSE,FALSE,NA,NA,NA,NA
2014,HZ_BR ,LIEB38 ,SK_2814,TRUE,1,1,NA,NA,NA,NA,NA,FALSE,FALSE,FALSE,FALSE,FALSE,NA,NA,NA,NA
2014,HZ_BR ,LIEB38 ,SK_2815,FALSE,1,1,NA,NA,NA,NA,NA,FALSE,FALSE,FALSE,TRUE,TRUE,NA,NA,NA,NA
2014,HZ_BR ,LIEB38 ,SK_2816,TRUE,1,1,NA,NA,NA,NA,NA,FALSE,FALSE,FALSE,FALSE,FALSE,NA,NA,NA,NA
2014,HZ_BR ,BRUNN3 ,SK_2817,TRUE,1,1,NA,NA,NA,NA,NA,FALSE,FALSE,FALSE,FALSE,FALSE,NA,NA,NA,NA
2014,HZ_BR ,BRUNN3 ,SK_2818,FALSE,1,1,NA,NA,NA,NA,NA,FALSE,FALSE,FALSE,FALSE,FALSE,NA,NA,NA,NA
2014,HZ_BR ,BRUNN3 ,SK_2819,TRUE,1,1,NA,NA,NA,NA,NA,FALSE,FALSE,FALSE,FALSE,FALSE,NA,NA,NA,NA
2014,HZ_BR ,LIET21 ,SK_2820,TRUE,1,1,NA,NA,NA,NA,NA,FALSE,FALSE,FALSE,FALSE,FALSE,NA,NA,NA,NA
2014,HZ_BR ,PAUS ,SK_2821,TRUE,1,1,NA,NA,NA,NA,NA,TRUE,FALSE,FALSE,FALSE,FALSE,NA,NA,NA,NA
2014,HZ_BR ,PAUS ,SK_2822,TRUE,1,1,NA,NA,NA,NA,NA,FALSE,TRUE,TRUE,FALSE,FALSE,NA,NA,NA,NA
2014,HZ_BR ,PAUS ,SK_2823,TRUE,1,1,NA,NA,NA,NA,NA,FALSE,TRUE,TRUE,FALSE,FALSE,TRUE,TRUE,NA,NA
2014,HZ_BR ,PAUS ,SK_2824,TRUE,1,1,NA,NA,NA,NA,NA,TRUE,TRUE,TRUE,FALSE,FALSE,TRUE,TRUE,NA,NA
2014,HZ_BR ,PAUS ,SK_2825,FALSE,1,1,NA,NA,NA,NA,NA,TRUE,TRUE,TRUE,FALSE,FALSE,NA,NA,NA,NA
2014,HZ_BR ,STAFF ,SK_2826,FALSE,1,1,NA,NA,NA,NA,NA,FALSE,FALSE,FALSE,FALSE,FALSE,NA,NA,NA,NA
2014,HZ_BR ,DANE22 ,SK_2827,FALSE,1,0,NA,NA,NA,NA,NA,TRUE,TRUE,TRUE,TRUE,TRUE,FALSE,NA,NA,NA
2014,HZ_BR ,TEMP8c ,SK_2828,FALSE,1,0,NA,NA,NA,NA,NA,FALSE,FALSE,FALSE,FALSE,FALSE,NA,NA,NA,NA
2014,HZ_BR ,DANE22 ,SK_2829,FALSE,1,1,NA,NA,NA,NA,NA,TRUE,TRUE,TRUE,TRUE,TRUE,TRUE,TRUE,FALSE,NA
2014,HZ_BR ,DANE22 ,SK_2830,FALSE,0,1,NA,NA,NA,NA,NA,FALSE,FALSE,FALSE,FALSE,FALSE,NA,NA,NA,NA
2014,HZ_BR ,DANE22 ,SK_2831,FALSE,0,1,NA,NA,NA,NA,NA,TRUE,TRUE,TRUE,TRUE,TRUE,NA,NA,NA,NA
2014,HZ_BR ,NEUG21 ,SK_2832,TRUE,1,1,NA,NA,NA,NA,NA,FALSE,FALSE,FALSE,FALSE,FALSE,NA,NA,NA,NA
2014,HZ_BR ,NEUG21 ,SK_2833,TRUE,0,1,NA,NA,NA,NA,NA,FALSE,FALSE,FALSE,FALSE,FALSE,NA,NA,NA,NA
2014,HZ_BR ,NEUG21 ,SK_2834,FALSE,1,1,NA,NA,NA,NA,NA,FALSE,FALSE,FALSE,FALSE,FALSE,NA,NA,NA,NA
2014,HZ_BR ,HAMM ,SK_2835,TRUE,1,1,NA,NA,NA,NA,NA,FALSE,FALSE,FALSE,FALSE,FALSE,NA,NA,NA,NA
2014,HZ_BR ,BEETZ ,SK_2836,FALSE,1,1,NA,NA,NA,NA,NA,FALSE,FALSE,FALSE,FALSE,FALSE,NA,NA,NA,NA
2014,HZ_BR ,BEETZ ,SK_2837,FALSE,1,1,NA,NA,NA,NA,NA,FALSE,FALSE,FALSE,FALSE,FALSE,NA,NA,NA,NA
2014,HZ_BR ,BEETZ ,SK_2838,FALSE,1,1,NA,NA,NA,NA,NA,FALSE,FALSE,FALSE,FALSE,FALSE,NA,NA,NA,NA
2014,HZ_BR ,FRFE11 ,SK_2839,TRUE,1,1,NA,NA,NA,NA,NA,FALSE,FALSE,FALSE,FALSE,FALSE,NA,NA,NA,NA
2014,HZ_BR ,FRFE11 ,SK_2840,TRUE,1,1,NA,NA,NA,NA,NA,FALSE,FALSE,FALSE,FALSE,FALSE,NA,NA,NA,NA
2014,HZ_BR ,FRFE11 ,SK_2841,TRUE,1,1,NA,NA,NA,NA,NA,FALSE,FALSE,FALSE,FALSE,FALSE,NA,NA,NA,NA
2014,HZ_BR ,FRFE11 ,SK_2842,FALSE,1,1,NA,NA,NA,NA,NA,FALSE,FALSE,FALSE,FALSE,FALSE,NA,NA,NA,NA
2014,HZ_BR ,FRFE11 ,SK_2843,TRUE,1,1,NA,NA,NA,NA,NA,FALSE,FALSE,FALSE,FALSE,FALSE,NA,NA,NA,NA
2014,HZ_BR ,DANE22 ,SK_2844,TRUE,0,1,NA,NA,NA,NA,NA,FALSE,FALSE,FALSE,FALSE,FALSE,NA,NA,NA,NA
2014,HZ_BR ,NEUR14 ,SK_2845,TRUE,1,1,NA,NA,NA,NA,NA,FALSE,FALSE,FALSE,FALSE,FALSE,NA,NA,NA,NA
2014,HZ_BR ,NEUR14 ,SK_2846,TRUE,1,1,NA,NA,NA,NA,NA,FALSE,FALSE,FALSE,FALSE,FALSE,NA,NA,NA,NA
2014,HZ_BR ,DANE22 ,SK_2847,FALSE,1,1,NA,NA,NA,NA,NA,FALSE,TRUE,TRUE,FALSE,FALSE,NA,NA,NA,NA
2014,HZ_BR ,DANE22 ,SK_2848,FALSE,1,1,NA,NA,NA,NA,NA,TRUE,TRUE,TRUE,TRUE,TRUE,TRUE,TRUE,TRUE,NA
2014,HZ_BR ,NEUR14 ,SK_2849,TRUE,1,1,NA,NA,NA,NA,NA,FALSE,FALSE,FALSE,FALSE,FALSE,NA,NA,NA,NA
2014,HZ_BR ,ZACK20 ,SK_2850,TRUE,1,1,NA,NA,NA,NA,NA,FALSE,FALSE,FALSE,FALSE,FALSE,NA,NA,NA,NA
2014,HZ_CZ ,KVET3 ,SK_2851,FALSE,NA,NA,NA,NA,NA,NA,NA,NA,NA,NA,NA,NA,NA,NA,NA,NA
2014,HZ_CZ ,KAC2 ,SK_2852,FALSE,NA,NA,NA,NA,NA,NA,NA,NA,NA,NA,NA,NA,NA,NA,NA,NA
2014,HZ_CZ ,CHOT1 ,SK_2853,FALSE,NA,NA,NA,NA,NA,NA,NA,NA,NA,NA,NA,NA,NA,NA,NA,NA
2014,HZ_CZ ,CHOT1 ,SK_2854,FALSE,NA,NA,NA,NA,NA,NA,NA,NA,NA,NA,NA,NA,NA,NA,NA,NA
2014,HZ_CZ ,KAC2 ,SK_2855,FALSE,NA,NA,NA,NA,NA,NA,NA,NA,NA,NA,NA,NA,NA,NA,NA,NA
2014,HZ_CZ ,VRB7 ,SK_2856,FALSE,NA,NA,NA,NA,NA,NA,NA,NA,NA,NA,NA,NA,NA,NA,NA,NA
2014,HZ_CZ ,VRB7 ,SK_2857,FALSE,NA,NA,NA,NA,NA,NA,NA,NA,NA,NA,NA,NA,NA,NA,NA,NA
2014,HZ_CZ ,NEPO1 ,SK_2858,FALSE,NA,NA,NA,NA,NA,NA,NA,NA,NA,NA,NA,NA,NA,NA,NA,NA
2014,HZ_CZ ,NEB3 ,SK_2859,FALSE,NA,NA,NA,NA,NA,NA,NA,NA,NA,NA,NA,NA,NA,NA,NA,NA
2014,HZ_CZ ,NEB3 ,SK_2860,FALSE,NA,NA,NA,NA,NA,NA,NA,NA,NA,NA,NA,NA,NA,NA,NA,NA
2014,HZ_CZ ,NEB3 ,SK_2861,FALSE,NA,NA,NA,NA,NA,NA,NA,NA,NA,NA,NA,NA,NA,NA,NA,NA
2014,HZ_CZ ,NEPO1 ,SK_2862,FALSE,NA,NA,NA,NA,NA,NA,NA,NA,NA,NA,NA,NA,NA,NA,NA,NA
2014,HZ_CZ ,VRBI4 ,SK_2863,FALSE,NA,NA,NA,NA,NA,NA,NA,NA,NA,NA,NA,NA,NA,NA,NA,NA
2014,HZ_CZ ,KVET3 ,SK_2864,FALSE,NA,NA,NA,NA,NA,NA,NA,NA,NA,NA,NA,NA,NA,NA,NA,NA
2014,HZ_CZ ,DODV ,SK_2865,FALSE,NA,NA,NA,NA,NA,NA,NA,NA,NA,NA,NA,NA,NA,NA,NA,NA
2014,HZ_CZ ,DODV ,SK_2866,FALSE,NA,NA,NA,NA,NA,NA,NA,NA,NA,NA,NA,NA,NA,NA,NA,NA
2014,HZ_CZ ,JIND5 ,SK_2867,FALSE,NA,NA,NA,NA,NA,NA,NA,NA,NA,NA,NA,NA,NA,NA,NA,NA
2014,HZ_CZ ,CHOT1 ,SK_2868,FALSE,NA,NA,NA,NA,NA,NA,NA,NA,NA,NA,NA,NA,NA,NA,NA,NA
2014,HZ_CZ ,VER15 ,SK_2869,FALSE,NA,NA,NA,NA,NA,NA,NA,NA,NA,NA,NA,NA,NA,NA,NA,NA
2014,HZ_CZ ,DODV ,SK_2870,FALSE,NA,NA,NA,NA,NA,NA,NA,NA,NA,NA,NA,NA,NA,NA,NA,NA
2014,HZ_CZ ,BLAZI ,SK_2871,FALSE,NA,NA,NA,NA,NA,NA,NA,NA,NA,NA,NA,NA,NA,NA,NA,NA
2014,HZ_CZ ,NEBFP ,SK_2872,FALSE,NA,NA,NA,NA,NA,NA,NA,NA,NA,NA,NA,NA,NA,NA,NA,NA
2014,HZ_CZ ,BLAZI ,SK_2873,FALSE,NA,NA,NA,NA,NA,NA,NA,NA,NA,NA,NA,NA,NA,NA,NA,NA
2014,HZ_CZ ,BEZ1 ,SK_2874,FALSE,NA,NA,NA,NA,NA,NA,NA,NA,NA,NA,NA,NA,NA,NA,NA,NA
2014,HZ_CZ ,BEZ1 ,SK_2875,FALSE,NA,NA,NA,NA,NA,NA,NA,NA,NA,NA,NA,NA,NA,NA,NA,NA
2014,HZ_CZ ,SEYB ,SK_2876,FALSE,NA,NA,NA,NA,NA,NA,NA,NA,NA,NA,NA,NA,NA,NA,NA,NA
2014,HZ_CZ ,SEYB ,SK_2877,FALSE,NA,NA,NA,NA,NA,NA,NA,NA,NA,NA,NA,NA,NA,NA,NA,NA
2014,HZ_CZ ,LOUZ ,SK_2878,FALSE,NA,NA,NA,NA,NA,NA,NA,NA,NA,NA,NA,NA,NA,NA,NA,NA
2014,HZ_CZ ,LOUZ ,SK_2879,FALSE,NA,NA,NA,NA,NA,NA,NA,NA,NA,NA,NA,NA,NA,NA,NA,NA
2014,HZ_CZ ,LOUZ ,SK_2880,FALSE,NA,NA,NA,NA,NA,NA,NA,NA,NA,NA,NA,NA,NA,NA,NA,NA
2014,HZ_CZ ,LOUZ ,SK_2881,FALSE,NA,NA,NA,NA,NA,NA,NA,NA,NA,NA,NA,NA,NA,NA,NA,NA
2014,HZ_CZ ,LOUZ ,SK_2882,FALSE,NA,NA,NA,NA,NA,NA,NA,NA,NA,NA,NA,NA,NA,NA,NA,NA
2014,HZ_CZ ,LOUZ ,SK_2883,FALSE,NA,NA,NA,NA,NA,NA,NA,NA,NA,NA,NA,NA,NA,NA,NA,NA
2014,NA,CHL161 ,SK_2884,FALSE,NA,NA,NA,NA,NA,NA,NA,NA,NA,NA,NA,NA,NA,NA,NA,NA
2014,HZ_CZ ,CHL161 ,SK_2885,FALSE,NA,NA,NA,NA,NA,NA,NA,NA,NA,NA,NA,NA,NA,NA,NA,NA
2014,HZ_CZ ,MIL64 ,SK_2886,FALSE,NA,NA,NA,NA,NA,NA,NA,NA,NA,NA,NA,NA,NA,NA,NA,NA
2014,HZ_CZ ,MIL64 ,SK_2887,FALSE,NA,NA,NA,NA,NA,NA,NA,NA,NA,NA,NA,NA,NA,NA,NA,NA
2014,HZ_CZ ,MIL64 ,SK_2888,FALSE,NA,NA,NA,NA,NA,NA,NA,NA,NA,NA,NA,NA,NA,NA,NA,NA
2014,HZ_CZ ,MIL64 ,SK_2889,FALSE,NA,NA,NA,NA,NA,NA,NA,NA,NA,NA,NA,NA,NA,NA,NA,NA
2014,HZ_BR ,BRUNN3 ,SK_2890,FALSE,NA,NA,NA,NA,NA,NA,NA,NA,NA,NA,NA,NA,NA,NA,NA,NA
2014,HZ_BR ,JOACH ,SK_2891,FALSE,NA,NA,NA,NA,NA,NA,NA,NA,NA,NA,NA,NA,NA,NA,NA,NA
2014,HZ_BR ,DANE22 ,SK_2892,FALSE,NA,NA,NA,NA,NA,NA,NA,NA,NA,NA,NA,NA,NA,NA,NA,NA
2014,HZ_BR ,DANE22 ,SK_2893,FALSE,NA,NA,NA,NA,NA,NA,NA,NA,NA,NA,NA,NA,NA,NA,NA,NA
2014,HZ_BR ,NEUR14 ,SK_2894,FALSE,NA,NA,NA,NA,NA,NA,NA,NA,NA,NA,NA,NA,NA,NA,NA,NA
2014,HZ_BR ,ZACK20 ,SK_2895,FALSE,NA,NA,NA,NA,NA,NA,NA,NA,NA,NA,NA,NA,NA,NA,NA,NA
2014,HZ_BR ,SCHM1 ,SK_2896,FALSE,NA,NA,NA,NA,NA,NA,NA,NA,NA,NA,NA,NA,NA,NA,NA,NA
2014,HZ_BR ,HOWZ30 ,SK_2897,FALSE,NA,NA,NA,NA,NA,NA,NA,NA,NA,NA,NA,NA,NA,NA,NA,NA
2014,HZ_BR ,HOWZ30 ,SK_2898,FALSE,NA,NA,NA,NA,NA,NA,NA,NA,NA,NA,NA,NA,NA,NA,NA,NA
2014,HZ_BR ,HOWZ30 ,SK_2899,FALSE,NA,NA,NA,NA,NA,NA,NA,NA,NA,NA,NA,NA,NA,NA,NA,NA
2014,HZ_BR ,AHDF7 ,SK_2900,FALSE,NA,NA,NA,NA,NA,NA,NA,NA,NA,NA,NA,NA,NA,NA,NA,NA
2014,HZ_BR ,NEUR14 ,SK_2905,FALSE,1,1,NA,NA,NA,NA,NA,FALSE,FALSE,FALSE,FALSE,FALSE,NA,NA,NA,NA
2014,HZ_BR ,ZACK20 ,SK_2906,FALSE,1,1,NA,NA,NA,NA,NA,FALSE,FALSE,FALSE,FALSE,FALSE,NA,NA,NA,NA
2014,HZ_BR ,ZACK20 ,SK_2907,FALSE,1,1,NA,NA,NA,NA,NA,FALSE,FALSE,FALSE,FALSE,FALSE,NA,NA,NA,NA
2014,HZ_BR ,RUDN21 ,SK_2908,TRUE,1,1,NA,NA,NA,NA,NA,FALSE,FALSE,FALSE,FALSE,FALSE,NA,NA,NA,NA
2014,HZ_BR ,FLIE28 ,SK_2909,FALSE,0,1,NA,NA,NA,NA,NA,FALSE,FALSE,FALSE,FALSE,FALSE,NA,NA,NA,NA
2014,HZ_BR ,FLIE28 ,SK_2910,FALSE,1,1,NA,NA,NA,NA,NA,FALSE,FALSE,FALSE,FALSE,FALSE,NA,NA,NA,NA
2014,HZ_BR ,JOACH ,SK_2911,TRUE,1,1,NA,NA,NA,NA,NA,TRUE,TRUE,TRUE,TRUE,TRUE,FALSE,NA,NA,NA
2014,HZ_BR ,JOACH ,SK_2912,TRUE,1,1,NA,NA,NA,NA,NA,TRUE,FALSE,FALSE,FALSE,FALSE,NA,NA,NA,NA
2014,HZ_BR ,HOWZ30 ,SK_2913,FALSE,1,1,NA,NA,NA,NA,NA,TRUE,TRUE,TRUE,TRUE,TRUE,TRUE,TRUE,FALSE,NA
2014,HZ_BR ,HOWZ30 ,SK_2914,FALSE,1,1,NA,NA,NA,NA,NA,FALSE,FALSE,FALSE,FALSE,FALSE,NA,NA,NA,NA
2014,HZ_BR ,HOWZ30 ,SK_2915,FALSE,1,1,NA,NA,NA,NA,NA,FALSE,FALSE,FALSE,FALSE,FALSE,NA,NA,NA,NA
2014,HZ_BR ,HOWZ30 ,SK_2916,FALSE,1,1,NA,NA,NA,NA,NA,FALSE,FALSE,FALSE,FALSE,FALSE,NA,NA,NA,NA
2014,HZ_BR ,NEULO9 ,SK_2917,TRUE,1,1,NA,NA,NA,NA,NA,FALSE,TRUE,TRUE,FALSE,FALSE,NA,NA,NA,NA
2014,HZ_BR ,NEULO9 ,SK_2918,FALSE,1,1,NA,NA,NA,NA,NA,TRUE,TRUE,FALSE,TRUE,TRUE,FALSE,NA,NA,NA
2014,HZ_BR ,NEULO9 ,SK_2919,FALSE,1,NA,NA,NA,NA,NA,NA,TRUE,FALSE,FALSE,TRUE,TRUE,NA,NA,NA,NA
2014,HZ_BR ,NEULO9 ,SK_2920,FALSE,1,1,NA,NA,NA,NA,NA,TRUE,TRUE,TRUE,TRUE,TRUE,TRUE,TRUE,FALSE,NA
2014,HZ_BR ,NEULO9 ,SK_2921,TRUE,1,1,NA,NA,NA,NA,NA,FALSE,FALSE,FALSE,FALSE,FALSE,NA,NA,NA,NA
2014,HZ_BR ,BOECK ,SK_2922,TRUE,1,1,NA,NA,NA,NA,NA,TRUE,FALSE,FALSE,FALSE,FALSE,NA,NA,NA,NA
2014,HZ_BR ,SCHM1 ,SK_2923,FALSE,1,1,NA,NA,NA,NA,NA,FALSE,FALSE,FALSE,TRUE,FALSE,NA,NA,NA,NA
2014,HZ_BR ,TEMM ,SK_2924,TRUE,1,1,NA,NA,NA,NA,NA,FALSE,FALSE,FALSE,TRUE,TRUE,NA,NA,NA,NA
2014,HZ_BR ,LUEB21 ,SK_2925,TRUE,1,1,NA,NA,NA,NA,NA,FALSE,FALSE,FALSE,FALSE,FALSE,NA,NA,NA,NA
2014,HZ_BR ,ZEHL21 ,SK_2926,FALSE,1,1,NA,NA,NA,NA,NA,FALSE,FALSE,FALSE,FALSE,FALSE,NA,NA,NA,NA
2014,HZ_BR ,STEG1 ,SK_2927,TRUE,1,1,NA,NA,NA,NA,NA,FALSE,FALSE,FALSE,FALSE,FALSE,NA,NA,NA,NA
2014,HZ_BR ,STEG1 ,SK_2928,TRUE,1,1,NA,NA,NA,NA,NA,FALSE,FALSE,FALSE,FALSE,FALSE,NA,NA,NA,NA
2014,HZ_BR ,STEG1 ,SK_2929,TRUE,1,1,NA,NA,NA,NA,NA,FALSE,FALSE,FALSE,FALSE,FALSE,NA,NA,NA,NA
2014,HZ_BR ,AHDF7 ,SK_2930,TRUE,1,1,NA,NA,NA,NA,NA,TRUE,FALSE,FALSE,FALSE,FALSE,NA,NA,NA,NA
2014,HZ_BR ,AHDF7 ,SK_2931,TRUE,1,1,NA,NA,NA,NA,NA,FALSE,FALSE,FALSE,FALSE,FALSE,NA,NA,NA,NA
2014,HZ_BR ,STEG1 ,SK_2932,FALSE,1,1,NA,NA,NA,NA,NA,FALSE,FALSE,FALSE,FALSE,FALSE,NA,NA,NA,NA
2014,HZ_BR ,AHDF7 ,SK_2933,TRUE,1,1,NA,NA,NA,NA,NA,FALSE,FALSE,FALSE,FALSE,FALSE,NA,NA,NA,NA
2014,HZ_BR ,AHDF7 ,SK_2934,TRUE,1,1,NA,NA,NA,NA,NA,FALSE,FALSE,FALSE,FALSE,FALSE,NA,NA,NA,NA
2014,HZ_BR ,NETEM7 ,SK_2935,TRUE,1,1,NA,NA,NA,NA,NA,FALSE,FALSE,FALSE,FALSE,FALSE,NA,NA,NA,NA
2015,HZ_BAV ,LERA9 ,SK_2951,FALSE,NA,NA,NA,NA,1,1,NA,TRUE,TRUE,FALSE,TRUE,TRUE,FALSE,NA,FALSE,NA
2015,HZ_BAV ,LERA9 ,SK_2952,FALSE,NA,NA,NA,NA,1,1,NA,TRUE,FALSE,FALSE,FALSE,FALSE,NA,NA,NA,NA
2015,HZ_BAV ,LERA9 ,SK_2953,FALSE,NA,NA,NA,NA,1,0,NA,FALSE,FALSE,FALSE,FALSE,FALSE,NA,NA,NA,NA
2015,HZ_BAV ,LERA9 ,SK_2954,FALSE,NA,NA,NA,NA,1,1,NA,FALSE,FALSE,FALSE,FALSE,FALSE,NA,NA,NA,NA
2015,HZ_BAV ,LETZ ,SK_2955,FALSE,NA,NA,NA,NA,1,1,NA,FALSE,FALSE,FALSE,FALSE,FALSE,NA,NA,NA,NA
2015,HZ_BAV ,LETZ ,SK_2956,FALSE,NA,NA,NA,NA,1,1,NA,FALSE,FALSE,FALSE,FALSE,FALSE,NA,NA,NA,NA
2015,HZ_BAV ,LETZ ,SK_2957,FALSE,NA,NA,NA,NA,1,1,NA,FALSE,FALSE,FALSE,FALSE,FALSE,NA,NA,NA,NA
2015,HZ_BAV ,OBERT3A ,SK_2958,FALSE,NA,NA,NA,NA,NA,NA,NA,NA,NA,NA,NA,NA,NA,NA,NA,NA
2015,HZ_BAV ,OBERT3B ,SK_2959,FALSE,NA,NA,NA,NA,NA,NA,NA,NA,NA,NA,NA,NA,NA,NA,NA,NA
2015,HZ_BAV ,OBERT3A ,SK_2960,FALSE,NA,NA,NA,NA,NA,NA,NA,NA,NA,NA,NA,NA,NA,NA,NA,NA
2015,HZ_BAV ,OBERT3A ,SK_2961,FALSE,NA,NA,NA,NA,NA,NA,NA,NA,NA,NA,NA,NA,NA,NA,NA,NA
2015,HZ_BAV ,OEDE ,SK_2962,FALSE,NA,NA,NA,NA,1,1,NA,FALSE,FALSE,FALSE,FALSE,FALSE,NA,NA,NA,NA
2015,HZ_BAV ,OBERN8 ,SK_2963,FALSE,NA,NA,NA,NA,1,1,NA,FALSE,FALSE,FALSE,FALSE,FALSE,NA,NA,NA,NA
2015,HZ_BAV ,OBERN8 ,SK_2964,FALSE,NA,NA,NA,NA,1,1,NA,FALSE,FALSE,FALSE,FALSE,FALSE,NA,NA,NA,NA
2015,HZ_BAV ,GEISL7 ,SK_2965,FALSE,NA,NA,NA,NA,1,1,NA,FALSE,FALSE,FALSE,FALSE,FALSE,NA,NA,NA,NA
2015,HZ_BAV ,OBERN8 ,SK_2966,FALSE,NA,NA,NA,NA,1,1,NA,FALSE,FALSE,FALSE,FALSE,FALSE,NA,NA,NA,NA
2015,HZ_BAV ,TIEF28 ,SK_2967,FALSE,NA,NA,NA,NA,1,1,NA,FALSE,FALSE,FALSE,FALSE,FALSE,NA,NA,NA,NA
2015,HZ_BAV ,ZUM16 ,SK_2968,FALSE,NA,NA,NA,NA,0,1,NA,FALSE,FALSE,FALSE,FALSE,FALSE,NA,NA,NA,NA
2015,HZ_BAV ,GFALL9 ,SK_2969,FALSE,NA,NA,NA,NA,1,1,NA,FALSE,FALSE,FALSE,FALSE,FALSE,NA,NA,NA,NA
2015,HZ_BAV ,KLESS2 ,SK_2970,FALSE,NA,NA,NA,NA,1,1,NA,FALSE,FALSE,FALSE,FALSE,FALSE,NA,NA,NA,NA
2015,HZ_BAV ,KLESS2 ,SK_2971,FALSE,NA,NA,NA,NA,1,1,NA,FALSE,FALSE,FALSE,FALSE,FALSE,NA,NA,NA,NA
2015,HZ_BAV ,KLESS2 ,SK_2972,FALSE,NA,NA,NA,NA,1,1,NA,TRUE,FALSE,FALSE,TRUE,NA,TRUE,TRUE,NA,NA
2015,HZ_BAV ,KLESS2 ,SK_2973,FALSE,NA,NA,NA,NA,0,1,NA,FALSE,FALSE,FALSE,FALSE,FALSE,NA,NA,NA,NA
2015,HZ_BAV ,LOID5 ,SK_2974,FALSE,NA,NA,NA,NA,0,1,NA,FALSE,FALSE,FALSE,FALSE,FALSE,NA,NA,NA,NA
2015,HZ_BAV ,LOID5 ,SK_2975,FALSE,NA,NA,NA,NA,1,1,NA,TRUE,TRUE,TRUE,TRUE,TRUE,TRUE,TRUE,NA,NA
2015,HZ_BAV ,LOID5 ,SK_2976,FALSE,NA,NA,NA,NA,0,1,NA,FALSE,FALSE,FALSE,FALSE,FALSE,NA,NA,NA,NA
2015,HZ_BAV ,NEUALL ,SK_2977,FALSE,NA,NA,NA,NA,1,1,NA,FALSE,FALSE,FALSE,FALSE,FALSE,NA,NA,NA,NA
2015,HZ_BAV ,NEUALL ,SK_2978,FALSE,NA,NA,NA,NA,1,1,NA,FALSE,FALSE,FALSE,FALSE,FALSE,NA,NA,NA,NA
2015,HZ_BAV ,ZAIT36 ,SK_2979,FALSE,NA,NA,NA,NA,1,1,NA,FALSE,FALSE,FALSE,FALSE,FALSE,NA,NA,NA,NA
2015,HZ_BAV ,ZAIT36 ,SK_2980,FALSE,NA,NA,NA,NA,1,1,NA,FALSE,FALSE,FALSE,FALSE,FALSE,NA,NA,NA,NA
2015,HZ_BAV ,ZAIT36 ,SK_2981,FALSE,NA,NA,NA,NA,1,1,NA,FALSE,FALSE,FALSE,FALSE,FALSE,NA,NA,NA,NA
2015,HZ_BAV ,ZAIT36 ,SK_2982,FALSE,NA,NA,NA,NA,1,1,NA,FALSE,FALSE,FALSE,FALSE,FALSE,NA,NA,NA,NA
2015,HZ_BAV ,UNSCHH ,SK_2983,FALSE,NA,NA,NA,NA,0,1,NA,FALSE,FALSE,FALSE,FALSE,FALSE,NA,NA,NA,NA
2015,HZ_BAV ,LERA9 ,SK_2984,FALSE,NA,NA,NA,NA,1,1,NA,FALSE,FALSE,FALSE,FALSE,FALSE,NA,NA,NA,NA
2015,HZ_BAV ,LERA9 ,SK_2985,FALSE,NA,NA,NA,NA,1,1,NA,FALSE,FALSE,FALSE,FALSE,FALSE,NA,NA,NA,NA
2015,HZ_BAV ,EITEN8 ,SK_2986,FALSE,NA,NA,NA,NA,1,1,NA,FALSE,FALSE,FALSE,FALSE,FALSE,NA,NA,NA,NA
2015,HZ_BAV ,KLESS2 ,SK_2987,FALSE,NA,NA,NA,NA,1,1,NA,FALSE,FALSE,FALSE,FALSE,FALSE,NA,NA,NA,NA
2015,HZ_BAV ,LERA9 ,SK_2988,FALSE,NA,NA,NA,NA,0,1,NA,FALSE,FALSE,FALSE,FALSE,FALSE,NA,NA,NA,NA
2015,HZ_BAV ,LERA9 ,SK_2989,FALSE,NA,NA,NA,NA,1,1,NA,TRUE,FALSE,FALSE,FALSE,FALSE,NA,NA,NA,NA
2015,HZ_BAV ,LERA9 ,SK_2990,FALSE,NA,NA,NA,NA,1,1,NA,FALSE,FALSE,FALSE,FALSE,FALSE,NA,NA,NA,NA
2015,HZ_BAV ,LETZ ,SK_2991,FALSE,NA,NA,NA,NA,1,1,NA,FALSE,FALSE,FALSE,FALSE,FALSE,NA,NA,NA,NA
2015,HZ_BAV ,LETZ ,SK_2992,FALSE,NA,NA,NA,NA,1,1,NA,FALSE,FALSE,FALSE,FALSE,FALSE,NA,NA,NA,NA
2015,HZ_BAV ,LETZ ,SK_2993,FALSE,NA,NA,NA,NA,1,1,NA,FALSE,FALSE,FALSE,FALSE,FALSE,NA,NA,NA,NA
2015,HZ_BAV ,LETZ ,SK_2994,FALSE,NA,NA,NA,NA,1,1,NA,FALSE,FALSE,FALSE,FALSE,FALSE,NA,NA,NA,NA
2015,HZ_BAV ,LETZ ,SK_2995,FALSE,NA,NA,NA,NA,1,1,NA,FALSE,FALSE,FALSE,FALSE,FALSE,NA,NA,NA,NA
2015,HZ_BAV ,LETZ ,SK_2996,FALSE,NA,NA,NA,NA,1,1,NA,TRUE,FALSE,FALSE,FALSE,FALSE,TRUE,TRUE,NA,NA
2015,HZ_BAV ,LETZ ,SK_2997,FALSE,NA,NA,NA,NA,NA,NA,NA,NA,NA,NA,NA,NA,NA,NA,NA,NA
2015,HZ_BAV ,LETZ ,SK_2998,FALSE,NA,NA,NA,NA,1,1,NA,TRUE,FALSE,FALSE,TRUE,TRUE,TRUE,TRUE,FALSE,NA
2015,HZ_BAV ,TAUCH6 ,SK_2999,FALSE,NA,NA,NA,NA,1,1,NA,FALSE,FALSE,FALSE,FALSE,FALSE,NA,NA,NA,NA
2015,HZ_BAV ,KLESS2 ,SK_3000,FALSE,NA,NA,NA,NA,1,1,NA,FALSE,FALSE,FALSE,FALSE,FALSE,NA,NA,NA,NA
2015,HZ_BAV ,LOID5 ,SK_3001,FALSE,NA,NA,NA,NA,0,1,NA,FALSE,FALSE,FALSE,FALSE,FALSE,NA,NA,NA,NA
2015,HZ_BAV ,LOID5 ,SK_3002,FALSE,NA,NA,NA,NA,0,1,NA,TRUE,FALSE,FALSE,FALSE,FALSE,NA,NA,NA,NA
2015,HZ_BAV ,LOID5 ,SK_3003,FALSE,NA,NA,NA,NA,0,1,NA,FALSE,FALSE,FALSE,TRUE,TRUE,NA,NA,NA,NA
2015,HZ_BAV ,LOID5 ,SK_3004,FALSE,NA,NA,NA,NA,1,1,NA,FALSE,FALSE,FALSE,FALSE,FALSE,NA,NA,NA,NA
2015,HZ_BAV ,LOID5 ,SK_3005,FALSE,NA,NA,NA,NA,0,1,NA,FALSE,FALSE,FALSE,FALSE,FALSE,NA,NA,NA,NA
2015,HZ_BAV ,ROTZG2 ,SK_3006,FALSE,NA,NA,NA,NA,1,1,NA,FALSE,FALSE,FALSE,FALSE,FALSE,NA,NA,NA,NA
2015,HZ_BAV ,GSCHW ,SK_3007,FALSE,NA,NA,NA,NA,1,1,NA,FALSE,FALSE,FALSE,FALSE,FALSE,NA,NA,NA,NA
2015,HZ_BAV ,GSCHW ,SK_3008,FALSE,NA,NA,NA,NA,1,1,NA,FALSE,FALSE,FALSE,FALSE,FALSE,NA,NA,NA,NA
2015,HZ_BAV ,GSCHW ,SK_3009,FALSE,NA,NA,NA,NA,0,1,NA,TRUE,FALSE,FALSE,FALSE,FALSE,NA,NA,NA,NA
2015,HZ_BAV ,GSCHW ,SK_3010,FALSE,NA,NA,NA,NA,1,1,NA,FALSE,FALSE,FALSE,FALSE,FALSE,NA,NA,NA,NA
2015,HZ_BAV ,MOOSH ,SK_3011,FALSE,NA,NA,NA,NA,0,1,NA,FALSE,FALSE,FALSE,FALSE,FALSE,NA,NA,NA,NA
2015,HZ_BAV ,MOOSH ,SK_3012,FALSE,NA,NA,NA,NA,1,1,NA,TRUE,FALSE,FALSE,FALSE,FALSE,NA,NA,NA,NA
2015,HZ_BAV ,MOOSH ,SK_3013,FALSE,NA,NA,NA,NA,0,1,NA,FALSE,FALSE,FALSE,FALSE,FALSE,NA,NA,NA,NA
2015,HZ_BAV ,MOOSH ,SK_3014,FALSE,NA,NA,NA,NA,1,1,NA,FALSE,FALSE,FALSE,FALSE,FALSE,NA,NA,NA,NA
2015,HZ_BAV ,MOOSH ,SK_3015,FALSE,NA,NA,NA,NA,1,1,NA,FALSE,FALSE,FALSE,FALSE,FALSE,NA,NA,NA,NA
2015,HZ_BAV ,LUCK ,SK_3016,FALSE,NA,NA,NA,NA,1,1,NA,FALSE,FALSE,FALSE,FALSE,FALSE,NA,NA,NA,NA
2015,HZ_BAV ,STADT1 ,SK_3017,FALSE,NA,NA,NA,NA,1,1,NA,FALSE,FALSE,FALSE,FALSE,FALSE,NA,NA,NA,NA
2015,HZ_BAV ,STADT1 ,SK_3018,FALSE,NA,NA,NA,NA,1,1,NA,FALSE,FALSE,FALSE,FALSE,FALSE,NA,NA,NA,NA
2015,HZ_BAV ,SCHI39 ,SK_3019,FALSE,NA,NA,NA,NA,1,1,NA,TRUE,TRUE,FALSE,TRUE,TRUE,TRUE,TRUE,TRUE,NA
2015,HZ_BAV ,GOTT ,SK_3020,FALSE,NA,NA,NA,NA,NA,NA,NA,NA,NA,NA,NA,NA,NA,NA,NA,NA
2015,HZ_BAV ,SCHI39 ,SK_3021,FALSE,NA,NA,NA,NA,1,1,NA,FALSE,FALSE,FALSE,FALSE,FALSE,NA,NA,NA,NA
2015,HZ_BAV ,SCHI39 ,SK_3022,FALSE,NA,NA,NA,NA,0,1,NA,FALSE,FALSE,FALSE,FALSE,FALSE,NA,NA,NA,NA
2015,HZ_BAV ,MOOSH ,SK_3023,FALSE,NA,NA,NA,NA,1,1,NA,FALSE,FALSE,FALSE,FALSE,FALSE,NA,NA,NA,NA
2015,HZ_BAV ,OBERN8 ,SK_3024,FALSE,NA,NA,NA,NA,0,1,NA,FALSE,FALSE,FALSE,FALSE,FALSE,NA,NA,NA,NA
2015,HZ_BAV ,GRAS12 ,SK_3025,FALSE,NA,NA,NA,NA,1,1,NA,TRUE,FALSE,FALSE,FALSE,FALSE,TRUE,TRUE,NA,NA
2015,HZ_BAV ,GROSB9 ,SK_3026,FALSE,NA,NA,NA,NA,0,1,NA,FALSE,FALSE,FALSE,FALSE,FALSE,NA,NA,NA,NA
2015,HZ_BAV ,LOID5 ,SK_3027,FALSE,NA,NA,NA,NA,1,1,NA,TRUE,TRUE,TRUE,TRUE,TRUE,TRUE,TRUE,NA,NA
2015,HZ_BAV ,LOID5 ,SK_3028,FALSE,NA,NA,NA,NA,0,1,NA,TRUE,FALSE,FALSE,FALSE,FALSE,NA,NA,NA,NA
2015,HZ_BAV ,MAIEH5 ,SK_3029,FALSE,NA,NA,NA,NA,1,1,NA,FALSE,FALSE,FALSE,FALSE,FALSE,NA,NA,NA,NA
2015,HZ_BAV ,LUCK ,SK_3030,FALSE,NA,NA,NA,NA,1,1,NA,FALSE,FALSE,FALSE,FALSE,FALSE,NA,NA,NA,NA
2015,HZ_BAV ,LUCK ,SK_3031,FALSE,NA,NA,NA,NA,1,1,NA,FALSE,FALSE,FALSE,FALSE,FALSE,NA,NA,NA,NA
2015,HZ_BAV ,GRAS12 ,SK_3032,FALSE,NA,NA,NA,NA,1,1,NA,FALSE,FALSE,FALSE,FALSE,FALSE,NA,NA,NA,NA
2015,HZ_BAV ,STEINA6 ,SK_3033,FALSE,NA,NA,NA,NA,1,1,NA,TRUE,FALSE,FALSE,TRUE,TRUE,TRUE,TRUE,NA,NA
2015,HZ_BAV ,NEUS78 ,SK_3034,FALSE,NA,NA,NA,NA,1,1,NA,TRUE,FALSE,FALSE,FALSE,FALSE,NA,NA,NA,NA
2015,HZ_BAV ,NEUS78 ,SK_3035,FALSE,NA,NA,NA,NA,1,1,NA,TRUE,TRUE,TRUE,TRUE,TRUE,TRUE,TRUE,FALSE,NA
2015,HZ_BAV ,GRAS12 ,SK_3036,FALSE,NA,NA,NA,NA,1,1,NA,TRUE,FALSE,FALSE,FALSE,FALSE,NA,NA,NA,NA
2015,HZ_BAV ,PARIN ,SK_3037,FALSE,NA,NA,NA,NA,1,1,NA,TRUE,FALSE,FALSE,FALSE,FALSE,NA,NA,NA,NA
2015,HZ_BAV ,PARIN ,SK_3038,FALSE,NA,NA,NA,NA,1,1,NA,FALSE,FALSE,FALSE,FALSE,FALSE,NA,NA,NA,NA
2015,HZ_BAV ,PARIN ,SK_3039,FALSE,NA,NA,NA,NA,1,1,NA,FALSE,FALSE,FALSE,FALSE,FALSE,NA,NA,NA,NA
2015,HZ_BAV ,PARIN ,SK_3040,FALSE,NA,NA,NA,NA,1,1,NA,FALSE,FALSE,FALSE,FALSE,FALSE,NA,NA,NA,NA
2015,HZ_BAV ,PARIN ,SK_3041,FALSE,NA,NA,NA,NA,1,1,NA,TRUE,TRUE,TRUE,TRUE,TRUE,TRUE,TRUE,TRUE,NA
2015,HZ_BAV ,PARIN ,SK_3042,FALSE,NA,NA,NA,NA,1,1,NA,TRUE,TRUE,TRUE,TRUE,TRUE,TRUE,TRUE,NA,NA
2015,HZ_BAV ,PARIN ,SK_3043,FALSE,NA,NA,NA,NA,1,1,NA,TRUE,FALSE,FALSE,FALSE,FALSE,NA,NA,NA,NA
2015,HZ_BAV ,OBERL3 ,SK_3044,FALSE,NA,NA,NA,NA,1,1,NA,TRUE,FALSE,FALSE,FALSE,FALSE,NA,NA,NA,NA
2015,HZ_BAV ,OBERS14 ,SK_3045,FALSE,NA,NA,NA,NA,1,1,NA,FALSE,FALSE,FALSE,FALSE,FALSE,NA,NA,NA,NA
2015,HZ_BAV ,OBERS14 ,SK_3046,FALSE,NA,NA,NA,NA,1,1,NA,FALSE,FALSE,FALSE,FALSE,FALSE,NA,NA,NA,NA
2015,HZ_BAV ,LERA9 ,SK_3047,FALSE,NA,NA,NA,NA,1,1,NA,FALSE,FALSE,FALSE,FALSE,FALSE,NA,NA,NA,NA
2015,HZ_BAV ,OBERS2 ,SK_3048,FALSE,NA,NA,NA,NA,1,1,NA,FALSE,FALSE,FALSE,FALSE,FALSE,NA,NA,NA,NA
2015,HZ_BAV ,PEMF12 ,SK_3049,FALSE,NA,NA,NA,NA,1,1,NA,FALSE,FALSE,FALSE,FALSE,FALSE,NA,NA,NA,NA
2015,HZ_BAV ,PEMF12 ,SK_3050,FALSE,NA,NA,NA,NA,1,1,NA,FALSE,FALSE,FALSE,FALSE,FALSE,NA,NA,NA,NA
2015,HZ_BAV ,PEMF12 ,SK_3051,FALSE,NA,NA,NA,NA,1,1,NA,FALSE,FALSE,FALSE,FALSE,FALSE,NA,NA,NA,NA
2015,HZ_BAV ,PEMF12 ,SK_3052,FALSE,NA,NA,NA,NA,1,1,NA,FALSE,FALSE,FALSE,FALSE,FALSE,NA,NA,NA,NA
2015,HZ_BAV ,PEMF12 ,SK_3053,FALSE,NA,NA,NA,NA,1,1,NA,FALSE,FALSE,FALSE,FALSE,FALSE,NA,NA,NA,NA
2015,HZ_BAV ,WOPP8 ,SK_3054,FALSE,NA,NA,NA,NA,1,1,NA,FALSE,FALSE,FALSE,FALSE,FALSE,NA,NA,NA,NA
2015,HZ_BAV ,WOPP8 ,SK_3055,FALSE,NA,NA,NA,NA,1,1,NA,FALSE,FALSE,FALSE,FALSE,FALSE,NA,NA,NA,NA
2015,HZ_BAV ,ENGEL1 ,SK_3056,FALSE,NA,NA,NA,NA,1,1,NA,FALSE,FALSE,FALSE,FALSE,FALSE,NA,NA,NA,NA
2015,HZ_BAV ,ENGEL1 ,SK_3057,TRUE,NA,NA,NA,NA,1,1,NA,FALSE,FALSE,FALSE,FALSE,FALSE,NA,NA,NA,NA
2015,HZ_BAV ,GAILAU2 ,SK_3058,TRUE,NA,NA,NA,NA,NA,NA,NA,NA,NA,NA,NA,NA,NA,NA,NA,NA
2015,HZ_BAV ,GAILDS8 ,SK_3059,FALSE,NA,NA,NA,NA,1,1,NA,FALSE,FALSE,FALSE,FALSE,FALSE,NA,NA,NA,NA
2015,HZ_BAV ,GAILDS8 ,SK_3060,FALSE,NA,NA,NA,NA,1,1,NA,FALSE,FALSE,FALSE,FALSE,FALSE,NA,NA,NA,NA
2015,HZ_BAV ,UNSAN16 ,SK_3061,TRUE,NA,NA,NA,NA,1,1,NA,FALSE,FALSE,FALSE,FALSE,FALSE,NA,NA,NA,NA
2015,HZ_BAV ,UNSAN16 ,SK_3062,TRUE,NA,NA,NA,NA,1,1,NA,FALSE,FALSE,FALSE,FALSE,FALSE,NA,NA,NA,NA
2015,HZ_BAV ,UNSAN16 ,SK_3063,TRUE,NA,NA,NA,NA,1,1,NA,TRUE,FALSE,FALSE,FALSE,FALSE,NA,NA,NA,NA
2015,HZ_BAV ,UNSAN2 ,SK_3064,TRUE,NA,NA,NA,NA,1,1,NA,FALSE,FALSE,FALSE,FALSE,FALSE,NA,NA,NA,NA
2015,HZ_BAV ,UNSAN2 ,SK_3065,TRUE,NA,NA,NA,NA,1,1,NA,FALSE,FALSE,FALSE,FALSE,FALSE,NA,NA,NA,NA
2015,HZ_BAV ,UNSAN2 ,SK_3066,TRUE,NA,NA,NA,NA,1,1,NA,FALSE,FALSE,FALSE,FALSE,FALSE,NA,NA,NA,NA
2015,HZ_BAV ,UNSAN2 ,SK_3067,TRUE,NA,NA,NA,NA,1,1,NA,FALSE,FALSE,FALSE,FALSE,FALSE,NA,NA,NA,NA
2015,HZ_BAV ,UNSAN2 ,SK_3068,TRUE,NA,NA,NA,NA,1,1,NA,FALSE,FALSE,FALSE,FALSE,FALSE,NA,NA,NA,NA
2015,HZ_BAV ,BAUH5 ,SK_3069,TRUE,NA,NA,NA,NA,NA,NA,NA,NA,NA,NA,NA,NA,NA,NA,NA,NA
2015,HZ_BAV ,BAUH5 ,SK_3070,TRUE,NA,NA,NA,NA,NA,NA,NA,NA,NA,NA,NA,NA,NA,NA,NA,NA
2015,HZ_BAV ,HETZ18 ,SK_3071,TRUE,NA,NA,NA,NA,NA,NA,NA,NA,NA,NA,NA,NA,NA,NA,NA,NA
2015,HZ_BAV ,HETZ18 ,SK_3072,TRUE,NA,NA,NA,NA,NA,NA,NA,NA,NA,NA,NA,NA,NA,NA,NA,NA
2015,HZ_BAV ,STAUN ,SK_3073,TRUE,NA,NA,NA,NA,NA,NA,NA,NA,NA,NA,NA,NA,NA,NA,NA,NA
2015,HZ_BAV ,TRESS9 ,SK_3074,FALSE,NA,NA,NA,NA,NA,NA,NA,NA,NA,NA,NA,NA,NA,NA,NA,NA
2015,HZ_BAV ,REICHM1 ,SK_3075,TRUE,NA,NA,NA,NA,NA,NA,NA,NA,NA,NA,NA,NA,NA,NA,NA,NA
2015,HZ_BAV ,GAILAU3 ,SK_3076,TRUE,NA,NA,NA,NA,NA,NA,NA,NA,NA,NA,NA,NA,NA,NA,NA,NA
2015,HZ_BAV ,GAILAU3 ,SK_3077,TRUE,NA,NA,NA,NA,NA,NA,NA,NA,NA,NA,NA,NA,NA,NA,NA,NA
2015,HZ_BAV ,JAGE1 ,SK_3078,TRUE,NA,NA,NA,NA,NA,NA,NA,NA,NA,NA,NA,NA,NA,NA,NA,NA
2015,HZ_BAV ,JAGE1 ,SK_3079,TRUE,NA,NA,NA,NA,NA,NA,NA,NA,NA,NA,NA,NA,NA,NA,NA,NA
2015,HZ_BAV ,UNPRO1 ,SK_3080,TRUE,NA,NA,NA,NA,NA,NA,NA,NA,NA,NA,NA,NA,NA,NA,NA,NA
2015,HZ_BAV ,ENGEL1 ,SK_3081,TRUE,NA,NA,NA,NA,NA,NA,NA,NA,NA,NA,NA,NA,NA,NA,NA,NA
2015,HZ_BAV ,UNPRO1 ,SK_3082,TRUE,NA,NA,NA,NA,NA,NA,NA,NA,NA,NA,NA,NA,NA,NA,NA,NA
2015,HZ_BAV ,GAILAU3 ,SK_3083,TRUE,NA,NA,NA,NA,NA,NA,NA,NA,NA,NA,NA,NA,NA,NA,NA,NA
2015,HZ_BAV ,GAILAU3 ,SK_3084,TRUE,NA,NA,NA,NA,NA,NA,NA,NA,NA,NA,NA,NA,NA,NA,NA,NA
2015,HZ_BAV ,OBEMU23 ,SK_3085,FALSE,NA,NA,NA,NA,NA,NA,NA,NA,NA,NA,NA,NA,NA,NA,NA,NA
2015,HZ_BR ,BADFR45 ,SK_3091,FALSE,NA,NA,NA,NA,1,1,NA,FALSE,FALSE,FALSE,FALSE,FALSE,NA,NA,NA,NA
2015,HZ_BR ,CROU17 ,SK_3092,FALSE,NA,NA,NA,NA,1,1,NA,FALSE,FALSE,FALSE,FALSE,FALSE,NA,NA,NA,NA
2015,HZ_BR ,JOACH10 ,SK_3093,FALSE,NA,NA,NA,NA,1,1,NA,FALSE,FALSE,FALSE,FALSE,FALSE,NA,NA,NA,NA
2015,HZ_BR ,JOACH10 ,SK_3094,TRUE,NA,NA,NA,NA,1,1,NA,FALSE,FALSE,FALSE,FALSE,FALSE,NA,NA,NA,NA
2015,HZ_BR ,ALTM29 ,SK_3095,FALSE,NA,NA,NA,NA,1,1,NA,FALSE,FALSE,FALSE,FALSE,FALSE,NA,NA,NA,NA
2015,HZ_BR ,ALTR39 ,SK_3096,FALSE,NA,NA,NA,NA,1,1,NA,FALSE,FALSE,FALSE,FALSE,FALSE,NA,NA,NA,NA
2015,HZ_BR ,HAMMER8 ,SK_3097,TRUE,NA,NA,NA,NA,1,1,NA,FALSE,FALSE,FALSE,FALSE,FALSE,NA,NA,NA,NA
2015,HZ_BR ,LETS38 ,SK_3098,FALSE,NA,NA,NA,NA,1,1,NA,FALSE,FALSE,FALSE,FALSE,FALSE,NA,NA,NA,NA
2015,HZ_BR ,HAMMER18 ,SK_3099,TRUE,NA,NA,NA,NA,1,1,NA,FALSE,FALSE,FALSE,FALSE,FALSE,NA,NA,NA,NA
2015,HZ_BR ,MILMC47 ,SK_3100,TRUE,NA,NA,NA,NA,1,1,NA,FALSE,FALSE,FALSE,FALSE,FALSE,NA,NA,NA,NA
2015,HZ_BR ,MILMC47 ,SK_3101,FALSE,NA,NA,NA,NA,1,1,NA,FALSE,FALSE,FALSE,FALSE,FALSE,NA,NA,NA,NA
2015,HZ_BR ,MILMC47 ,SK_3102,FALSE,NA,NA,NA,NA,1,1,NA,FALSE,FALSE,FALSE,FALSE,FALSE,NA,NA,NA,NA
2015,HZ_BR ,STORK17 ,SK_3103,TRUE,NA,NA,NA,NA,1,1,NA,TRUE,FALSE,FALSE,TRUE,TRUE,TRUE,TRUE,NA,NA
2015,HZ_BR ,NEUG21 ,SK_3104,FALSE,NA,NA,NA,NA,1,1,NA,FALSE,FALSE,FALSE,FALSE,FALSE,NA,NA,NA,NA
2015,HZ_BR ,ALBER4 ,SK_3105,FALSE,NA,NA,NA,NA,1,1,NA,FALSE,FALSE,FALSE,FALSE,FALSE,NA,NA,NA,NA
2015,HZ_BR ,STORK17 ,SK_3106,TRUE,NA,NA,NA,NA,1,1,NA,TRUE,FALSE,FALSE,TRUE,TRUE,FALSE,NA,NA,NA
2015,HZ_BR ,ZEHL1 ,SK_3107,TRUE,NA,NA,NA,NA,1,1,NA,FALSE,FALSE,FALSE,FALSE,FALSE,NA,NA,NA,NA
2015,HZ_BR ,NEUG21 ,SK_3108,TRUE,NA,NA,NA,NA,1,1,NA,FALSE,FALSE,FALSE,FALSE,FALSE,NA,NA,NA,NA
2015,HZ_BR ,SCHIFF29 ,SK_3109,FALSE,NA,NA,NA,NA,1,1,NA,FALSE,FALSE,FALSE,FALSE,FALSE,NA,NA,NA,NA
2015,HZ_BR ,GIEL68 ,SK_3110,FALSE,NA,NA,NA,NA,1,1,NA,FALSE,FALSE,FALSE,FALSE,FALSE,NA,NA,NA,NA
2015,HZ_BR ,GIEL68 ,SK_3111,TRUE,NA,NA,NA,NA,1,1,NA,FALSE,FALSE,FALSE,FALSE,FALSE,NA,NA,NA,NA
2015,HZ_BR ,GIEL68 ,SK_3112,FALSE,NA,NA,NA,NA,1,1,NA,FALSE,FALSE,FALSE,FALSE,FALSE,NA,NA,NA,NA
2015,HZ_BR ,GIEL68 ,SK_3113,FALSE,NA,NA,NA,NA,1,1,NA,FALSE,FALSE,FALSE,FALSE,FALSE,NA,NA,NA,NA
2015,HZ_BR ,GIEL68 ,SK_3114,TRUE,NA,NA,NA,NA,1,1,NA,FALSE,FALSE,FALSE,FALSE,FALSE,NA,NA,NA,NA
2015,HZ_BR ,GIEL68 ,SK_3115,FALSE,NA,NA,NA,NA,1,1,NA,FALSE,FALSE,FALSE,FALSE,FALSE,NA,NA,NA,NA
2015,HZ_BR ,GIEL68 ,SK_3116,TRUE,NA,NA,NA,NA,1,1,NA,FALSE,FALSE,FALSE,FALSE,FALSE,NA,NA,NA,NA
2015,HZ_BR ,GIEL68 ,SK_3117,TRUE,NA,NA,NA,NA,1,1,NA,FALSE,FALSE,FALSE,FALSE,FALSE,NA,NA,NA,NA
2015,HZ_BR ,GIEL68 ,SK_3118,FALSE,NA,NA,NA,NA,1,1,NA,FALSE,FALSE,FALSE,FALSE,FALSE,NA,NA,NA,NA
2015,HZ_BR ,GIEL68 ,SK_3119,FALSE,NA,NA,NA,NA,1,1,NA,FALSE,FALSE,FALSE,FALSE,FALSE,NA,NA,NA,NA
2015,HZ_BR ,HOWZ30 ,SK_3120,FALSE,NA,NA,NA,NA,1,1,NA,FALSE,FALSE,FALSE,FALSE,FALSE,NA,NA,NA,NA
2015,HZ_BR ,GIEL68 ,SK_3121,TRUE,NA,NA,NA,NA,1,1,NA,FALSE,FALSE,FALSE,FALSE,FALSE,NA,NA,NA,NA
2015,HZ_BR ,DANE22 ,SK_3122,TRUE,NA,NA,NA,NA,1,1,NA,FALSE,FALSE,FALSE,FALSE,FALSE,NA,NA,NA,NA
2015,HZ_BR ,DANE22 ,SK_3123,FALSE,NA,NA,NA,NA,1,1,NA,FALSE,FALSE,FALSE,FALSE,FALSE,NA,NA,NA,NA
2015,HZ_BR ,DANE22 ,SK_3124,FALSE,NA,NA,NA,NA,1,1,NA,FALSE,FALSE,FALSE,FALSE,FALSE,NA,NA,NA,NA
2015,HZ_BR ,DANE22 ,SK_3125,TRUE,NA,NA,NA,NA,1,1,NA,FALSE,FALSE,FALSE,FALSE,FALSE,NA,NA,NA,NA
2015,HZ_BR ,DANE22 ,SK_3126,TRUE,NA,NA,NA,NA,1,0,NA,TRUE,TRUE,FALSE,TRUE,TRUE,TRUE,TRUE,FALSE,NA
2015,HZ_BR ,DANE22 ,SK_3127,TRUE,NA,NA,NA,NA,1,1,NA,TRUE,TRUE,FALSE,TRUE,TRUE,TRUE,TRUE,TRUE,NA
2015,HZ_BR ,DANE22 ,SK_3128,TRUE,NA,NA,NA,NA,1,1,NA,FALSE,FALSE,FALSE,TRUE,TRUE,NA,NA,NA,NA
2015,HZ_BR ,DANE22 ,SK_3129,TRUE,NA,NA,NA,NA,1,1,NA,FALSE,FALSE,FALSE,TRUE,TRUE,NA,NA,NA,NA
2015,HZ_BR ,DANE22 ,SK_3130,TRUE,NA,NA,NA,NA,1,1,NA,FALSE,FALSE,FALSE,FALSE,FALSE,NA,NA,NA,NA
2015,HZ_BR ,DANE22 ,SK_3131,TRUE,NA,NA,NA,NA,1,1,NA,FALSE,FALSE,FALSE,TRUE,TRUE,NA,NA,NA,NA
2015,HZ_BR ,DANE22 ,SK_3132,FALSE,NA,NA,NA,NA,1,1,NA,FALSE,FALSE,FALSE,FALSE,FALSE,NA,NA,NA,NA
2015,HZ_BR ,DANE22 ,SK_3133,FALSE,NA,NA,NA,NA,1,1,NA,FALSE,FALSE,FALSE,FALSE,FALSE,NA,NA,NA,NA
2015,HZ_BR ,TORFH ,SK_3134,TRUE,NA,NA,NA,NA,1,1,NA,FALSE,FALSE,FALSE,FALSE,FALSE,NA,NA,NA,NA
2015,HZ_BR ,SCHIFF29 ,SK_3135,FALSE,NA,NA,NA,NA,1,1,NA,FALSE,FALSE,FALSE,FALSE,FALSE,NA,NA,NA,NA
2015,HZ_BR ,MADL11 ,SK_3136,FALSE,NA,NA,NA,NA,1,1,NA,FALSE,FALSE,FALSE,FALSE,FALSE,NA,NA,NA,NA
2015,HZ_BR ,SCHIFF29 ,SK_3137,FALSE,NA,NA,NA,NA,1,1,NA,FALSE,FALSE,FALSE,FALSE,FALSE,NA,NA,NA,NA
2015,HZ_BR ,ORTB7 ,SK_3138,TRUE,NA,NA,NA,NA,1,1,NA,FALSE,FALSE,FALSE,FALSE,FALSE,NA,NA,NA,NA
2015,HZ_BR ,ORTB7 ,SK_3139,TRUE,NA,NA,NA,NA,1,1,NA,FALSE,FALSE,FALSE,FALSE,FALSE,NA,NA,NA,NA
2015,HZ_BR ,ORTB7 ,SK_3140,TRUE,NA,NA,NA,NA,1,1,NA,TRUE,FALSE,FALSE,TRUE,TRUE,TRUE,FALSE,NA,NA
2015,HZ_BR ,HAMMEL ,SK_3141,TRUE,NA,NA,NA,NA,1,1,NA,FALSE,FALSE,FALSE,FALSE,FALSE,NA,NA,NA,NA
2015,HZ_BR ,HAMMEL ,SK_3142,TRUE,NA,NA,NA,NA,1,1,NA,FALSE,FALSE,FALSE,FALSE,FALSE,NA,NA,NA,NA
2015,HZ_BR ,ORTB7 ,SK_3143,TRUE,NA,NA,NA,NA,1,1,NA,FALSE,FALSE,FALSE,FALSE,FALSE,NA,NA,NA,NA
2015,HZ_BR ,HAMMEL ,SK_3144,TRUE,NA,NA,NA,NA,1,1,NA,TRUE,FALSE,FALSE,FALSE,FALSE,TRUE,FALSE,NA,NA
2015,HZ_BR ,HAMMEL ,SK_3145,TRUE,NA,NA,NA,NA,1,1,NA,FALSE,FALSE,FALSE,FALSE,FALSE,NA,NA,NA,NA
2015,HZ_BR ,NEUM39 ,SK_3146,FALSE,NA,NA,NA,NA,1,1,NA,FALSE,FALSE,FALSE,FALSE,FALSE,NA,NA,NA,NA
2015,HZ_BR ,ORTB7 ,SK_3147,FALSE,NA,NA,NA,NA,1,1,NA,FALSE,FALSE,FALSE,FALSE,FALSE,NA,NA,NA,NA
2015,HZ_BR ,PAPP1 ,SK_3148,FALSE,NA,NA,NA,NA,1,1,NA,FALSE,FALSE,FALSE,FALSE,FALSE,NA,NA,NA,NA
2015,HZ_BR ,PAPP1 ,SK_3149,TRUE,NA,NA,NA,NA,1,1,NA,FALSE,FALSE,FALSE,FALSE,FALSE,NA,NA,NA,NA
2015,HZ_BR ,ZEHL1 ,SK_3150,TRUE,NA,NA,NA,NA,1,1,NA,FALSE,FALSE,FALSE,FALSE,FALSE,NA,NA,NA,NA
2015,HZ_BR ,LIEB38 ,SK_3151,TRUE,NA,NA,NA,NA,1,1,NA,TRUE,TRUE,TRUE,TRUE,TRUE,TRUE,TRUE,FALSE,NA
2015,HZ_BR ,NEULO9 ,SK_3152,FALSE,NA,NA,NA,NA,1,1,NA,FALSE,FALSE,FALSE,FALSE,FALSE,NA,NA,NA,NA
2015,HZ_BR ,HOPPE1 ,SK_3153,FALSE,NA,NA,NA,NA,1,1,NA,FALSE,FALSE,FALSE,FALSE,FALSE,NA,NA,NA,NA
2015,HZ_BR ,SCHOR16 ,SK_3154,FALSE,NA,NA,NA,NA,1,NA,NA,FALSE,FALSE,FALSE,FALSE,FALSE,NA,NA,NA,NA
2015,HZ_BR ,SCHOR16 ,SK_3155,TRUE,NA,NA,NA,NA,NA,1,NA,FALSE,FALSE,FALSE,FALSE,FALSE,NA,NA,NA,NA
2015,HZ_BR ,SCHOR16 ,SK_3156,FALSE,NA,NA,NA,NA,1,1,NA,FALSE,FALSE,FALSE,FALSE,FALSE,NA,NA,NA,NA
2015,HZ_BR ,SCHOR16 ,SK_3157,FALSE,NA,NA,NA,NA,1,1,NA,FALSE,FALSE,FALSE,FALSE,FALSE,NA,NA,NA,NA
2015,HZ_BR ,SCHOR16 ,SK_3158,FALSE,NA,NA,NA,NA,1,1,NA,FALSE,FALSE,FALSE,FALSE,FALSE,NA,NA,NA,NA
2015,HZ_BR ,HOHST1 ,SK_3159,TRUE,NA,NA,NA,NA,1,1,NA,FALSE,FALSE,FALSE,FALSE,FALSE,NA,NA,NA,NA
2015,HZ_BR ,NEUM39 ,SK_3160,TRUE,NA,NA,NA,NA,1,1,NA,FALSE,FALSE,FALSE,FALSE,FALSE,NA,NA,NA,NA
2015,HZ_BR ,NEUM39 ,SK_3161,FALSE,NA,NA,NA,NA,1,1,NA,FALSE,FALSE,FALSE,FALSE,FALSE,NA,NA,NA,NA
2015,HZ_BR ,HAMMEL ,SK_3162,TRUE,NA,NA,NA,NA,1,1,NA,FALSE,FALSE,FALSE,FALSE,FALSE,NA,NA,NA,NA
2015,HZ_BR ,GIEL68 ,SK_3163,TRUE,NA,NA,NA,NA,1,1,NA,FALSE,FALSE,FALSE,FALSE,FALSE,NA,NA,NA,NA
2015,HZ_BR ,GIEL68 ,SK_3164,FALSE,NA,NA,NA,NA,1,1,NA,FALSE,FALSE,FALSE,FALSE,FALSE,NA,NA,NA,NA
2015,HZ_BR ,GIEL68 ,SK_3165,TRUE,NA,NA,NA,NA,1,1,NA,FALSE,FALSE,FALSE,FALSE,FALSE,NA,NA,NA,NA
2015,HZ_BR ,GIEL68 ,SK_3166,FALSE,NA,NA,NA,NA,1,1,NA,FALSE,FALSE,FALSE,FALSE,FALSE,NA,NA,NA,NA
2015,HZ_BR ,GIEL68 ,SK_3167,TRUE,NA,NA,NA,NA,1,1,NA,FALSE,FALSE,FALSE,FALSE,FALSE,NA,NA,NA,NA
2015,HZ_BR ,DANE22 ,SK_3168,TRUE,NA,NA,NA,NA,1,0,NA,TRUE,FALSE,FALSE,FALSE,FALSE,NA,NA,NA,NA
2015,HZ_BR ,DANE22 ,SK_3169,TRUE,NA,NA,NA,NA,1,1,NA,FALSE,FALSE,FALSE,FALSE,FALSE,NA,NA,NA,NA
2015,HZ_BR ,DANE22 ,SK_3170,FALSE,NA,NA,NA,NA,1,1,NA,FALSE,FALSE,FALSE,FALSE,FALSE,NA,NA,NA,NA
2015,HZ_BR ,LIEB38 ,SK_3171,TRUE,NA,NA,NA,NA,1,1,NA,FALSE,FALSE,FALSE,FALSE,FALSE,NA,NA,NA,NA
2015,HZ_BR ,NEULO9 ,SK_3172,FALSE,NA,NA,NA,NA,1,1,NA,FALSE,FALSE,FALSE,FALSE,FALSE,NA,NA,NA,NA
2015,HZ_BR ,DENS12 ,SK_3173,TRUE,NA,NA,NA,NA,1,1,NA,FALSE,FALSE,FALSE,FALSE,FALSE,NA,NA,NA,NA
2015,HZ_BR ,NEULO9 ,SK_3175,FALSE,NA,NA,NA,NA,1,1,NA,FALSE,FALSE,FALSE,FALSE,FALSE,NA,NA,NA,NA
2015,HZ_BR ,GOTTES ,SK_3176,FALSE,NA,NA,NA,NA,1,1,NA,FALSE,FALSE,FALSE,FALSE,FALSE,NA,NA,NA,NA
2015,HZ_BR ,GOTTES ,SK_3177,TRUE,NA,NA,NA,NA,1,1,NA,FALSE,FALSE,FALSE,FALSE,FALSE,NA,NA,NA,NA
2015,HZ_BR ,STEG1 ,SK_3178,TRUE,NA,NA,NA,NA,1,1,NA,FALSE,FALSE,FALSE,FALSE,FALSE,NA,NA,NA,NA
2015,HZ_BR ,STERNF2 ,SK_3179,TRUE,NA,NA,NA,NA,1,1,NA,FALSE,FALSE,FALSE,FALSE,FALSE,NA,NA,NA,NA
2015,HZ_BR ,STERNF2 ,SK_3180,TRUE,NA,NA,NA,NA,1,1,NA,FALSE,FALSE,FALSE,FALSE,FALSE,NA,NA,NA,NA
2015,HZ_BR ,DOBB8 ,SK_3181,TRUE,NA,NA,NA,NA,1,1,NA,FALSE,FALSE,FALSE,FALSE,FALSE,NA,NA,NA,NA
2015,HZ_BR ,STERNF2 ,SK_3182,TRUE,NA,NA,NA,NA,1,1,NA,FALSE,FALSE,FALSE,FALSE,FALSE,NA,NA,NA,NA
2015,HZ_BR ,BRITZ2 ,SK_3183,FALSE,NA,NA,NA,NA,1,1,NA,FALSE,FALSE,FALSE,FALSE,FALSE,NA,NA,NA,NA
2015,HZ_BR ,LINDE53 ,SK_3184,TRUE,NA,NA,NA,NA,1,1,NA,TRUE,TRUE,TRUE,TRUE,TRUE,TRUE,TRUE,FALSE,NA
2015,HZ_BR ,BRITZ2 ,SK_3185,FALSE,NA,NA,NA,NA,1,1,NA,TRUE,FALSE,FALSE,FALSE,FALSE,NA,NA,NA,NA
2015,HZ_BR ,STERNF2 ,SK_3186,TRUE,NA,NA,NA,NA,1,1,NA,TRUE,FALSE,FALSE,TRUE,TRUE,TRUE,TRUE,NA,NA
2015,HZ_BR ,ERKNKI ,SK_3187,FALSE,NA,NA,NA,NA,1,1,NA,FALSE,FALSE,FALSE,FALSE,FALSE,NA,NA,NA,NA
2015,HZ_BR ,RUTE41 ,SK_3188,TRUE,NA,NA,NA,NA,1,1,NA,FALSE,FALSE,FALSE,FALSE,FALSE,NA,NA,NA,NA
2015,HZ_BR ,TRIEP30 ,SK_3189,FALSE,NA,NA,NA,NA,1,1,NA,FALSE,FALSE,FALSE,FALSE,FALSE,NA,NA,NA,NA
2015,HZ_BR ,RUTERE ,SK_3190,FALSE,NA,NA,NA,NA,1,1,NA,FALSE,FALSE,FALSE,FALSE,FALSE,NA,NA,NA,NA
2015,HZ_BR ,LYCHE6 ,SK_3191,TRUE,NA,NA,NA,NA,1,1,NA,FALSE,FALSE,FALSE,FALSE,FALSE,NA,NA,NA,NA
2015,HZ_BR ,LYCHE6 ,SK_3192,FALSE,NA,NA,NA,NA,1,1,NA,FALSE,FALSE,FALSE,FALSE,FALSE,NA,NA,NA,NA
2015,HZ_BR ,ALTTH ,SK_3193,TRUE,NA,NA,NA,NA,1,1,NA,FALSE,FALSE,FALSE,FALSE,FALSE,NA,NA,NA,NA
2015,HZ_BR ,SCHIFF29 ,SK_3194,FALSE,NA,NA,NA,NA,1,1,NA,FALSE,FALSE,FALSE,FALSE,FALSE,NA,NA,NA,NA
2015,HZ_BR ,PAUS ,SK_3195,TRUE,NA,NA,NA,NA,1,1,NA,FALSE,FALSE,FALSE,FALSE,FALSE,NA,NA,NA,NA
2015,HZ_BR ,BEETZL ,SK_3196,FALSE,NA,NA,NA,NA,1,1,NA,FALSE,FALSE,FALSE,FALSE,FALSE,NA,NA,NA,NA
2015,HZ_BR ,BEETZL ,SK_3197,FALSE,NA,NA,NA,NA,1,1,NA,FALSE,FALSE,FALSE,FALSE,FALSE,NA,NA,NA,NA
2015,HZ_BR ,BEETZL ,SK_3198,FALSE,NA,NA,NA,NA,1,1,NA,FALSE,FALSE,FALSE,FALSE,FALSE,NA,NA,NA,NA
2015,HZ_BR ,BESTE6 ,SK_3199,FALSE,NA,NA,NA,NA,1,1,NA,FALSE,FALSE,FALSE,FALSE,FALSE,NA,NA,NA,NA
2015,HZ_BR ,BESTE6 ,SK_3200,FALSE,NA,NA,NA,NA,1,1,NA,TRUE,FALSE,FALSE,FALSE,FALSE,TRUE,FALSE,NA,NA
2015,HZ_BR ,BESTE6 ,SK_3201,FALSE,NA,NA,NA,NA,1,1,NA,FALSE,FALSE,FALSE,FALSE,FALSE,NA,NA,NA,NA
2015,HZ_BR ,BESTE6 ,SK_3202,FALSE,NA,NA,NA,NA,1,1,NA,FALSE,FALSE,FALSE,FALSE,FALSE,NA,NA,NA,NA
2015,HZ_BR ,BESTE6 ,SK_3203,TRUE,NA,NA,NA,NA,1,0,NA,TRUE,FALSE,FALSE,TRUE,TRUE,NA,NA,NA,NA
2015,HZ_BR ,BESTE6 ,SK_3204,TRUE,NA,NA,NA,NA,1,1,NA,FALSE,FALSE,FALSE,FALSE,FALSE,NA,NA,NA,NA
2015,HZ_BR ,BESTE6 ,SK_3205,TRUE,NA,NA,NA,NA,1,0,NA,TRUE,FALSE,FALSE,FALSE,FALSE,NA,NA,NA,NA
2015,HZ_BR ,BESTE6 ,SK_3206,FALSE,NA,NA,NA,NA,1,1,NA,FALSE,FALSE,FALSE,FALSE,FALSE,NA,NA,NA,NA
2015,HZ_BR ,SCHEN8h ,SK_3207,FALSE,NA,NA,NA,NA,1,1,NA,FALSE,FALSE,FALSE,FALSE,FALSE,NA,NA,NA,NA
2015,HZ_BR ,SCHEN8h ,SK_3208,FALSE,NA,NA,NA,NA,1,1,NA,FALSE,FALSE,FALSE,FALSE,FALSE,NA,NA,NA,NA
2015,HZ_BR ,SCHEN8h ,SK_3209,FALSE,NA,NA,NA,NA,1,1,NA,FALSE,FALSE,FALSE,FALSE,FALSE,NA,NA,NA,NA
2015,HZ_BR ,SCHEN8f ,SK_3210,TRUE,NA,NA,NA,NA,1,1,NA,FALSE,FALSE,FALSE,FALSE,FALSE,NA,NA,NA,NA
2015,HZ_BR ,MARIE ,SK_3211,TRUE,NA,NA,NA,NA,1,1,NA,FALSE,FALSE,FALSE,FALSE,FALSE,NA,NA,NA,NA
2015,HZ_BR ,BUCHH ,SK_3212,FALSE,NA,NA,NA,NA,1,1,NA,FALSE,FALSE,FALSE,FALSE,FALSE,NA,NA,NA,NA
2015,HZ_BR ,SCHEN8h ,SK_3213,TRUE,NA,NA,NA,NA,1,1,NA,FALSE,FALSE,FALSE,FALSE,FALSE,NA,NA,NA,NA
2015,HZ_BAV ,LETZ ,SK_3301,FALSE,NA,NA,NA,NA,NA,NA,NA,NA,NA,NA,NA,NA,NA,NA,NA,NA
2015,HZ_BAV ,KLESS2 ,SK_3302,FALSE,NA,NA,NA,NA,NA,NA,NA,NA,NA,NA,NA,NA,NA,NA,NA,NA
2015,HZ_BAV ,MICH17 ,SK_3303,FALSE,NA,NA,NA,NA,NA,NA,NA,NA,NA,NA,NA,NA,NA,NA,NA,NA
2015,HZ_BAV ,THALM5 ,SK_3304,FALSE,NA,NA,NA,NA,NA,NA,NA,NA,NA,NA,NA,NA,NA,NA,NA,NA
2015,HZ_BAV ,NEUALL ,SK_3305,FALSE,NA,NA,NA,NA,NA,NA,NA,NA,NA,NA,NA,NA,NA,NA,NA,NA
2015,HZ_BAV ,ZAIT36 ,SK_3306,FALSE,NA,NA,NA,NA,NA,NA,NA,NA,NA,NA,NA,NA,NA,NA,NA,NA
2015,HZ_BAV ,UNSCHH ,SK_3307,FALSE,NA,NA,NA,NA,NA,NA,NA,NA,NA,NA,NA,NA,NA,NA,NA,NA
2015,HZ_BAV ,LETZ ,SK_3308,FALSE,NA,NA,NA,NA,NA,NA,NA,NA,NA,NA,NA,NA,NA,NA,NA,NA
2015,HZ_BAV ,LERA9 ,SK_3309,FALSE,NA,NA,NA,NA,NA,NA,NA,NA,NA,NA,NA,NA,NA,NA,NA,NA
2015,HZ_BAV ,LERA9 ,SK_3310,FALSE,NA,NA,NA,NA,NA,NA,NA,NA,NA,NA,NA,NA,NA,NA,NA,NA
2015,HZ_BAV ,KLESS2 ,SK_3311,FALSE,NA,NA,NA,NA,NA,NA,NA,NA,NA,NA,NA,NA,NA,NA,NA,NA
2015,HZ_BAV ,THALM5 ,SK_3312,FALSE,NA,NA,NA,NA,NA,NA,NA,NA,NA,NA,NA,NA,NA,NA,NA,NA
2015,HZ_BAV ,STADT1 ,SK_3313,FALSE,NA,NA,NA,NA,NA,NA,NA,NA,NA,NA,NA,NA,NA,NA,NA,NA
2015,HZ_BAV ,KLESS2 ,SK_3314,FALSE,NA,NA,NA,NA,NA,NA,NA,NA,NA,NA,NA,NA,NA,NA,NA,NA
2015,HZ_BAV ,ZUM16 ,SK_3315,FALSE,NA,NA,NA,NA,NA,NA,NA,NA,NA,NA,NA,NA,NA,NA,NA,NA
2015,HZ_BAV ,GRAS12 ,SK_3316,FALSE,NA,NA,NA,NA,NA,NA,NA,NA,NA,NA,NA,NA,NA,NA,NA,NA
2015,HZ_BAV ,SCHI39 ,SK_3317,FALSE,NA,NA,NA,NA,NA,NA,NA,NA,NA,NA,NA,NA,NA,NA,NA,NA
2015,HZ_BAV ,ROTZG2 ,SK_3318,FALSE,NA,NA,NA,NA,NA,NA,NA,NA,NA,NA,NA,NA,NA,NA,NA,NA
2015,HZ_BAV ,TAUCH6 ,SK_3319,FALSE,NA,NA,NA,NA,NA,NA,NA,NA,NA,NA,NA,NA,NA,NA,NA,NA
2015,HZ_BAV ,PILM44 ,SK_3320,FALSE,NA,NA,NA,NA,NA,NA,NA,NA,NA,NA,NA,NA,NA,NA,NA,NA
2015,HZ_BAV ,GOTT ,SK_3321,FALSE,NA,NA,NA,NA,NA,NA,NA,NA,NA,NA,NA,NA,NA,NA,NA,NA
2015,HZ_BAV ,PILM44 ,SK_3322,FALSE,NA,NA,NA,NA,NA,NA,NA,NA,NA,NA,NA,NA,NA,NA,NA,NA
2015,HZ_BAV ,MUNSF2 ,SK_3323,FALSE,NA,NA,NA,NA,NA,NA,NA,NA,NA,NA,NA,NA,NA,NA,NA,NA
2015,HZ_BAV ,DUNZL3 ,SK_3324,FALSE,NA,NA,NA,NA,NA,NA,NA,NA,NA,NA,NA,NA,NA,NA,NA,NA
2015,HZ_BAV ,PARIN ,SK_3325,FALSE,NA,NA,NA,NA,NA,NA,NA,NA,NA,NA,NA,NA,NA,NA,NA,NA
2015,HZ_BAV ,OBERS2 ,SK_3326,FALSE,NA,NA,NA,NA,NA,NA,NA,NA,NA,NA,NA,NA,NA,NA,NA,NA
2015,HZ_BAV ,BAUH5 ,SK_3327,FALSE,NA,NA,NA,NA,NA,NA,NA,NA,NA,NA,NA,NA,NA,NA,NA,NA
2015,HZ_BAV ,TROB4 ,SK_3328,FALSE,NA,NA,NA,NA,NA,NA,NA,NA,NA,NA,NA,NA,NA,NA,NA,NA
2015,HZ_BAV ,ENGEL1 ,SK_3329,FALSE,NA,NA,NA,NA,NA,NA,NA,NA,NA,NA,NA,NA,NA,NA,NA,NA
2015,HZ_BAV ,ENGEL1 ,SK_3330,FALSE,NA,NA,NA,NA,NA,NA,NA,NA,NA,NA,NA,NA,NA,NA,NA,NA
2015,HZ_BAV ,LETZ ,SK_3331,FALSE,NA,NA,NA,NA,NA,NA,NA,NA,NA,NA,NA,NA,NA,NA,NA,NA
2015,HZ_BAV ,PEMF12 ,SK_3332,FALSE,NA,NA,NA,NA,NA,NA,NA,NA,NA,NA,NA,NA,NA,NA,NA,NA
2015,HZ_BAV ,ENGEL1 ,SK_3333,FALSE,NA,NA,NA,NA,NA,NA,NA,NA,NA,NA,NA,NA,NA,NA,NA,NA
2015,HZ_BAV ,GROSB9 ,SK_3334,FALSE,NA,NA,NA,NA,NA,NA,NA,NA,NA,NA,NA,NA,NA,NA,NA,NA
2015,HZ_BAV ,PEMF12 ,SK_3335,FALSE,NA,NA,NA,NA,NA,NA,NA,NA,NA,NA,NA,NA,NA,NA,NA,NA
2015,HZ_BAV ,PEMF12 ,SK_3336,TRUE,NA,NA,NA,NA,NA,NA,NA,NA,NA,NA,NA,NA,NA,NA,NA,NA
2015,HZ_BAV ,PEMF12 ,SK_3337,FALSE,NA,NA,NA,NA,NA,NA,NA,NA,NA,NA,NA,NA,NA,NA,NA,NA
2015,HZ_BAV ,PEMF12 ,SK_3338,FALSE,NA,NA,NA,NA,NA,NA,NA,NA,NA,NA,NA,NA,NA,NA,NA,NA
2015,HZ_BAV ,LERA9 ,SK_3339,FALSE,NA,NA,NA,NA,NA,NA,NA,NA,NA,NA,NA,NA,NA,NA,NA,NA
2015,HZ_BAV ,HOF12 ,SK_3340,FALSE,NA,NA,NA,NA,NA,NA,NA,NA,NA,NA,NA,NA,NA,NA,NA,NA
2015,HZ_BAV ,GAILAU3 ,SK_3341,FALSE,NA,NA,NA,NA,NA,NA,NA,NA,NA,NA,NA,NA,NA,NA,NA,NA
2015,HZ_BAV ,GAILAU3 ,SK_3342,FALSE,NA,NA,NA,NA,NA,NA,NA,NA,NA,NA,NA,NA,NA,NA,NA,NA
2015,HZ_BAV ,UNPRO1 ,SK_3343,FALSE,NA,NA,NA,NA,NA,NA,NA,NA,NA,NA,NA,NA,NA,NA,NA,NA
2015,HZ_BAV ,MATT11 ,SK_3344,FALSE,NA,NA,NA,NA,NA,NA,NA,NA,NA,NA,NA,NA,NA,NA,NA,NA
2015,HZ_BAV ,MATT11 ,SK_3345,FALSE,NA,NA,NA,NA,NA,NA,NA,NA,NA,NA,NA,NA,NA,NA,NA,NA
2015,HZ_BAV ,NUNZ11 ,SK_3346,FALSE,NA,NA,NA,NA,NA,NA,NA,NA,NA,NA,NA,NA,NA,NA,NA,NA
2015,HZ_BAV ,NIEDMU ,SK_3347,FALSE,NA,NA,NA,NA,NA,NA,NA,NA,NA,NA,NA,NA,NA,NA,NA,NA
2015,HZ_BAV ,GEISL7 ,SK_3348,FALSE,NA,NA,NA,NA,NA,NA,NA,NA,NA,NA,NA,NA,NA,NA,NA,NA
2015,HZ_BAV ,WIED1 ,SK_3349,FALSE,NA,NA,NA,NA,NA,NA,NA,NA,NA,NA,NA,NA,NA,NA,NA,NA
2015,HZ_BR ,HOWZ30 ,SK_3350,FALSE,NA,NA,NA,NA,NA,NA,NA,NA,NA,NA,NA,NA,NA,NA,NA,NA
2015,HZ_BR ,HOWZ30 ,SK_3351,FALSE,NA,NA,NA,NA,NA,NA,NA,NA,NA,NA,NA,NA,NA,NA,NA,NA
2015,HZ_BR ,HOWZ30 ,SK_3352,FALSE,NA,NA,NA,NA,NA,NA,NA,NA,NA,NA,NA,NA,NA,NA,NA,NA
2015,HZ_BR ,HOWZ30 ,SK_3353,FALSE,NA,NA,NA,NA,NA,NA,NA,NA,NA,NA,NA,NA,NA,NA,NA,NA
2015,HZ_BR ,HOWZ30 ,SK_3354,FALSE,NA,NA,NA,NA,NA,NA,NA,NA,NA,NA,NA,NA,NA,NA,NA,NA
2015,HZ_BR ,HOWZ30 ,SK_3355,FALSE,NA,NA,NA,NA,NA,NA,NA,NA,NA,NA,NA,NA,NA,NA,NA,NA
2015,HZ_BR ,CROU17 ,SK_3356,FALSE,NA,NA,NA,NA,NA,NA,NA,NA,NA,NA,NA,NA,NA,NA,NA,NA
2015,HZ_BR ,BADFR45 ,SK_3357,FALSE,NA,NA,NA,NA,NA,NA,NA,NA,NA,NA,NA,NA,NA,NA,NA,NA
2015,HZ_BR ,ALTR39 ,SK_3358,FALSE,NA,NA,NA,NA,NA,NA,NA,NA,NA,NA,NA,NA,NA,NA,NA,NA
2015,HZ_BR ,GIEL68 ,SK_3359,FALSE,NA,NA,NA,NA,NA,NA,NA,NA,NA,NA,NA,NA,NA,NA,NA,NA
2015,HZ_BR ,GIEL68 ,SK_3360,FALSE,NA,NA,NA,NA,NA,NA,NA,NA,NA,NA,NA,NA,NA,NA,NA,NA
2015,HZ_BR ,STORK17 ,SK_3361,FALSE,NA,NA,NA,NA,NA,NA,NA,NA,NA,NA,NA,NA,NA,NA,NA,NA
2015,HZ_BR ,GIEL68 ,SK_3362,FALSE,NA,NA,NA,NA,NA,NA,NA,NA,NA,NA,NA,NA,NA,NA,NA,NA
2015,HZ_BR ,GIEL68 ,SK_3363,FALSE,NA,NA,NA,NA,NA,NA,NA,NA,NA,NA,NA,NA,NA,NA,NA,NA
2015,HZ_BR ,NEUG21 ,SK_3364,FALSE,NA,NA,NA,NA,NA,NA,NA,NA,NA,NA,NA,NA,NA,NA,NA,NA
2015,HZ_BR ,GIEL68 ,SK_3365,FALSE,NA,NA,NA,NA,NA,NA,NA,NA,NA,NA,NA,NA,NA,NA,NA,NA
2015,HZ_BR ,HAMMEL ,SK_3366,FALSE,NA,NA,NA,NA,NA,NA,NA,NA,NA,NA,NA,NA,NA,NA,NA,NA
2015,HZ_BR ,ORTB7 ,SK_3367,FALSE,NA,NA,NA,NA,NA,NA,NA,NA,NA,NA,NA,NA,NA,NA,NA,NA
2015,HZ_BR ,PAPP1 ,SK_3368,FALSE,NA,NA,NA,NA,NA,NA,NA,NA,NA,NA,NA,NA,NA,NA,NA,NA
2015,HZ_BR ,DANE22 ,SK_3369,FALSE,NA,NA,NA,NA,NA,NA,NA,NA,NA,NA,NA,NA,NA,NA,NA,NA
2015,HZ_BR ,LIEB38 ,SK_3370,FALSE,NA,NA,NA,NA,NA,NA,NA,NA,NA,NA,NA,NA,NA,NA,NA,NA
2015,HZ_BR ,HAMMEL ,SK_3371,FALSE,NA,NA,NA,NA,NA,NA,NA,NA,NA,NA,NA,NA,NA,NA,NA,NA
2015,HZ_BR ,GIEL68 ,SK_3372,FALSE,NA,NA,NA,NA,NA,NA,NA,NA,NA,NA,NA,NA,NA,NA,NA,NA
2015,HZ_BR ,DANE22 ,SK_3373,FALSE,NA,NA,NA,NA,NA,NA,NA,NA,NA,NA,NA,NA,NA,NA,NA,NA
2015,HZ_BR ,GIEL68 ,SK_3374,FALSE,NA,NA,NA,NA,NA,NA,NA,NA,NA,NA,NA,NA,NA,NA,NA,NA
2015,HZ_BR ,DANE22 ,SK_3375,FALSE,NA,NA,NA,NA,NA,NA,NA,NA,NA,NA,NA,NA,NA,NA,NA,NA
2015,HZ_BR ,GOTTES ,SK_3376,FALSE,NA,NA,NA,NA,NA,NA,NA,NA,NA,NA,NA,NA,NA,NA,NA,NA
2015,HZ_BR ,STERNF2 ,SK_3377,FALSE,NA,NA,NA,NA,NA,NA,NA,NA,NA,NA,NA,NA,NA,NA,NA,NA
2015,HZ_BR ,BESTE6 ,SK_3378,FALSE,NA,NA,NA,NA,NA,NA,NA,NA,NA,NA,NA,NA,NA,NA,NA,NA
2015,HZ_BR ,BESTE6 ,SK_3379,FALSE,NA,NA,NA,NA,NA,NA,NA,NA,NA,NA,NA,NA,NA,NA,NA,NA
2015,HZ_BAV ,GAILAU3 ,SK_3380,TRUE,NA,NA,NA,NA,NA,NA,NA,NA,NA,NA,NA,NA,NA,NA,NA,NA
2015,HZ_BAV ,GAILAU3 ,SK_3381,TRUE,NA,NA,NA,NA,NA,NA,NA,NA,NA,NA,NA,NA,NA,NA,NA,NA
2015,HZ_BAV ,GAILAU3 ,SK_3382,TRUE,NA,NA,NA,NA,NA,NA,NA,NA,NA,NA,NA,NA,NA,NA,NA,NA
2015,HZ_BAV ,GAILAU3 ,SK_3383,TRUE,NA,NA,NA,NA,NA,NA,NA,NA,NA,NA,NA,NA,NA,NA,NA,NA
2015,HZ_BAV ,GAILAU3 ,SK_3384,TRUE,NA,NA,NA,NA,NA,NA,NA,NA,NA,NA,NA,NA,NA,NA,NA,NA
2015,HZ_BAV ,GAILAU3 ,SK_3385,TRUE,NA,NA,NA,NA,NA,NA,NA,NA,NA,NA,NA,NA,NA,NA,NA,NA
2015,HZ_BAV ,GAILAU9 ,SK_3386,TRUE,NA,NA,NA,NA,NA,NA,NA,NA,NA,NA,NA,NA,NA,NA,NA,NA
2015,HZ_BAV ,MOOSM ,SK_3387,TRUE,NA,NA,NA,NA,NA,NA,NA,NA,NA,NA,NA,NA,NA,NA,NA,NA
2015,HZ_BAV ,MOOSM ,SK_3388,TRUE,NA,NA,NA,NA,NA,NA,NA,NA,NA,NA,NA,NA,NA,NA,NA,NA
2015,HZ_BAV ,ECKD5 ,SK_3389,TRUE,NA,NA,NA,NA,NA,NA,NA,NA,NA,NA,NA,NA,NA,NA,NA,NA
2015,HZ_BAV ,ECKD5 ,SK_3390,TRUE,NA,NA,NA,NA,NA,NA,NA,NA,NA,NA,NA,NA,NA,NA,NA,NA
2015,HZ_BAV ,ECKD5 ,SK_3391,TRUE,NA,NA,NA,NA,NA,NA,NA,NA,NA,NA,NA,NA,NA,NA,NA,NA
2015,HZ_BAV ,NIEDPR ,SK_3392,TRUE,NA,NA,NA,NA,NA,NA,NA,NA,NA,NA,NA,NA,NA,NA,NA,NA
2015,HZ_BAV ,NIEDPR ,SK_3393,TRUE,NA,NA,NA,NA,NA,NA,NA,NA,NA,NA,NA,NA,NA,NA,NA,NA
2015,HZ_BAV ,MUNSF2 ,SK_3394,TRUE,NA,NA,NA,NA,NA,NA,NA,NA,NA,NA,NA,NA,NA,NA,NA,NA
2015,HZ_BAV ,MUNSF2 ,SK_3395,TRUE,NA,NA,NA,NA,NA,NA,NA,NA,NA,NA,NA,NA,NA,NA,NA,NA
2015,HZ_BAV ,MATT11 ,SK_3396,TRUE,NA,NA,NA,NA,NA,NA,NA,NA,NA,NA,NA,NA,NA,NA,NA,NA
2015,HZ_BAV ,MATT11 ,SK_3397,TRUE,NA,NA,NA,NA,NA,NA,NA,NA,NA,NA,NA,NA,NA,NA,NA,NA
2015,HZ_BAV ,MATT11 ,SK_3398,TRUE,NA,NA,NA,NA,NA,NA,NA,NA,NA,NA,NA,NA,NA,NA,NA,NA
2015,HZ_BAV ,GUTH1 ,SK_3399,TRUE,NA,NA,NA,NA,NA,NA,NA,NA,NA,NA,NA,NA,NA,NA,NA,NA
2015,HZ_BAV ,JAGE1 ,SK_3400,TRUE,NA,NA,NA,NA,NA,NA,NA,NA,NA,NA,NA,NA,NA,NA,NA,NA
2015,HZ_BAV ,UNPRO1 ,SK_3401,TRUE,NA,NA,NA,NA,NA,NA,NA,NA,NA,NA,NA,NA,NA,NA,NA,NA
2015,HZ_BAV ,HOF12 ,SK_3402,TRUE,NA,NA,NA,NA,NA,NA,NA,NA,NA,NA,NA,NA,NA,NA,NA,NA
2015,HZ_BAV ,WIED1 ,SK_3403,TRUE,NA,NA,NA,NA,NA,NA,NA,NA,NA,NA,NA,NA,NA,NA,NA,NA
2015,HZ_BAV ,GUTH1 ,SK_3404,TRUE,NA,NA,NA,NA,NA,NA,NA,NA,NA,NA,NA,NA,NA,NA,NA,NA
2015,HZ_BAV ,GUTH1 ,SK_3405,TRUE,NA,NA,NA,NA,NA,NA,NA,NA,NA,NA,NA,NA,NA,NA,NA,NA
2015,HZ_BAV ,GEISL7 ,SK_3406,TRUE,NA,NA,NA,NA,NA,NA,NA,NA,NA,NA,NA,NA,NA,NA,NA,NA
2015,HZ_BAV ,GEISL7 ,SK_3407,TRUE,NA,NA,NA,NA,NA,NA,NA,NA,NA,NA,NA,NA,NA,NA,NA,NA
2015,HZ_BAV ,ELTH3 ,SK_3408,TRUE,NA,NA,NA,NA,NA,NA,NA,NA,NA,NA,NA,NA,NA,NA,NA,NA
2015,HZ_BAV ,ENGEL1 ,SK_3409,TRUE,NA,NA,NA,NA,NA,NA,NA,NA,NA,NA,NA,NA,NA,NA,NA,NA
2015,HZ_BAV ,NUNZ11 ,SK_3410,TRUE,NA,NA,NA,NA,NA,NA,NA,NA,NA,NA,NA,NA,NA,NA,NA,NA
2015,HZ_BAV ,NUNZ11 ,SK_3411,TRUE,NA,NA,NA,NA,NA,NA,NA,NA,NA,NA,NA,NA,NA,NA,NA,NA
2015,HZ_BAV ,NIEDMU ,SK_3412,TRUE,NA,NA,NA,NA,NA,NA,NA,NA,NA,NA,NA,NA,NA,NA,NA,NA
2015,HZ_BAV ,OBERT3A ,SK_3413,FALSE,NA,NA,NA,NA,NA,NA,NA,NA,NA,NA,NA,NA,NA,NA,NA,NA
2015,HZ_BAV ,OBERT3A ,SK_3414,FALSE,NA,NA,NA,NA,NA,NA,NA,NA,NA,NA,NA,NA,NA,NA,NA,NA
2015,HZ_BAV ,OBERT3A ,SK_3415,FALSE,NA,NA,NA,NA,NA,NA,NA,NA,NA,NA,NA,NA,NA,NA,NA,NA
2015,HZ_BAV ,OBERT3B ,SK_3416,FALSE,NA,NA,NA,NA,NA,NA,NA,NA,NA,NA,NA,NA,NA,NA,NA,NA
2015,HZ_BAV ,OBERT3B ,SK_3417,FALSE,NA,NA,NA,NA,NA,NA,NA,NA,NA,NA,NA,NA,NA,NA,NA,NA
2015,HZ_BAV ,OBERT3B ,SK_3418,FALSE,NA,NA,NA,NA,NA,NA,NA,NA,NA,NA,NA,NA,NA,NA,NA,NA
2015,HZ_BAV ,LERA9 ,SK_3419,TRUE,NA,NA,NA,NA,NA,NA,NA,NA,NA,NA,NA,NA,NA,NA,NA,NA
2015,HZ_BAV ,LERA9 ,SK_3420,TRUE,NA,NA,NA,NA,NA,NA,NA,NA,NA,NA,NA,NA,NA,NA,NA,NA
2015,HZ_BAV ,LERA9 ,SK_3421,TRUE,NA,NA,NA,NA,NA,NA,NA,NA,NA,NA,NA,NA,NA,NA,NA,NA
2015,HZ_BAV ,LERA9 ,SK_3422,TRUE,NA,NA,NA,NA,NA,NA,NA,NA,NA,NA,NA,NA,NA,NA,NA,NA
2015,HZ_BAV ,LERA9 ,SK_3423,TRUE,NA,NA,NA,NA,NA,NA,NA,NA,NA,NA,NA,NA,NA,NA,NA,NA
2015,HZ_BAV ,LERA9 ,SK_3424,TRUE,NA,NA,NA,NA,NA,NA,NA,NA,NA,NA,NA,NA,NA,NA,NA,NA
2015,HZ_BAV ,LERA9 ,SK_3425,TRUE,NA,NA,NA,NA,NA,NA,NA,NA,NA,NA,NA,NA,NA,NA,NA,NA
2015,HZ_BAV ,LERA9 ,SK_3426,TRUE,NA,NA,NA,NA,NA,NA,NA,NA,NA,NA,NA,NA,NA,NA,NA,NA
2015,HZ_BAV ,LERA9 ,SK_3427,TRUE,NA,NA,NA,NA,NA,NA,NA,NA,NA,NA,NA,NA,NA,NA,NA,NA
2015,HZ_BAV ,LERA9 ,SK_3428,TRUE,NA,NA,NA,NA,NA,NA,NA,NA,NA,NA,NA,NA,NA,NA,NA,NA
2015,HZ_BAV ,ZILCH4 ,SK_3429,FALSE,NA,NA,NA,NA,NA,NA,NA,NA,NA,NA,NA,NA,NA,NA,NA,NA
2015,HZ_BAV ,ZILCH4 ,SK_3430,FALSE,NA,NA,NA,NA,NA,NA,NA,NA,NA,NA,NA,NA,NA,NA,NA,NA
2015,HZ_BAV ,ZILCH4 ,SK_3431,FALSE,NA,NA,NA,NA,NA,NA,NA,NA,NA,NA,NA,NA,NA,NA,NA,NA
2015,HZ_BAV ,ZILCH4 ,SK_3432,FALSE,NA,NA,NA,NA,NA,NA,NA,NA,NA,NA,NA,NA,NA,NA,NA,NA
2015,HZ_BAV ,ZILCH4 ,SK_3433,FALSE,NA,NA,NA,NA,NA,NA,NA,NA,NA,NA,NA,NA,NA,NA,NA,NA
2015,HZ_BAV ,ZILCH4 ,SK_3434,FALSE,NA,NA,NA,NA,NA,NA,NA,NA,NA,NA,NA,NA,NA,NA,NA,NA
2015,HZ_BAV ,ZILCH4 ,SK_3435,FALSE,NA,NA,NA,NA,NA,NA,NA,NA,NA,NA,NA,NA,NA,NA,NA,NA
2015,HZ_BAV ,ZILCH4 ,SK_3436,FALSE,NA,NA,NA,NA,NA,NA,NA,NA,NA,NA,NA,NA,NA,NA,NA,NA
2015,HZ_BAV ,ZILCH4 ,SK_3437,FALSE,NA,NA,NA,NA,NA,NA,NA,NA,NA,NA,NA,NA,NA,NA,NA,NA
2015,HZ_BAV ,ZILCH4 ,SK_3438,FALSE,NA,NA,NA,NA,NA,NA,NA,NA,NA,NA,NA,NA,NA,NA,NA,NA
2015,HZ_BAV ,ZILCH4 ,SK_3439,FALSE,NA,NA,NA,NA,NA,NA,NA,NA,NA,NA,NA,NA,NA,NA,NA,NA
2015,HZ_BAV ,LETZ ,SK_3440,FALSE,NA,NA,NA,NA,NA,NA,NA,NA,NA,NA,NA,NA,NA,NA,NA,NA
2015,HZ_BAV ,LETZ ,SK_3441,FALSE,NA,NA,NA,NA,NA,NA,NA,NA,NA,NA,NA,NA,NA,NA,NA,NA
2015,HZ_BAV ,LETZ ,SK_3442,FALSE,NA,NA,NA,NA,NA,NA,NA,NA,NA,NA,NA,NA,NA,NA,NA,NA
2015,HZ_BAV ,LETZ ,SK_3443,FALSE,NA,NA,NA,NA,NA,NA,NA,NA,NA,NA,NA,NA,NA,NA,NA,NA
2015,HZ_BAV ,LETZ ,SK_3444,FALSE,NA,NA,NA,NA,NA,NA,NA,NA,NA,NA,NA,NA,NA,NA,NA,NA
2015,HZ_BAV ,LETZ ,SK_3445,FALSE,NA,NA,NA,NA,NA,NA,NA,NA,NA,NA,NA,NA,NA,NA,NA,NA
2015,HZ_BAV ,FUCHS5 ,SK_3446,FALSE,NA,NA,NA,NA,NA,NA,NA,NA,NA,NA,NA,NA,NA,NA,NA,NA
2015,HZ_BAV ,FUCHS5 ,SK_3447,FALSE,NA,NA,NA,NA,NA,NA,NA,NA,NA,NA,NA,NA,NA,NA,NA,NA
2015,HZ_BAV ,FUCHS5 ,SK_3448,FALSE,NA,NA,NA,NA,NA,NA,NA,NA,NA,NA,NA,NA,NA,NA,NA,NA
2015,HZ_BAV ,FUCHS5 ,SK_3449,FALSE,NA,NA,NA,NA,NA,NA,NA,NA,NA,NA,NA,NA,NA,NA,NA,NA
2015,HZ_BAV ,FUCHS5 ,SK_3450,FALSE,NA,NA,NA,NA,NA,NA,NA,NA,NA,NA,NA,NA,NA,NA,NA,NA
2015,HZ_BAV ,FUCHS5 ,SK_3451,FALSE,NA,NA,NA,NA,NA,NA,NA,NA,NA,NA,NA,NA,NA,NA,NA,NA
2015,HZ_BAV ,TAUCH6 ,SK_3452,FALSE,NA,NA,NA,NA,NA,NA,NA,NA,NA,NA,NA,NA,NA,NA,NA,NA
2015,HZ_BAV ,TAUCH6 ,SK_3453,FALSE,NA,NA,NA,NA,NA,NA,NA,NA,NA,NA,NA,NA,NA,NA,NA,NA
2015,HZ_BAV ,TAUCH6 ,SK_3454,FALSE,NA,NA,NA,NA,NA,NA,NA,NA,NA,NA,NA,NA,NA,NA,NA,NA
2015,HZ_BAV ,TAUCH6 ,SK_3455,FALSE,NA,NA,NA,NA,NA,NA,NA,NA,NA,NA,NA,NA,NA,NA,NA,NA
2015,HZ_BAV ,TAUCH6 ,SK_3456,FALSE,NA,NA,NA,NA,NA,NA,NA,NA,NA,NA,NA,NA,NA,NA,NA,NA
2015,HZ_BAV ,TAUCH6 ,SK_3457,FALSE,NA,NA,NA,NA,NA,NA,NA,NA,NA,NA,NA,NA,NA,NA,NA,NA
2015,HZ_BAV ,MAIEH5 ,SK_3458,TRUE,NA,NA,NA,NA,NA,NA,NA,NA,NA,NA,NA,NA,NA,NA,NA,NA
2015,HZ_BAV ,MAIEH5 ,SK_3459,TRUE,NA,NA,NA,NA,NA,NA,NA,NA,NA,NA,NA,NA,NA,NA,NA,NA
2015,HZ_BAV ,MAIEH5 ,SK_3460,TRUE,NA,NA,NA,NA,NA,NA,NA,NA,NA,NA,NA,NA,NA,NA,NA,NA
2015,NA,PlCzW ,SK_3461,TRUE,NA,NA,NA,NA,NA,NA,NA,NA,NA,NA,NA,NA,NA,NA,NA,NA
2015,NA,PlCzW ,SK_3462,FALSE,NA,NA,NA,NA,NA,NA,NA,NA,NA,NA,NA,NA,NA,NA,NA,NA
2015,NA,PlDram3 ,SK_3463,FALSE,NA,NA,NA,NA,NA,NA,NA,NA,NA,NA,NA,NA,NA,NA,NA,NA
2015,NA,PlDram3 ,SK_3464,TRUE,NA,NA,NA,NA,NA,NA,NA,NA,NA,NA,NA,NA,NA,NA,NA,NA
2015,NA,PlDram3 ,SK_3465,FALSE,NA,NA,NA,NA,NA,NA,NA,NA,NA,NA,NA,NA,NA,NA,NA,NA
2015,NA,PlDram3 ,SK_3466,FALSE,NA,NA,NA,NA,NA,NA,NA,NA,NA,NA,NA,NA,NA,NA,NA,NA
2015,NA,PlDram3 ,SK_3467,FALSE,NA,NA,NA,NA,NA,NA,NA,NA,NA,NA,NA,NA,NA,NA,NA,NA
2015,NA,PlDram3 ,SK_3468,FALSE,NA,NA,NA,NA,NA,NA,NA,NA,NA,NA,NA,NA,NA,NA,NA,NA
2015,NA,NA,SK_3469,FALSE,NA,NA,NA,NA,NA,NA,NA,NA,NA,NA,NA,NA,NA,NA,NA,NA
2016,NA,NA,SK_3470,FALSE,NA,NA,NA,NA,NA,NA,NA,NA,NA,NA,NA,NA,NA,NA,NA,NA
2017,NA,NA,SK_3471,FALSE,NA,NA,NA,NA,NA,NA,NA,NA,NA,NA,NA,NA,NA,NA,NA,NA
2015,NA,NA,SK_3472,FALSE,NA,NA,NA,NA,NA,NA,NA,NA,NA,NA,NA,NA,NA,NA,NA,NA
2015,NA,NA,SK_3473,FALSE,NA,NA,NA,NA,NA,NA,NA,NA,NA,NA,NA,NA,NA,NA,NA,NA
2015,NA,NA,SK_3474,FALSE,NA,NA,NA,NA,NA,NA,NA,NA,NA,NA,NA,NA,NA,NA,NA,NA
2015,NA,NA,SK_3475,FALSE,NA,NA,NA,NA,NA,NA,NA,NA,NA,NA,NA,NA,NA,NA,NA,NA
2015,NA,PlZol6 ,SK_3476,TRUE,NA,NA,NA,NA,NA,NA,NA,NA,NA,NA,NA,NA,NA,NA,NA,NA
2015,NA,PlZol6 ,SK_3477,TRUE,NA,NA,NA,NA,NA,NA,NA,NA,NA,NA,NA,NA,NA,NA,NA,NA
2015,NA,PlZol6 ,SK_3478,FALSE,NA,NA,NA,NA,NA,NA,NA,NA,NA,NA,NA,NA,NA,NA,NA,NA
2015,HZ_BAV ,GAILAU9 ,SK_3479,FALSE,NA,NA,NA,NA,NA,NA,NA,NA,NA,NA,NA,NA,NA,NA,NA,NA
2015,HZ_BAV ,GAILAU9 ,SK_3480,FALSE,NA,NA,NA,NA,NA,NA,NA,NA,NA,NA,NA,NA,NA,NA,NA,NA
2015,HZ_BAV ,GAILAU9 ,SK_3481,FALSE,NA,NA,NA,NA,NA,NA,NA,NA,NA,NA,NA,NA,NA,NA,NA,NA
2015,HZ_BAV ,GAILAU9 ,SK_3482,FALSE,NA,NA,NA,NA,NA,NA,NA,NA,NA,NA,NA,NA,NA,NA,NA,NA
2015,HZ_BAV ,GUTH1 ,SK_3483,FALSE,NA,NA,NA,NA,NA,NA,NA,NA,NA,NA,NA,NA,NA,NA,NA,NA
2015,HZ_BAV ,GUTH1 ,SK_3484,FALSE,NA,NA,NA,NA,NA,NA,NA,NA,NA,NA,NA,NA,NA,NA,NA,NA
2015,HZ_BAV ,GUTH1 ,SK_3485,FALSE,NA,NA,NA,NA,NA,NA,NA,NA,NA,NA,NA,NA,NA,NA,NA,NA
2015,HZ_BAV ,GUTH1 ,SK_3486,FALSE,NA,NA,NA,NA,NA,NA,NA,NA,NA,NA,NA,NA,NA,NA,NA,NA
2015,HZ_BAV ,GUTH1 ,SK_3487,FALSE,NA,NA,NA,NA,NA,NA,NA,NA,NA,NA,NA,NA,NA,NA,NA,NA
2015,HZ_BAV ,ZILCH4 ,SK_3488,FALSE,NA,NA,NA,NA,NA,NA,NA,NA,NA,NA,NA,NA,NA,NA,NA,NA
2015,HZ_BAV ,ZILCH4 ,SK_3489,FALSE,NA,NA,NA,NA,NA,NA,NA,NA,NA,NA,NA,NA,NA,NA,NA,NA
2016,HZ_BR ,NA,A_0001 ,FALSE,NA,NA,NA,NA,1,1,NA,NA,NA,NA,NA,NA,NA,NA,NA,NA
2016,HZ_BR ,NA,A_0002 ,FALSE,NA,NA,NA,NA,1,1,NA,NA,NA,NA,NA,NA,NA,NA,NA,NA
2016,HZ_BR ,NA,A_0003 ,FALSE,NA,NA,NA,NA,1,1,NA,NA,NA,NA,NA,NA,NA,NA,NA,NA
2016,HZ_BR ,SCHORF16 ,AA_0001 ,FALSE,NA,NA,NA,NA,1,1,NA,FALSE,NA,NA,NA,NA,NA,NA,NA,NA
2016,HZ_BR ,SCHORF16 ,AA_0002 ,FALSE,NA,NA,NA,NA,1,1,NA,FALSE,NA,NA,NA,NA,NA,NA,NA,NA
2016,HZ_BR ,SCHORF16 ,AA_0003 ,FALSE,NA,NA,NA,NA,1,1,NA,FALSE,NA,NA,NA,NA,NA,NA,NA,NA
2016,HZ_BR ,SCHORF16 ,AA_0004 ,FALSE,NA,NA,NA,NA,1,11,NA,FALSE,NA,NA,NA,NA,NA,NA,NA,NA
2016,HZ_BR ,SCHORF16 ,AA_0005 ,TRUE,NA,NA,NA,NA,1,1,NA,FALSE,NA,NA,NA,NA,NA,NA,NA,NA
2016,HZ_BR ,SCHORF16 ,AA_0006 ,FALSE,NA,NA,NA,NA,1,1,NA,FALSE,NA,NA,NA,NA,NA,NA,NA,NA
2016,HZ_BR ,SCHORF16 ,AA_0007 ,FALSE,NA,NA,NA,NA,1,1,NA,FALSE,NA,NA,NA,NA,NA,NA,NA,NA
2016,HZ_BR ,SCHORF16 ,AA_0008 ,TRUE,NA,NA,NA,NA,1,1,NA,FALSE,NA,NA,NA,NA,NA,NA,NA,NA
2016,HZ_BR ,SCHORF16 ,AA_0009 ,TRUE,NA,NA,NA,NA,1,1,NA,FALSE,NA,NA,NA,NA,NA,NA,NA,NA
2016,HZ_BR ,SCHORF16 ,AA_0010 ,TRUE,NA,NA,NA,NA,1,1,NA,FALSE,NA,NA,NA,NA,NA,NA,NA,NA
2016,HZ_BR ,SCHORF16 ,AA_0011 ,TRUE,NA,NA,NA,NA,1,1,NA,FALSE,NA,NA,NA,NA,NA,NA,NA,NA
2016,HZ_BR ,SCHORF16 ,AA_0012 ,TRUE,NA,NA,NA,NA,1,1,NA,FALSE,NA,NA,NA,NA,NA,NA,NA,NA
2016,HZ_BR ,SCHORF16 ,AA_0013 ,FALSE,NA,NA,NA,NA,1,1,NA,FALSE,NA,NA,NA,NA,NA,NA,NA,NA
2016,HZ_BR ,SCHORF16 ,AA_0014 ,TRUE,NA,NA,NA,NA,1,1,NA,FALSE,NA,NA,NA,NA,NA,NA,NA,NA
2016,HZ_BR ,SCHORF16 ,AA_0015 ,TRUE,NA,NA,NA,NA,1,1,NA,FALSE,NA,NA,NA,NA,NA,NA,NA,NA
2016,HZ_BR ,SCHORF16 ,AA_0016 ,TRUE,NA,NA,NA,NA,1,1,NA,NA,NA,NA,NA,NA,NA,NA,NA,NA
2016,HZ_BR ,SCHORF16 ,AA_0017 ,TRUE,NA,NA,NA,NA,1,1,NA,FALSE,NA,NA,NA,NA,NA,NA,NA,NA
2016,HZ_BR ,SCHORF16 ,AA_0018 ,TRUE,NA,NA,NA,NA,NA,NA,NA,FALSE,NA,NA,NA,NA,NA,NA,NA,NA
2016,HZ_BR ,SCHORF16 ,AA_0019 ,TRUE,NA,NA,NA,NA,1,1,NA,FALSE,NA,NA,NA,NA,NA,NA,NA,NA
2016,HZ_BR ,SCHORF16 ,AA_0020 ,TRUE,NA,NA,NA,NA,1,1,NA,FALSE,NA,NA,NA,NA,NA,NA,NA,NA
2016,HZ_BR ,SCHORF16 ,AA_0021 ,TRUE,NA,NA,NA,NA,1,1,NA,FALSE,NA,NA,NA,NA,NA,NA,NA,NA
2016,HZ_BR ,SCHORF16 ,AA_0022 ,TRUE,NA,NA,NA,NA,1,1,NA,FALSE,NA,NA,NA,NA,NA,NA,NA,NA
2016,HZ_BR ,SCHORF16 ,AA_0023 ,FALSE,NA,NA,NA,NA,1,1,NA,FALSE,NA,NA,NA,NA,NA,NA,NA,NA
2016,HZ_BR ,SCHORF16 ,AA_0024 ,TRUE,NA,NA,NA,NA,1,1,NA,FALSE,NA,NA,NA,NA,NA,NA,NA,NA
2016,HZ_BR ,SCHORF16 ,AA_0025 ,TRUE,NA,NA,NA,NA,1,1,NA,FALSE,NA,NA,NA,NA,NA,NA,NA,NA
2016,HZ_BR ,SCHORF16 ,AA_0026 ,TRUE,NA,NA,NA,NA,1,1,NA,FALSE,NA,NA,NA,NA,NA,NA,NA,NA
2016,HZ_BR ,SCHORF16 ,AA_0027 ,TRUE,NA,NA,NA,NA,1,1,NA,FALSE,NA,NA,NA,NA,NA,NA,NA,NA
2016,HZ_BR ,SCHORF16 ,AA_0028 ,TRUE,NA,NA,NA,NA,1,1,NA,FALSE,NA,NA,NA,NA,NA,NA,NA,NA
2016,HZ_BR ,SCHORF16 ,AA_0029 ,TRUE,NA,NA,NA,NA,NA,NA,NA,FALSE,NA,NA,NA,NA,NA,NA,NA,NA
2016,HZ_BR ,SCHORF16 ,AA_0030 ,TRUE,NA,NA,NA,NA,NA,NA,NA,FALSE,NA,NA,NA,NA,NA,NA,NA,NA
2016,HZ_BR ,SCHORF16 ,AA_0031 ,TRUE,NA,NA,NA,NA,NA,NA,NA,FALSE,NA,NA,NA,NA,NA,NA,NA,NA
2016,HZ_BR ,SCHORF16 ,AA_0032 ,TRUE,NA,NA,NA,NA,NA,NA,NA,FALSE,NA,NA,NA,NA,NA,NA,NA,NA
2016,HZ_BR ,SCHORF16 ,AA_0033 ,FALSE,NA,NA,NA,NA,NA,NA,NA,FALSE,NA,NA,NA,NA,NA,NA,NA,NA
2016,HZ_BR ,SCHORF16 ,AA_0034 ,TRUE,NA,NA,NA,NA,NA,NA,NA,FALSE,NA,NA,NA,NA,NA,NA,NA,NA
2016,HZ_BR ,SCHORF16 ,AA_0035 ,FALSE,NA,NA,NA,NA,NA,NA,NA,FALSE,NA,NA,NA,NA,NA,NA,NA,NA
2016,HZ_BR ,SCHORF16 ,AA_0036 ,TRUE,NA,NA,NA,NA,NA,NA,NA,FALSE,NA,NA,NA,NA,NA,NA,NA,NA
2016,HZ_BR ,SCHORF16 ,AA_0037 ,TRUE,NA,NA,NA,NA,NA,NA,NA,FALSE,NA,NA,NA,NA,NA,NA,NA,NA
2016,HZ_BR ,SCHORF16 ,AA_0038 ,TRUE,NA,NA,NA,NA,NA,NA,NA,FALSE,NA,NA,NA,NA,NA,NA,NA,NA
2016,HZ_BR ,SCHORF16 ,AA_0039 ,TRUE,NA,NA,NA,NA,NA,NA,NA,FALSE,NA,NA,NA,NA,NA,NA,NA,NA
2016,HZ_BR ,SCHORF16 ,AA_0040 ,TRUE,NA,NA,NA,NA,NA,NA,NA,FALSE,NA,NA,NA,NA,NA,NA,NA,NA
2016,HZ_BR ,SCHORF16 ,AA_0041 ,FALSE,NA,NA,NA,NA,NA,NA,NA,FALSE,NA,NA,NA,NA,NA,NA,NA,NA
2016,HZ_BR ,SCHORF16 ,AA_0042 ,FALSE,NA,NA,NA,NA,NA,NA,NA,FALSE,NA,NA,NA,NA,NA,NA,NA,NA
2016,HZ_BR ,SCHORF16 ,AA_0043 ,TRUE,NA,NA,NA,NA,NA,NA,NA,FALSE,NA,NA,NA,NA,NA,NA,NA,NA
2016,HZ_BR ,SCHORF16 ,AA_0044 ,FALSE,NA,NA,NA,NA,NA,NA,NA,FALSE,NA,NA,NA,NA,NA,NA,NA,NA
2016,HZ_BR ,SCHORF16 ,AA_0045 ,FALSE,NA,NA,NA,NA,NA,NA,NA,FALSE,NA,NA,NA,NA,NA,NA,NA,NA
2016,HZ_BR ,SCHORF16 ,AA_0046 ,FALSE,NA,NA,NA,NA,NA,NA,NA,FALSE,NA,NA,NA,NA,NA,NA,NA,NA
2016,HZ_BR ,HOPPE1 ,AA_0047 ,TRUE,1,NA,1,NA,1,1,TRUE,FALSE,FALSE,FALSE,FALSE,NA,FALSE,NA,NA,NA
2016,HZ_BR ,HOPPE1 ,AA_0048 ,TRUE,1,NA,1,NA,1,1,NA,FALSE,NA,NA,NA,NA,NA,NA,NA,NA
2016,HZ_BR ,HOPPE1 ,AA_0049 ,TRUE,1,NA,1,NA,1,1,NA,FALSE,NA,NA,NA,NA,NA,NA,NA,NA
2016,HZ_BR ,HOPPE1 ,AA_0050 ,TRUE,1,NA,1,NA,1,1,NA,FALSE,NA,NA,NA,NA,NA,NA,NA,NA
2016,HZ_BR ,E_ZIND ,AA_0051 ,TRUE,1,NA,1,NA,1,1,NA,FALSE,NA,NA,NA,NA,NA,NA,NA,NA
2016,HZ_BR ,E_ZIND ,AA_0052 ,TRUE,1,NA,1,NA,1,1,TRUE,FALSE,FALSE,NA,FALSE,NA,FALSE,NA,NA,NA
2016,HZ_BR ,E_ZIND ,AA_0053 ,TRUE,1,NA,1,NA,1,1,TRUE,TRUE,FALSE,NA,FALSE,NA,FALSE,NA,NA,NA
2016,HZ_BR ,E_ZIND ,AA_0054 ,TRUE,1,NA,1,NA,1,1,TRUE,TRUE,TRUE,TRUE,TRUE,TRUE,TRUE,FALSE,NA,NA
2016,HZ_BR ,E_PAPP ,AA_0055 ,FALSE,1,NA,1,NA,1,1,NA,NA,NA,NA,NA,NA,NA,NA,NA,NA
2016,HZ_BR ,E_PAPP ,AA_0056 ,TRUE,1,NA,1,NA,1,1,NA,TRUE,FALSE,NA,FALSE,NA,FALSE,NA,NA,NA
2016,HZ_BR ,E_PAPP ,AA_0057 ,FALSE,1,NA,1,NA,1,1,NA,TRUE,FALSE,NA,FALSE,NA,FALSE,NA,NA,NA
2016,HZ_BR ,E_HOHE ,AA_0058 ,FALSE,1,NA,1,NA,1,1,NA,FALSE,NA,NA,NA,NA,NA,NA,NA,NA
2016,HZ_BR ,E_HOHE ,AA_0059 ,FALSE,1,NA,1,NA,1,1,NA,FALSE,NA,NA,NA,NA,NA,NA,NA,NA
2016,HZ_BR ,E_HOHE ,AA_0060 ,FALSE,1,NA,1,NA,1,1,NA,FALSE,NA,NA,NA,NA,NA,NA,NA,NA
2016,HZ_BR ,SCHEN8h ,AA_0061 ,TRUE,1,NA,1,NA,1,1,NA,FALSE,NA,NA,NA,NA,NA,NA,NA,NA
2016,HZ_BR ,SCHEN8h ,AA_0062 ,TRUE,1,NA,1,NA,1,1,NA,FALSE,NA,NA,NA,NA,NA,NA,NA,NA
2016,HZ_BR ,E_WOLZ ,AA_0063 ,TRUE,1,NA,1,NA,1,1,NA,FALSE,NA,NA,NA,NA,NA,NA,NA,NA
2016,HZ_BR ,E_LIEB ,AA_0064 ,TRUE,1,NA,1,NA,1,1,TRUE,TRUE,TRUE,TRUE,TRUE,TRUE,TRUE,TRUE,NA,NA
2016,HZ_BR ,E_LIEB ,AA_0065 ,FALSE,1,NA,1,NA,1,1,TRUE,FALSE,TRUE,TRUE,TRUE,TRUE,TRUE,TRUE,NA,NA
2016,HZ_BR ,E_LIEB ,AA_0066 ,FALSE,1,NA,1,NA,1,1,TRUE,FALSE,TRUE,TRUE,TRUE,TRUE,TRUE,TRUE,NA,NA
2016,HZ_BR ,E_LIEB ,AA_0067 ,TRUE,1,NA,1,NA,1,1,FALSE,TRUE,TRUE,TRUE,TRUE,TRUE,TRUE,TRUE,NA,NA
2016,HZ_BR ,E_LIEB ,AA_0068 ,FALSE,1,NA,1,NA,1,1,TRUE,TRUE,TRUE,FALSE,TRUE,FALSE,TRUE,TRUE,NA,NA
2016,HZ_BR ,E_LIEB ,AA_0069 ,TRUE,1,NA,1,NA,1,1,TRUE,TRUE,FALSE,NA,FALSE,NA,FALSE,NA,NA,NA
2016,HZ_BR ,E_LIEB ,AA_0070 ,TRUE,1,NA,1,NA,1,1,TRUE,TRUE,TRUE,TRUE,TRUE,TRUE,TRUE,TRUE,NA,NA
2016,HZ_BR ,E_KLAN ,AA_0071 ,FALSE,1,NA,1,NA,1,1,NA,FALSE,NA,NA,NA,NA,NA,NA,NA,NA
2016,HZ_BR ,E_MIL1 ,AA_0072 ,FALSE,1,NA,1,NA,1,1,NA,FALSE,NA,NA,NA,NA,NA,NA,NA,NA
2016,HZ_BR ,E_MIL1 ,AA_0073 ,TRUE,1,NA,1,NA,1,1,NA,TRUE,NA,NA,FALSE,NA,FALSE,NA,NA,NA
2016,HZ_BR ,E_MIL1 ,AA_0074 ,FALSE,1,NA,1,NA,1,1,NA,TRUE,NA,NA,FALSE,NA,FALSE,NA,NA,NA
2016,HZ_BR ,E_MIL1 ,AA_0075 ,TRUE,1,NA,1,NA,1,1,NA,FALSE,NA,NA,NA,NA,NA,NA,NA,NA
2016,HZ_BR ,E_GRAB ,AA_0076 ,TRUE,1,NA,1,NA,1,1,NA,FALSE,NA,NA,NA,NA,NA,NA,NA,NA
2016,HZ_BR ,E_AMTO ,AA_0077 ,FALSE,1,NA,1,NA,1,1,TRUE,FALSE,FALSE,NA,FALSE,NA,FALSE,NA,NA,NA
2016,HZ_BR ,E_AMTO ,AA_0078 ,TRUE,1,NA,1,NA,1,1,NA,FALSE,NA,NA,NA,NA,NA,NA,NA,NA
2016,HZ_BR ,E_WOLZ ,AA_0079 ,TRUE,1,NA,1,NA,1,1,NA,TRUE,NA,NA,FALSE,NA,TRUE,TRUE,NA,NA
2016,HZ_BR ,E_WOLZ ,AA_0080 ,TRUE,1,NA,1,NA,1,1,TRUE,FALSE,TRUE,TRUE,TRUE,TRUE,TRUE,FALSE,NA,NA
2016,HZ_BR ,E_WOLZ ,AA_0081 ,TRUE,1,NA,1,NA,1,1,NA,FALSE,NA,NA,NA,NA,NA,NA,NA,NA
2016,HZ_BR ,E_WOLZ ,AA_0082 ,TRUE,1,NA,1,NA,1,1,TRUE,TRUE,TRUE,TRUE,TRUE,FALSE,TRUE,FALSE,NA,NA
2016,HZ_BR ,HOPPE1 ,AA_0083 ,TRUE,1,NA,1,NA,1,1,NA,FALSE,NA,NA,NA,NA,NA,NA,NA,NA
2016,HZ_BR ,HOPPE1 ,AA_0084 ,TRUE,1,NA,1,NA,1,1,NA,FALSE,NA,NA,NA,NA,NA,NA,NA,NA
2016,HZ_BR ,HOPPE1 ,AA_0085 ,FALSE,1,NA,1,NA,1,1,NA,FALSE,NA,NA,NA,NA,NA,NA,NA,NA
2016,HZ_BR ,HOPPE1 ,AA_0086 ,TRUE,1,NA,1,NA,1,1,NA,FALSE,NA,NA,NA,NA,NA,NA,NA,NA
2016,HZ_BR ,HOPPE1 ,AA_0087 ,TRUE,1,NA,1,NA,1,1,NA,FALSE,NA,NA,NA,NA,NA,NA,NA,NA
2016,HZ_BR ,E_WOLZ ,AA_0088 ,TRUE,1,NA,1,NA,1,1,TRUE,FALSE,TRUE,TRUE,FALSE,NA,TRUE,TRUE,NA,NA
2016,HZ_BR ,E_WOLZ ,AA_0089 ,FALSE,1,NA,1,NA,NA,1,NA,NA,NA,NA,NA,NA,NA,NA,NA,NA
2016,HZ_BR ,E_GRAB ,AA_0090 ,TRUE,1,NA,1,NA,1,1,NA,NA,NA,NA,NA,NA,NA,NA,NA,NA
2016,HZ_BR ,E_MU14 ,AA_0091 ,TRUE,1,NA,1,NA,1,1,NA,NA,NA,NA,NA,NA,NA,NA,NA,NA
2016,HZ_BR ,E_MU14 ,AA_0092 ,TRUE,1,NA,1,NA,1,1,NA,NA,NA,NA,NA,NA,NA,NA,NA,NA
2016,HZ_BR ,E_MIL1 ,AA_0093 ,TRUE,1,NA,1,NA,1,1,NA,NA,NA,NA,NA,NA,NA,NA,NA,NA
2016,HZ_BR ,E_MIL1 ,AA_0094 ,TRUE,1,NA,1,NA,1,1,TRUE,TRUE,TRUE,TRUE,TRUE,TRUE,TRUE,TRUE,NA,NA
2016,HZ_BR ,E_MIL1 ,AA_0095 ,FALSE,1,NA,1,NA,1,1,NA,NA,NA,NA,NA,NA,NA,NA,NA,NA
2016,HZ_BR ,E_OE62 ,AA_0096 ,TRUE,1,NA,1,NA,1,1,NA,NA,NA,NA,NA,NA,NA,NA,NA,NA
2016,HZ_BR ,RUDN21 ,AA_0097 ,FALSE,1,NA,1,NA,1,1,NA,NA,NA,NA,NA,NA,NA,NA,NA,NA
2016,HZ_BR ,RUDN21 ,AA_0098 ,TRUE,1,NA,1,NA,1,1,NA,NA,NA,NA,NA,NA,NA,NA,NA,NA
2016,HZ_BR ,E_GR17 ,AA_0099 ,TRUE,1,NA,1,NA,1,1,NA,NA,NA,NA,NA,NA,NA,NA,NA,NA
2016,HZ_BR ,E_RO38 ,AA_0100 ,TRUE,1,NA,1,NA,1,1,NA,TRUE,TRUE,TRUE,TRUE,TRUE,TRUE,TRUE,NA,NA
2016,HZ_BR ,E_RO38 ,AA_0101 ,TRUE,1,NA,1,NA,1,1,NA,NA,NA,NA,NA,NA,NA,NA,NA,NA
2016,HZ_BR ,E_GRAF ,AA_0102 ,FALSE,1,NA,1,NA,1,1,NA,NA,NA,NA,NA,NA,NA,NA,NA,NA
2016,HZ_BR ,E_ZEH8 ,AA_0103 ,TRUE,1,NA,1,NA,1,1,NA,NA,NA,NA,NA,NA,NA,NA,NA,NA
2016,HZ_BR ,E_ZEH8 ,AA_0104 ,TRUE,1,NA,1,NA,1,1,NA,NA,NA,NA,NA,NA,NA,NA,NA,NA
2016,HZ_BR ,E_ZEH8 ,AA_0105 ,TRUE,1,NA,1,NA,1,1,NA,NA,NA,NA,NA,NA,NA,NA,NA,NA
2016,HZ_BR ,E_ZEH8 ,AA_0106 ,TRUE,1,NA,1,NA,1,1,NA,NA,NA,NA,NA,NA,NA,NA,NA,NA
2016,HZ_BR ,E_ZEH8 ,AA_0107 ,TRUE,1,NA,1,NA,1,1,NA,NA,NA,NA,NA,NA,NA,NA,NA,NA
2016,HZ_BR ,E_ZEH8 ,AA_0108 ,TRUE,1,NA,1,NA,1,1,NA,NA,NA,NA,NA,NA,NA,NA,NA,NA
2016,HZ_BR ,E_ZEH8 ,AA_0109 ,TRUE,1,NA,1,NA,1,1,NA,NA,NA,NA,NA,NA,NA,NA,NA,NA
2016,HZ_BR ,HOPPE1 ,AA_0110 ,TRUE,1,NA,1,NA,1,1,NA,NA,NA,NA,NA,NA,NA,NA,NA,NA
2016,HZ_BR ,E_KIR1 ,AA_0111 ,FALSE,1,NA,1,NA,1,1,NA,NA,NA,NA,NA,NA,NA,NA,NA,NA
2016,HZ_BR ,E_KIR1 ,AA_0112 ,FALSE,1,NA,1,NA,1,1,NA,NA,NA,NA,NA,NA,NA,NA,NA,NA
2016,HZ_BR ,E_WOLZ ,AA_0113 ,TRUE,1,NA,1,NA,1,1,NA,NA,NA,NA,NA,NA,NA,NA,NA,NA
2016,HZ_BR ,E_KIR1 ,AA_0114 ,TRUE,1,NA,1,NA,1,1,NA,NA,NA,NA,NA,NA,NA,NA,NA,NA
2016,HZ_BR ,E_ZEH8 ,AA_0115 ,TRUE,1,NA,1,NA,1,1,NA,NA,NA,NA,NA,NA,NA,NA,NA,NA
2016,HZ_BR ,E_ZEH8 ,AA_0116 ,FALSE,1,NA,1,NA,1,1,NA,NA,NA,NA,NA,NA,NA,NA,NA,NA
2016,HZ_BR ,E_ZEH8 ,AA_0117 ,TRUE,1,NA,1,NA,1,1,NA,NA,NA,NA,NA,NA,NA,NA,NA,NA
2016,HZ_BR ,E_ZEH8 ,AA_0118 ,TRUE,1,NA,1,NA,1,1,NA,NA,NA,NA,NA,NA,NA,NA,NA,NA
2016,HZ_BR ,E_ZEH8 ,AA_0119 ,TRUE,1,NA,1,NA,1,1,NA,NA,NA,NA,NA,NA,NA,NA,NA,NA
2016,HZ_BR ,E_KIR1 ,AA_0120 ,TRUE,1,NA,1,NA,1,1,TRUE,FALSE,FALSE,NA,FALSE,NA,TRUE,TRUE,NA,NA
2016,HZ_BR ,E_KIR1 ,AA_0121 ,TRUE,1,NA,1,NA,1,1,TRUE,FALSE,FALSE,NA,FALSE,NA,TRUE,TRUE,NA,NA
2016,HZ_BR ,E_ZEH8 ,AA_0122 ,TRUE,1,NA,1,NA,1,1,NA,NA,NA,NA,NA,NA,NA,NA,NA,NA
2016,HZ_BR ,E_MIL1 ,AA_0123 ,TRUE,1,NA,1,NA,1,1,NA,NA,NA,NA,NA,NA,NA,NA,NA,NA
2016,HZ_BR ,E_MIL1 ,AA_0124 ,TRUE,1,NA,1,NA,1,1,NA,NA,NA,NA,NA,NA,NA,NA,NA,NA
2016,HZ_BR ,E_MIL1 ,AA_0125 ,TRUE,1,NA,1,NA,1,1,NA,NA,NA,NA,NA,NA,NA,NA,NA,NA
2016,HZ_BR ,E_KI13 ,AA_0126 ,FALSE,1,NA,1,NA,1,1,NA,NA,NA,NA,NA,NA,NA,NA,NA,NA
2016,HZ_BR ,E_RIB8 ,AA_0127 ,TRUE,1,NA,1,NA,1,1,NA,NA,NA,NA,NA,NA,NA,NA,NA,NA
2016,HZ_BR ,E_ALTE ,AA_0128 ,TRUE,1,NA,1,NA,1,1,NA,NA,NA,NA,NA,NA,NA,NA,NA,NA
2016,HZ_BR ,E_RIB8 ,AA_0129 ,TRUE,1,NA,1,NA,1,1,NA,NA,NA,NA,NA,NA,NA,NA,NA,NA
2016,HZ_BR ,E_EGS7 ,AA_0130 ,FALSE,1,NA,1,NA,1,1,NA,NA,NA,NA,NA,NA,NA,NA,NA,NA
2016,HZ_BR ,E_EGS7 ,AA_0131 ,FALSE,1,NA,1,NA,1,1,NA,NA,NA,NA,NA,NA,NA,NA,NA,NA
2016,HZ_BR ,E_EGS7 ,AA_0132 ,FALSE,1,NA,1,NA,1,1,NA,NA,NA,NA,NA,NA,NA,NA,NA,NA
2016,HZ_BR ,E_GUTS ,AA_0133 ,TRUE,1,NA,1,NA,1,1,NA,NA,NA,NA,NA,NA,NA,NA,NA,NA
2016,HZ_BR ,E_EGS7 ,AA_0134 ,FALSE,1,NA,1,NA,1,1,NA,NA,NA,NA,NA,NA,NA,NA,NA,NA
2016,HZ_BR ,E_EGS7 ,AA_0135 ,FALSE,1,NA,1,NA,1,1,NA,NA,NA,NA,NA,NA,NA,NA,NA,NA
2016,HZ_BR ,E_KI13 ,AA_0136 ,FALSE,1,NA,1,NA,1,1,NA,NA,NA,NA,NA,NA,NA,NA,NA,NA
2016,HZ_BR ,E_KI13 ,AA_0137 ,FALSE,1,NA,1,NA,1,1,TRUE,NA,TRUE,FALSE,FALSE,NA,FALSE,NA,NA,NA
2016,HZ_BR ,E_STE1 ,AA_0138 ,TRUE,1,NA,1,NA,1,1,NA,NA,NA,NA,NA,NA,NA,NA,NA,NA
2016,HZ_BR ,E_ANDE ,AA_0139 ,FALSE,1,NA,1,NA,1,1,TRUE,NA,TRUE,TRUE,TRUE,TRUE,TRUE,TRUE,NA,NA
2016,HZ_BR ,E_WILM ,AA_0140 ,TRUE,1,NA,1,NA,1,1,NA,NA,NA,NA,NA,NA,NA,NA,NA,NA
2016,HZ_BR ,E_WILM ,AA_0141 ,FALSE,1,NA,1,NA,1,1,NA,NA,NA,NA,NA,NA,NA,NA,NA,NA
2016,HZ_BR ,E_WILM ,AA_0142 ,TRUE,1,NA,1,NA,1,1,NA,NA,NA,NA,NA,NA,NA,NA,NA,NA
2016,HZ_BR ,E_MU14 ,AA_0143 ,TRUE,1,NA,1,NA,1,1,NA,NA,NA,NA,NA,NA,NA,NA,NA,NA
2016,HZ_BR ,E_LUDE ,AA_0144 ,TRUE,1,NA,1,NA,1,1,NA,NA,NA,NA,NA,NA,NA,NA,NA,NA
2016,HZ_BR ,E_WRI6 ,AA_0145 ,FALSE,1,NA,1,NA,1,1,NA,NA,NA,NA,NA,NA,NA,NA,NA,NA
2016,HZ_BR ,E_DU19 ,AA_0146 ,FALSE,1,NA,1,NA,1,1,NA,NA,NA,NA,NA,NA,NA,NA,NA,NA
2016,HZ_BR ,E_LUCK ,AA_0147 ,FALSE,1,NA,1,NA,1,1,NA,NA,NA,NA,NA,NA,NA,NA,NA,NA
2016,HZ_BR ,E_DU19 ,AA_0148 ,FALSE,1,NA,1,NA,1,1,NA,NA,NA,NA,NA,NA,NA,NA,NA,NA
2016,HZ_BR ,E_LUCK ,AA_0149 ,TRUE,1,NA,1,NA,1,1,NA,NA,NA,NA,NA,NA,NA,NA,NA,NA
2016,HZ_BR ,E_DU19 ,AA_0150 ,FALSE,1,NA,1,NA,1,1,NA,NA,NA,NA,NA,NA,NA,NA,NA,NA
2016,HZ_BR ,E_DU19 ,AA_0151 ,FALSE,1,NA,1,NA,1,1,NA,NA,NA,NA,NA,NA,NA,NA,NA,NA
2016,HZ_BR ,E_DU19 ,AA_0152 ,TRUE,1,NA,1,NA,1,1,NA,NA,NA,NA,NA,NA,NA,NA,NA,NA
2016,HZ_BR ,E_DU19 ,AA_0153 ,FALSE,1,NA,1,NA,1,1,NA,NA,NA,NA,NA,NA,NA,NA,NA,NA
2016,HZ_BR ,E_DU19 ,AA_0154 ,TRUE,1,NA,1,NA,1,1,NA,NA,NA,NA,NA,NA,NA,NA,NA,NA
2016,HZ_BR ,E_DU19 ,AA_0155 ,FALSE,1,NA,1,NA,1,1,NA,NA,NA,NA,NA,NA,NA,NA,NA,NA
2016,HZ_BR ,E_DU19 ,AA_0156 ,FALSE,1,NA,1,NA,1,1,NA,NA,NA,NA,NA,NA,NA,NA,NA,NA
2016,HZ_BR ,E_DU19 ,AA_0157 ,TRUE,1,NA,1,NA,1,1,NA,NA,NA,NA,NA,NA,NA,NA,NA,NA
2016,HZ_BR ,E_DU19 ,AA_0158 ,FALSE,1,NA,1,NA,1,1,NA,NA,NA,NA,NA,NA,NA,NA,NA,NA
2016,HZ_BR ,E_DU19 ,AA_0159 ,FALSE,1,NA,1,NA,1,1,NA,NA,NA,NA,NA,NA,NA,NA,NA,NA
2016,HZ_BR ,E_DU19 ,AA_0160 ,FALSE,1,NA,1,NA,1,1,NA,NA,NA,NA,NA,NA,NA,NA,NA,NA
2016,HZ_BR ,E_DORW ,AA_0161 ,TRUE,1,NA,1,NA,1,1,NA,NA,NA,NA,NA,NA,NA,NA,NA,NA
2016,HZ_BR ,E_DORW ,AA_0162 ,FALSE,1,NA,1,NA,1,1,NA,NA,NA,NA,NA,NA,NA,NA,NA,NA
2016,HZ_BR ,E_DORW ,AA_0163 ,FALSE,1,NA,1,NA,1,1,NA,NA,NA,NA,NA,NA,NA,NA,NA,NA
2016,HZ_BR ,E_HIND ,AA_0164 ,FALSE,1,NA,1,NA,1,1,NA,NA,NA,NA,NA,NA,NA,NA,NA,NA
2016,HZ_BR ,E_HIND ,AA_0165 ,FALSE,1,NA,1,NA,1,1,TRUE,NA,TRUE,TRUE,TRUE,TRUE,TRUE,TRUE,NA,NA
2016,HZ_BR ,E_HIND ,AA_0166 ,TRUE,1,NA,1,NA,1,1,NA,NA,NA,NA,NA,NA,NA,NA,NA,NA
2016,HZ_BR ,E_HIND ,AA_0167 ,TRUE,1,NA,1,NA,1,1,TRUE,NA,FALSE,NA,FALSE,NA,FALSE,NA,NA,NA
2016,HZ_BR ,E_HIND ,AA_0168 ,TRUE,1,NA,1,NA,1,1,NA,NA,NA,NA,NA,NA,NA,NA,NA,NA
2016,HZ_BR ,E_HIND ,AA_0169 ,TRUE,1,NA,1,NA,1,1,TRUE,NA,TRUE,TRUE,TRUE,TRUE,TRUE,TRUE,NA,NA
2016,HZ_BR ,E_HIND ,AA_0170 ,TRUE,1,NA,1,NA,1,1,NA,NA,NA,NA,NA,NA,NA,NA,NA,NA
2016,HZ_BR ,E_HIND ,AA_0171 ,TRUE,1,NA,1,NA,1,1,NA,NA,NA,NA,NA,NA,NA,NA,NA,NA
2016,HZ_BR ,E_HIND ,AA_0172 ,TRUE,1,NA,1,NA,1,1,NA,NA,NA,NA,NA,NA,NA,NA,NA,NA
2016,HZ_BR ,E_DOB1 ,AA_0173 ,TRUE,1,NA,1,NA,1,1,TRUE,NA,TRUE,FALSE,TRUE,TRUE,TRUE,TRUE,NA,NA
2016,HZ_BR ,E_HIND ,AA_0174 ,TRUE,1,NA,1,NA,1,1,NA,NA,NA,NA,NA,NA,NA,NA,NA,NA
2016,HZ_BR ,E_HIND ,AA_0175 ,TRUE,1,NA,1,NA,1,1,NA,NA,NA,NA,NA,NA,NA,NA,NA,NA
2016,HZ_BR ,E_HIND ,AA_0176 ,TRUE,1,NA,1,NA,1,1,NA,NA,NA,NA,NA,NA,NA,NA,NA,NA
2016,HZ_BR ,STEG1 ,AA_0177 ,FALSE,1,NA,1,NA,1,1,NA,NA,NA,NA,NA,NA,NA,NA,NA,NA
2016,HZ_BR ,E_GERS ,AA_0178 ,FALSE,1,NA,1,NA,1,1,NA,NA,NA,NA,NA,NA,NA,NA,NA,NA
2016,HZ_BR ,E_GERS ,AA_0179 ,FALSE,1,NA,1,NA,1,1,TRUE,NA,TRUE,FALSE,FALSE,NA,FALSE,NA,NA,NA
2016,HZ_BR ,E_ZOOT ,AA_0180 ,FALSE,1,NA,1,NA,1,1,NA,NA,NA,NA,NA,NA,NA,NA,NA,NA
2016,HZ_BR ,E_ZOOT ,AA_0181 ,TRUE,1,NA,1,NA,1,1,NA,NA,NA,NA,NA,NA,NA,NA,NA,NA
2016,HZ_BR ,E_NE20 ,AA_0182 ,FALSE,1,NA,1,NA,1,1,NA,NA,NA,NA,NA,NA,NA,NA,NA,NA
2016,HZ_BR ,E_ZOOT ,AA_0183 ,TRUE,1,NA,1,NA,1,1,NA,NA,NA,NA,NA,NA,NA,NA,NA,NA
2016,HZ_BR ,E_ZOOT ,AA_0184 ,TRUE,1,NA,1,NA,1,1,TRUE,NA,FALSE,NA,FALSE,NA,FALSE,NA,NA,NA
2016,HZ_BR ,DOBB8 ,AA_0185 ,TRUE,1,NA,1,NA,1,1,NA,NA,NA,NA,NA,NA,NA,NA,NA,NA
2016,HZ_BR ,DOBB8 ,AA_0186 ,TRUE,1,NA,1,NA,1,1,TRUE,NA,FALSE,NA,FALSE,NA,FALSE,NA,NA,NA
2016,HZ_BR ,DOBB8 ,AA_0187 ,TRUE,1,NA,1,NA,1,1,NA,NA,NA,NA,NA,NA,NA,NA,NA,NA
2016,HZ_BR ,DOBB8 ,AA_0188 ,TRUE,1,NA,1,NA,1,1,NA,NA,NA,NA,NA,NA,NA,NA,NA,NA
2016,HZ_BR ,DOBB8 ,AA_0189 ,TRUE,1,NA,1,NA,1,1,TRUE,NA,FALSE,NA,FALSE,NA,FALSE,NA,NA,NA
2016,HZ_BR ,E_HIND ,AA_0190 ,TRUE,1,NA,1,NA,1,1,NA,NA,NA,NA,NA,NA,NA,NA,NA,NA
2016,HZ_BR ,E_DOB1 ,AA_0191 ,TRUE,1,NA,1,NA,1,1,TRUE,NA,FALSE,NA,FALSE,NA,FALSE,NA,NA,NA
2016,HZ_BR ,E_MA20 ,AA_0192 ,TRUE,1,NA,1,NA,1,1,NA,NA,NA,NA,NA,NA,NA,NA,NA,NA
2016,HZ_BR ,E_MA20 ,AA_0193 ,TRUE,1,NA,1,NA,1,1,NA,NA,NA,NA,NA,NA,NA,NA,NA,NA
2016,HZ_BR ,E_MA20 ,AA_0194 ,TRUE,1,NA,1,NA,1,1,NA,NA,NA,NA,NA,NA,NA,NA,NA,NA
2016,HZ_BR ,E_MA20 ,AA_0195 ,TRUE,1,NA,1,NA,1,1,NA,NA,NA,NA,NA,NA,NA,NA,NA,NA
2016,HZ_BR ,E_AD23 ,AA_0196 ,TRUE,1,NA,1,NA,NA,NA,NA,NA,NA,NA,NA,NA,NA,NA,NA,NA
2016,HZ_BR ,E_MA20 ,AA_0197 ,TRUE,1,NA,1,NA,1,1,NA,NA,NA,NA,NA,NA,NA,NA,NA,NA
2016,HZ_BR ,E_AMR1 ,AA_0198 ,FALSE,1,NA,1,NA,1,1,NA,NA,NA,NA,NA,NA,NA,NA,NA,NA
2016,HZ_BR ,E_AD23 ,AA_0199 ,TRUE,1,NA,1,NA,1,1,TRUE,NA,TRUE,FALSE,FALSE,NA,FALSE,NA,NA,NA
2016,HZ_BR ,E_AD23 ,AA_0200 ,TRUE,1,NA,1,NA,1,1,NA,NA,NA,NA,NA,NA,NA,NA,NA,NA
2016,HZ_BR ,E_AD23 ,AA_0201 ,TRUE,1,NA,1,NA,1,1,NA,NA,NA,NA,NA,NA,NA,NA,NA,NA
2016,HZ_BR ,E_AD23 ,AA_0202 ,TRUE,1,NA,1,NA,1,1,NA,NA,NA,NA,NA,NA,NA,NA,NA,NA
2016,HZ_BR ,E_ST18 ,AA_0203 ,TRUE,1,NA,1,NA,1,1,NA,NA,NA,NA,NA,NA,NA,NA,NA,NA
2016,HZ_BR ,E_AD23 ,AA_0204 ,TRUE,1,NA,1,NA,1,1,TRUE,NA,FALSE,NA,FALSE,NA,FALSE,NA,NA,NA
2016,HZ_BR ,E_ST18 ,AA_0205 ,FALSE,1,NA,1,NA,1,NA,NA,NA,NA,NA,NA,NA,NA,NA,NA,NA
2016,HZ_BR ,E_AD23 ,AA_0206 ,TRUE,1,NA,1,NA,1,1,NA,NA,NA,NA,NA,NA,NA,NA,NA,NA
2016,HZ_BR ,E_MO12 ,AA_0207 ,TRUE,1,NA,1,NA,1,1,TRUE,NA,FALSE,NA,FALSE,NA,FALSE,NA,NA,NA
2016,HZ_BR ,E_ST18 ,AA_0208 ,TRUE,1,NA,1,NA,1,1,NA,NA,NA,NA,NA,NA,NA,NA,NA,NA
2016,HZ_BR ,E_MO12 ,AA_0209 ,FALSE,1,NA,1,NA,1,1,NA,NA,NA,NA,NA,NA,NA,NA,NA,NA
2016,HZ_BR ,LETS38 ,AA_0210 ,TRUE,1,NA,1,NA,1,1,NA,NA,NA,NA,NA,NA,NA,NA,NA,NA
2016,HZ_BR ,E_MA20 ,AA_0211 ,TRUE,1,NA,1,NA,1,1,TRUE,NA,FALSE,NA,FALSE,NA,FALSE,NA,NA,NA
